version 2
JvmtiExport can_access_local_variables 0
JvmtiExport can_hotswap_or_post_breakpoint 0
JvmtiExport can_post_on_exceptions 0
# 260 ciObject found
instanceKlass org/apache/kafka/common/protocol/Readable
ciInstanceKlass java/lang/Cloneable 1 0 7 100 1 100 1 1 1
instanceKlass  @bci org/apache/kafka/storage/internals/log/ProducerStateManager removeExpiredProducers (J)V 113 <appendix> member <vmtarget> ; # org/apache/kafka/storage/internals/log/ProducerStateManager$$Lambda+0x00000219014cb8f0
instanceKlass  @cpi org/apache/kafka/storage/internals/log/ProducerStateManager 793 form vmentry <vmtarget> ; # java/lang/invoke/LambdaForm$DMH+0x00000219014cac00
instanceKlass  @bci org/apache/kafka/storage/internals/log/ProducerStateManager removeExpiredProducers (J)V 79 <appendix> argL0 ; # org/apache/kafka/storage/internals/log/ProducerStateManager$$Lambda+0x00000219014cb6c0
instanceKlass  @bci org/apache/kafka/storage/internals/log/ProducerStateManager removeExpiredProducers (J)V 69 <appendix> member <vmtarget> ; # org/apache/kafka/storage/internals/log/ProducerStateManager$$Lambda+0x00000219014cb478
instanceKlass  @bci org/apache/kafka/storage/internals/log/ProducerStateManager removeExpiredProducers (J)V 26 <appendix> argL0 ; # org/apache/kafka/storage/internals/log/ProducerStateManager$$Lambda+0x00000219014cb248
instanceKlass  @bci org/apache/kafka/storage/internals/log/ProducerStateManager removeExpiredProducers (J)V 16 <appendix> member <vmtarget> ; # org/apache/kafka/storage/internals/log/ProducerStateManager$$Lambda+0x00000219014cb000
instanceKlass  @bci kafka/network/ConnectionQuotas dec (Lorg/apache/kafka/common/network/ListenerName;Ljava/net/InetAddress;)V 13 <appendix> member <vmtarget> ; # kafka/network/ConnectionQuotas$$Lambda+0x00000219014cfbd8
instanceKlass  @bci kafka/network/Processor $anonfun$processDisconnected$1 (Lkafka/network/Processor;Ljava/lang/String;)V 35 <appendix> member <vmtarget> ; # kafka/network/Processor$$Lambda+0x00000219014cf818
instanceKlass  @bci kafka/network/Processor $anonfun$processDisconnected$1 (Lkafka/network/Processor;Ljava/lang/String;)V 9 <appendix> member <vmtarget> ; # kafka/network/Processor$$Lambda+0x00000219014cf568
instanceKlass  @bci kafka/network/Processor$ConnectionId$ $anonfun$fromString$1 (Lkafka/network/Processor$ConnectionId$;Ljava/lang/String;Ljava/lang/String;Lscala/Tuple2;)Lscala/Option; 32 <adapter> ; # java/lang/invoke/LambdaForm$MH+0x00000219014ca800
# instanceKlass java/lang/invoke/LambdaForm$DMH+0x00000219014ca400
instanceKlass  @bci kafka/network/Processor$ConnectionId$ $anonfun$fromString$1 (Lkafka/network/Processor$ConnectionId$;Ljava/lang/String;Ljava/lang/String;Lscala/Tuple2;)Lscala/Option; 32 <appendix> form vmentry <vmtarget> ; # java/lang/invoke/LambdaForm$DMH+0x00000219014ca000
instanceKlass  @bci kafka/network/Processor$ConnectionId$ $anonfun$fromString$1 (Lkafka/network/Processor$ConnectionId$;Ljava/lang/String;Ljava/lang/String;Lscala/Tuple2;)Lscala/Option; 32 <appendix> member <vmtarget> ; # kafka/network/Processor$ConnectionId$$$Lambda+0x00000219014cf1a8
instanceKlass  @cpi kafka/network/Processor$ConnectionId$ 193 form vmentry <vmtarget> ; # java/lang/invoke/LambdaForm$DMH+0x00000219014c9c00
instanceKlass  @bci kafka/network/Processor$ConnectionId$ fromString (Ljava/lang/String;)Lscala/Option; 130 <appendix> member <vmtarget> ; # kafka/network/Processor$ConnectionId$$$Lambda+0x00000219014cede8
instanceKlass kafka/cluster/BrokerEndPoint$
instanceKlass kafka/network/Processor$ConnectionId$
# instanceKlass java/lang/invoke/LambdaForm$DMH+0x00000219014c9800
instanceKlass  @bci kafka/log/LogManager $anonfun$checkpointRecoveryOffsetsInDir$1 (Lscala/collection/Map;Lkafka/server/checkpoints/OffsetCheckpointFile;)V 1 <appendix> argL0 ; # kafka/log/LogManager$$Lambda+0x00000219014cca28
instanceKlass  @bci kafka/log/LogManager checkpointRecoveryOffsetsInDir (Ljava/io/File;Lscala/collection/Map;)V 11 <appendix> member <vmtarget> ; # kafka/log/LogManager$$Lambda+0x00000219014cc668
# instanceKlass java/lang/invoke/LambdaForm$MH+0x00000219014c9400
instanceKlass  @bci kafka/log/LogManager checkpointLogStartOffsetsInDir (Ljava/io/File;Lscala/collection/Map;)V 11 <appendix> member <vmtarget> ; # kafka/log/LogManager$$Lambda+0x00000219014cc2a8
instanceKlass  @bci kafka/log/LogManager cleanupLogs ()V 142 <adapter> ; # java/lang/invoke/LambdaForm$MH+0x00000219014c9000
# instanceKlass java/lang/invoke/LambdaForm$DMH+0x00000219014c8c00
# instanceKlass kafka/log/LogManager$$Lambda+0x00000219014cc000
# instanceKlass java/lang/invoke/LambdaForm$DMH+0x00000219014c8800
instanceKlass  @bci kafka/log/LogManager logsInDir (Lscala/collection/Map;Ljava/io/File;)Lscala/collection/Map; 5 <appendix> argL0 ; # kafka/log/LogManager$$Lambda+0x00000219014c1bc0
# instanceKlass java/lang/invoke/LambdaForm$DMH+0x00000219014c8400
instanceKlass  @bci kafka/log/LogManager cleanupLogs ()V 142 <appendix> form vmentry <vmtarget> ; # java/lang/invoke/LambdaForm$DMH+0x00000219014c8000
instanceKlass  @bci kafka/log/LogManager checkpointLogRecoveryOffsets ()V 11 <appendix> member <vmtarget> ; # kafka/log/LogManager$$Lambda+0x00000219014c1800
instanceKlass  @bci kafka/log/LogManager checkpointLogStartOffsets ()V 11 <appendix> member <vmtarget> ; # kafka/log/LogManager$$Lambda+0x00000219014c39c0
instanceKlass  @bci kafka/log/LogManager $anonfun$flushDirtyLogs$3 (Lkafka/log/LogManager;Lscala/Tuple2;)V 41 <appendix> member <vmtarget> ; # kafka/log/LogManager$$Lambda+0x00000219014c3708
instanceKlass  @bci kafka/log/LogManager cleanupLogs ()V 142 <appendix> member <vmtarget> ; # kafka/log/LogManager$$Lambda+0x00000219014c3450
# instanceKlass kafka/log/LogManager$$Lambda+0x00000219014c2eb0
instanceKlass  @bci kafka/log/LogManager logsByDir ()Lscala/collection/Map; 26 <appendix> member <vmtarget> ; # kafka/log/LogManager$$Lambda+0x00000219014c2910
instanceKlass  @cpi kafka/log/LogManager 2181 form vmentry <vmtarget> ; # java/lang/invoke/LambdaForm$DMH+0x00000219014c1400
instanceKlass  @bci kafka/log/LogManager flushDirtyLogs ()V 40 <appendix> member <vmtarget> ; # kafka/log/LogManager$$Lambda+0x00000219014c2550
# instanceKlass kafka/log/LogManager$$Lambda+0x00000219014c22a8
instanceKlass  @bci kafka/log/LogManager addToDir$1 (Lorg/apache/kafka/common/TopicPartition;Lkafka/log/UnifiedLog;Lscala/collection/mutable/AnyRefMap;)V 5 <appendix> argL0 ; # kafka/log/LogManager$$Lambda+0x00000219014c2000
instanceKlass  @bci kafka/log/LogCleanerManager $anonfun$resumeCleaning$1 (Lkafka/log/LogCleanerManager;Lscala/collection/Iterable;)V 2 <appendix> member <vmtarget> ; # kafka/log/LogCleanerManager$$Lambda+0x00000219014c7ab8
instanceKlass  @bci kafka/log/LogManager flushDirtyLogs ()V 29 <appendix> argL0 ; # kafka/log/LogManager$$Lambda+0x00000219014c7700
# instanceKlass kafka/utils/Pool$$Lambda+0x00000219014c74d8
instanceKlass  @bci kafka/utils/Pool foreachEntry (Lscala/Function2;)V 5 <appendix> member <vmtarget> ; # kafka/utils/Pool$$Lambda+0x00000219014c72b0
instanceKlass  @bci kafka/log/LogManager cleanupLogs ()V 122 <appendix> argL0 ; # kafka/log/LogManager$$Lambda+0x00000219014c6ef8
instanceKlass  @bci kafka/log/LogManager flushDirtyLogs ()V 1 <appendix> argL0 ; # kafka/log/LogManager$$Lambda+0x00000219014c6c50
# instanceKlass kafka/log/LogManager$$Lambda+0x00000219014c66b0
instanceKlass  @bci kafka/log/LogManager logsByDir ()Lscala/collection/Map; 13 <appendix> member <vmtarget> ; # kafka/log/LogManager$$Lambda+0x00000219014c6110
instanceKlass  @bci kafka/log/LogManager deleteLogs ()V 183 <appendix> member <vmtarget> ; # kafka/log/LogManager$$Lambda+0x00000219014c5ef8
instanceKlass kafka/log/RetentionMsBreach
instanceKlass  @bci kafka/log/UnifiedLog deleteRetentionMsBreachedSegments ()I 33 <appendix> form vmentry <vmtarget> ; # java/lang/invoke/LambdaForm$DMH+0x00000219014c1000
instanceKlass  @bci kafka/log/UnifiedLog deleteRetentionMsBreachedSegments ()I 33 <appendix> member <vmtarget> ; # kafka/log/UnifiedLog$$Lambda+0x00000219014c5678
instanceKlass  @cpi kafka/log/UnifiedLog 2369 form vmentry <vmtarget> ; # java/lang/invoke/LambdaForm$DMH+0x00000219014c0c00
instanceKlass  @bci kafka/log/UnifiedLog shouldDelete$3 (Lorg/apache/kafka/storage/internals/log/LogSegment;Lscala/Option;)Z 2 <appendix> member <vmtarget> ; # kafka/log/UnifiedLog$$Lambda+0x00000219014c52b8
instanceKlass kafka/log/StartOffsetBreach
instanceKlass  @bci kafka/log/UnifiedLog deleteLogStartOffsetBreachedSegments ()I 1 <appendix> member <vmtarget> ; # kafka/log/UnifiedLog$$Lambda+0x00000219014c4a30
instanceKlass  @bci kafka/log/LogManager $anonfun$cleanupLogs$3 (Lkafka/log/LogManager;Lscala/runtime/IntRef;Lscala/Tuple2;)V 24 <appendix> member <vmtarget> ; # kafka/log/LogManager$$Lambda+0x00000219014c4780
instanceKlass  @bci kafka/log/LogManager cleanupLogs ()V 62 <appendix> member <vmtarget> ; # kafka/log/LogManager$$Lambda+0x00000219014c43c0
instanceKlass kafka/log/LogCleaningPaused
instanceKlass  @bci kafka/log/LogCleanerManager $anonfun$pauseCleaningForNonCompactedPartitions$1 (Lkafka/log/LogCleanerManager;)Lscala/collection/Iterable; 32 <appendix> member <vmtarget> ; # kafka/log/LogCleanerManager$$Lambda+0x00000219014c4000
instanceKlass  @bci kafka/log/LogCleanerManager $anonfun$pauseCleaningForNonCompactedPartitions$1 (Lkafka/log/LogCleanerManager;)Lscala/collection/Iterable; 16 <appendix> member <vmtarget> ; # kafka/log/LogCleanerManager$$Lambda+0x00000219014bb930
instanceKlass  @bci kafka/log/LogCleanerManager $anonfun$pauseCleaningForNonCompactedPartitions$1 (Lkafka/log/LogCleanerManager;)Lscala/collection/Iterable; 4 <appendix> argL0 ; # kafka/log/LogCleanerManager$$Lambda+0x00000219014bb578
instanceKlass  @bci kafka/log/LogManager cleanupLogs ()V 1 <appendix> argL0 ; # kafka/log/LogManager$$Lambda+0x00000219014bb2d0
instanceKlass  @bci kafka/cluster/Partition getOutOfSyncReplicas (J)Lscala/collection/immutable/Set; 65 <adapter> ; # java/lang/invoke/LambdaForm$MH+0x00000219014c0800
# instanceKlass java/lang/invoke/LambdaForm$DMH+0x00000219014c0400
instanceKlass  @bci kafka/cluster/Partition getOutOfSyncReplicas (J)Lscala/collection/immutable/Set; 65 <appendix> form vmentry <vmtarget> ; # java/lang/invoke/LambdaForm$DMH+0x00000219014c0000
instanceKlass  @bci kafka/cluster/Partition getOutOfSyncReplicas (J)Lscala/collection/immutable/Set; 65 <appendix> member <vmtarget> ; # kafka/cluster/Partition$$Lambda+0x00000219014baef0
instanceKlass  @cpi kafka/cluster/Partition 1522 form vmentry <vmtarget> ; # java/lang/invoke/LambdaForm$DMH+0x00000219014b9c00
instanceKlass  @bci kafka/cluster/Partition needsShrinkIsr ()Z 5 <appendix> member <vmtarget> ; # kafka/cluster/Partition$$Lambda+0x00000219014bab30
instanceKlass  @bci kafka/server/ReplicaManager $anonfun$maybeShrinkIsr$2 (Lkafka/server/ReplicaManager;Lorg/apache/kafka/common/TopicPartition;)V 5 <appendix> argL0 ; # kafka/server/ReplicaManager$$Lambda+0x00000219014ba778
instanceKlass  @bci kafka/log/LogCleanerManager $anonfun$maintainUncleanablePartitions$1 (Lkafka/log/LogCleanerManager;)V 44 <appendix> member <vmtarget> ; # kafka/log/LogCleanerManager$$Lambda+0x00000219014ba3b8
instanceKlass  @bci kafka/log/LogCleanerManager $anonfun$maintainUncleanablePartitions$1 (Lkafka/log/LogCleanerManager;)V 22 <appendix> argL0 ; # kafka/log/LogCleanerManager$$Lambda+0x00000219014ba000
instanceKlass  @bci kafka/log/LogCleanerManager $anonfun$maintainUncleanablePartitions$1 (Lkafka/log/LogCleanerManager;)V 8 <appendix> member <vmtarget> ; # kafka/log/LogCleanerManager$$Lambda+0x00000219014bfb00
instanceKlass  @bci kafka/coordinator/transaction/TransactionCoordinator abortTimedOutTransactions (Lscala/Function1;)V 9 <appendix> member <vmtarget> ; # kafka/coordinator/transaction/TransactionCoordinator$$Lambda+0x00000219014bf740
instanceKlass  @bci kafka/coordinator/transaction/TransactionStateManager $anonfun$timedOutTransactions$1 (Lkafka/coordinator/transaction/TransactionStateManager;J)Lscala/collection/mutable/Iterable; 5 <appendix> member <vmtarget> ; # kafka/coordinator/transaction/TransactionStateManager$$Lambda+0x00000219014bf388
instanceKlass  @bci kafka/coordinator/transaction/TransactionCoordinator $anonfun$startup$2 (Lkafka/coordinator/transaction/TransactionCoordinator;)V 2 <appendix> member <vmtarget> ; # kafka/coordinator/transaction/TransactionCoordinator$$Lambda+0x00000219014befc8
instanceKlass kafka/coordinator/transaction/TransactionalIdAndProducerIdEpoch
instanceKlass  @bci kafka/controller/KafkaController $anonfun$checkAndTriggerAutoLeaderRebalance$5 (Lkafka/controller/KafkaController;ILscala/collection/Map;)Ljava/lang/Object; 49 <adapter> ; # java/lang/invoke/LambdaForm$MH+0x00000219014b9800
# instanceKlass java/lang/invoke/LambdaForm$DMH+0x00000219014b9400
instanceKlass  @bci kafka/controller/KafkaController $anonfun$checkAndTriggerAutoLeaderRebalance$5 (Lkafka/controller/KafkaController;ILscala/collection/Map;)Ljava/lang/Object; 49 <appendix> form vmentry <vmtarget> ; # java/lang/invoke/LambdaForm$DMH+0x00000219014b9000
instanceKlass  @bci kafka/controller/KafkaController $anonfun$checkAndTriggerAutoLeaderRebalance$5 (Lkafka/controller/KafkaController;ILscala/collection/Map;)Ljava/lang/Object; 49 <appendix> member <vmtarget> ; # kafka/controller/KafkaController$$Lambda+0x00000219014bea48
instanceKlass  @cpi kafka/controller/KafkaController 4911 form vmentry <vmtarget> ; # java/lang/invoke/LambdaForm$DMH+0x00000219014b8c00
instanceKlass  @bci kafka/controller/KafkaController $anonfun$checkAndTriggerAutoLeaderRebalance$5 (Lkafka/controller/KafkaController;ILscala/collection/Map;)Ljava/lang/Object; 20 <appendix> member <vmtarget> ; # kafka/controller/KafkaController$$Lambda+0x00000219014be798
instanceKlass  @bci kafka/controller/KafkaController $anonfun$checkAndTriggerAutoLeaderRebalance$6 (Lkafka/controller/KafkaController;ILscala/Tuple2;)Z 21 <appendix> member <vmtarget> ; # kafka/controller/KafkaController$$Lambda+0x00000219014be3e0
instanceKlass  @bci kafka/controller/KafkaController $anonfun$checkAndTriggerAutoLeaderRebalance$5 (Lkafka/controller/KafkaController;ILscala/collection/Map;)Ljava/lang/Object; 3 <appendix> member <vmtarget> ; # kafka/controller/KafkaController$$Lambda+0x00000219014be020
instanceKlass  @bci kafka/controller/KafkaController checkAndTriggerAutoLeaderRebalance ()V 83 <appendix> member <vmtarget> ; # kafka/controller/KafkaController$$Lambda+0x00000219014bda80
instanceKlass  @bci kafka/controller/KafkaController checkAndTriggerAutoLeaderRebalance ()V 75 <appendix> member <vmtarget> ; # kafka/controller/KafkaController$$Lambda+0x00000219014bd4e0
instanceKlass  @bci kafka/controller/KafkaController checkAndTriggerAutoLeaderRebalance ()V 55 <appendix> argL0 ; # kafka/controller/KafkaController$$Lambda+0x00000219014bd128
instanceKlass  @bci kafka/controller/KafkaController checkAndTriggerAutoLeaderRebalance ()V 31 <appendix> member <vmtarget> ; # kafka/controller/KafkaController$$Lambda+0x00000219014bcd68
instanceKlass  @bci kafka/controller/KafkaController checkAndTriggerAutoLeaderRebalance ()V 17 <appendix> member <vmtarget> ; # kafka/controller/KafkaController$$Lambda+0x00000219014bc9a8
instanceKlass  @bci kafka/controller/KafkaController checkAndTriggerAutoLeaderRebalance ()V 1 <appendix> argL0 ; # kafka/controller/KafkaController$$Lambda+0x00000219014bc700
instanceKlass  @bci kafka/controller/KafkaController processAutoPreferredReplicaLeaderElection ()V 9 <appendix> argL0 ; # kafka/controller/KafkaController$$Lambda+0x00000219014bc458
instanceKlass  @bci org/apache/kafka/server/util/timer/SystemTimer advanceClock (J)Z 43 <appendix> member <vmtarget> ; # org/apache/kafka/server/util/timer/SystemTimer$$Lambda+0x00000219014bc230
instanceKlass  @bci org/apache/kafka/storage/internals/epoch/LeaderEpochFileCache earliestEntry ()Ljava/util/Optional; 20 <appendix> argL0 ; # org/apache/kafka/storage/internals/epoch/LeaderEpochFileCache$$Lambda+0x00000219014bc000
instanceKlass  @bci kafka/log/UnifiedLog $anonfun$fetchOffsetByTimestamp$2 (Lkafka/log/UnifiedLog;JLscala/Option;)Lscala/Option; 163 <appendix> argL0 ; # kafka/log/UnifiedLog$$Lambda+0x00000219014b3d00
instanceKlass  @bci kafka/log/UnifiedLog $anonfun$fetchOffsetByTimestamp$2 (Lkafka/log/UnifiedLog;JLscala/Option;)Lscala/Option; 2 <appendix> member <vmtarget> ; # kafka/log/UnifiedLog$$Lambda+0x00000219014b3a58
instanceKlass  @bci kafka/cluster/Partition getOffsetByTimestamp$1 (JLscala/Option;)Lscala/Option; 20 <adapter> ; # java/lang/invoke/LambdaForm$MH+0x00000219014b8800
# instanceKlass java/lang/invoke/LambdaForm$DMH+0x00000219014b8400
instanceKlass  @bci kafka/cluster/Partition getOffsetByTimestamp$1 (JLscala/Option;)Lscala/Option; 20 <appendix> form vmentry <vmtarget> ; # java/lang/invoke/LambdaForm$DMH+0x00000219014b8000
instanceKlass  @bci kafka/cluster/Partition getOffsetByTimestamp$1 (JLscala/Option;)Lscala/Option; 20 <appendix> member <vmtarget> ; # kafka/cluster/Partition$$Lambda+0x00000219014b3698
instanceKlass  @cpi kafka/cluster/Partition 3268 form vmentry <vmtarget> ; # java/lang/invoke/LambdaForm$DMH+0x00000219014b1c00
instanceKlass kafka/server/IncrementalFetchContext$
instanceKlass  @bci kafka/server/IncrementalFetchContext updateAndGenerateResponseData (Ljava/util/LinkedHashMap;)Lorg/apache/kafka/common/requests/FetchResponse; 107 <appendix> member <vmtarget> ; # kafka/server/IncrementalFetchContext$$Lambda+0x00000219014b31f0
instanceKlass kafka/server/IncrementalFetchContext$PartitionIterator
instanceKlass  @bci kafka/server/DelayedFetch onComplete ()V 36 <appendix> member <vmtarget> ; # kafka/server/DelayedFetch$$Lambda+0x00000219014b2ba8
instanceKlass  @bci kafka/server/DelayedFetch onComplete ()V 4 <appendix> argL0 ; # kafka/server/DelayedFetch$$Lambda+0x00000219014b27f0
instanceKlass java/util/concurrent/ConcurrentLinkedQueue$Itr
instanceKlass  @bci kafka/server/DelayedOperationPurgatory $anonfun$tryCompleteElseWatch$2 (Lkafka/server/DelayedOperationPurgatory;Lscala/collection/Seq;Lkafka/server/DelayedOperation;)V 3 <appendix> member <vmtarget> ; # kafka/server/DelayedOperationPurgatory$$Lambda+0x00000219014b2430
instanceKlass  @bci kafka/server/DelayedFetch $anonfun$tryComplete$1 (Lkafka/server/DelayedFetch;Ljava/lang/Object;Lscala/runtime/IntRef;Lscala/Tuple2;)V 389 <appendix> member <vmtarget> ; # kafka/server/DelayedFetch$$Lambda+0x00000219014b2208
instanceKlass  @cpi kafka/server/DelayedFetch 489 form vmentry <vmtarget> ; # java/lang/invoke/LambdaForm$DMH+0x00000219014b1800
instanceKlass org/apache/kafka/storage/internals/log/LogOffsetSnapshot
instanceKlass  @bci kafka/server/DelayedFetch tryComplete ()Z 20 <appendix> member <vmtarget> ; # kafka/server/DelayedFetch$$Lambda+0x00000219014b7a78
instanceKlass  @bci kafka/server/DelayedOperationPurgatory tryCompleteElseWatch (Lkafka/server/DelayedOperation;Lscala/collection/Seq;)Z 21 <appendix> member <vmtarget> ; # kafka/server/DelayedOperationPurgatory$$Lambda+0x00000219014b77a8
instanceKlass  @bci kafka/server/DelayedOperationPurgatory tryCompleteElseWatch (Lkafka/server/DelayedOperation;Lscala/collection/Seq;)Z 9 <appendix> argL0 ; # kafka/server/DelayedOperationPurgatory$$Lambda+0x00000219014b7500
instanceKlass  @bci kafka/server/ReplicaManager fetchMessages (Lorg/apache/kafka/storage/internals/log/FetchParams;Lscala/collection/Seq;Lkafka/server/ReplicaQuota;Lscala/Function1;)V 312 <appendix> argL0 ; # kafka/server/ReplicaManager$$Lambda+0x00000219014b7148
instanceKlass  @bci kafka/server/DelayedOperation <init> (JLscala/Option;)V 23 <appendix> argL0 ; # kafka/server/DelayedOperation$$Lambda+0x00000219014b6ea0
instanceKlass kafka/server/DelayedOperation$
instanceKlass kafka/server/FetchPartitionStatus
instanceKlass  @bci kafka/server/ReplicaManager $anonfun$fetchMessages$3 (Lscala/collection/mutable/HashMap;Lscala/collection/mutable/ArrayBuffer;Lscala/Tuple2;)V 30 <appendix> member <vmtarget> ; # kafka/server/ReplicaManager$$Lambda+0x00000219014b6620
instanceKlass  @bci kafka/server/ReplicaManager fetchMessages (Lorg/apache/kafka/storage/internals/log/FetchParams;Lscala/collection/Seq;Lkafka/server/ReplicaQuota;Lscala/Function1;)V 190 <appendix> member <vmtarget> ; # kafka/server/ReplicaManager$$Lambda+0x00000219014b6260
instanceKlass  @bci kafka/server/IncrementalFetchContext foreachPartition (Lscala/Function2;)V 16 <appendix> member <vmtarget> ; # kafka/server/IncrementalFetchContext$$Lambda+0x00000219014b6038
instanceKlass kafka/server/IncrementalFetchContext
instanceKlass  @bci kafka/server/FetchManager newContext (SLorg/apache/kafka/common/requests/FetchMetadata;ZLjava/util/Map;Ljava/util/List;Ljava/util/Map;)Lkafka/server/FetchContext; 475 <appendix> member <vmtarget> ; # kafka/server/FetchManager$$Lambda+0x00000219014b59c0
instanceKlass  @bci kafka/server/FetchSession update (Ljava/util/Map;Ljava/util/List;Lorg/apache/kafka/common/requests/FetchMetadata;)Lscala/Tuple3; 47 <appendix> member <vmtarget> ; # kafka/server/FetchSession$$Lambda+0x00000219014b5798
instanceKlass  @bci kafka/server/FetchSession update (Ljava/util/Map;Ljava/util/List;Lorg/apache/kafka/common/requests/FetchMetadata;)Lscala/Tuple3; 33 <appendix> member <vmtarget> ; # kafka/server/FetchSession$$Lambda+0x00000219014b5570
instanceKlass sun/nio/ch/Util$4
instanceKlass org/apache/kafka/common/record/MultiRecordsSend
instanceKlass org/apache/kafka/common/record/UnalignedMemoryRecords
instanceKlass org/apache/kafka/common/record/UnalignedRecords
instanceKlass  @bci org/apache/kafka/common/requests/FetchResponse lambda$errorCounts$3 (Ljava/util/Map;Lorg/apache/kafka/common/message/FetchResponseData$FetchableTopicResponse;)V 6 <appendix> member <vmtarget> ; # org/apache/kafka/common/requests/FetchResponse$$Lambda+0x00000219014b4a38
instanceKlass  @bci org/apache/kafka/common/requests/FetchResponse errorCounts ()Ljava/util/Map; 26 <appendix> member <vmtarget> ; # org/apache/kafka/common/requests/FetchResponse$$Lambda+0x00000219014b4810
instanceKlass  @bci kafka/server/KafkaApis processResponseCallback$1 (Lscala/collection/Seq;SLkafka/network/RequestChannel$Request;Lscala/collection/mutable/ArrayBuffer;Ljava/lang/String;Lorg/apache/kafka/common/requests/FetchRequest;Lkafka/server/FetchContext;)V 686 <appendix> member <vmtarget> ; # kafka/server/KafkaApis$$Lambda+0x00000219014b4450
instanceKlass  @bci kafka/server/KafkaApis $anonfun$handleFetchRequest$22 (Lkafka/server/KafkaApis;Lorg/apache/kafka/common/requests/FetchRequest;Lscala/collection/mutable/Set;Lorg/apache/kafka/common/message/FetchResponseData$FetchableTopicResponse;)V 8 <appendix> member <vmtarget> ; # kafka/server/KafkaApis$$Lambda+0x00000219014b4228
instanceKlass  @bci kafka/server/KafkaApis processResponseCallback$1 (Lscala/collection/Seq;SLkafka/network/RequestChannel$Request;Lscala/collection/mutable/ArrayBuffer;Ljava/lang/String;Lorg/apache/kafka/common/requests/FetchRequest;Lkafka/server/FetchContext;)V 662 <appendix> member <vmtarget> ; # kafka/server/KafkaApis$$Lambda+0x00000219014b4000
instanceKlass  @bci kafka/server/KafkaApis maybeConvertFetchedData$1 (Lorg/apache/kafka/common/TopicIdPartition;Lorg/apache/kafka/common/message/FetchResponseData$PartitionData;SLjava/lang/String;Lorg/apache/kafka/common/requests/FetchRequest;Lkafka/server/FetchContext;)Lorg/apache/kafka/common/message/FetchResponseData$PartitionData; 69 <appendix> member <vmtarget> ; # kafka/server/KafkaApis$$Lambda+0x00000219014afb40
instanceKlass  @bci kafka/server/KafkaApis maybeConvertFetchedData$1 (Lorg/apache/kafka/common/TopicIdPartition;Lorg/apache/kafka/common/message/FetchResponseData$PartitionData;SLjava/lang/String;Lorg/apache/kafka/common/requests/FetchRequest;Lkafka/server/FetchContext;)Lorg/apache/kafka/common/message/FetchResponseData$PartitionData; 60 <appendix> argL0 ; # kafka/server/KafkaApis$$Lambda+0x00000219014af788
instanceKlass  @bci kafka/server/KafkaApis maybeConvertFetchedData$1 (Lorg/apache/kafka/common/TopicIdPartition;Lorg/apache/kafka/common/message/FetchResponseData$PartitionData;SLjava/lang/String;Lorg/apache/kafka/common/requests/FetchRequest;Lkafka/server/FetchContext;)Lorg/apache/kafka/common/message/FetchResponseData$PartitionData; 15 <appendix> argL0 ; # kafka/server/KafkaApis$$Lambda+0x00000219014af3d0
instanceKlass  @bci kafka/server/ReplicaManager getLogConfig (Lorg/apache/kafka/common/TopicPartition;)Lscala/Option; 5 <appendix> argL0 ; # kafka/server/ReplicaManager$$Lambda+0x00000219014af018
instanceKlass  @bci kafka/server/ReplicaManager localLog (Lorg/apache/kafka/common/TopicPartition;)Lscala/Option; 5 <appendix> argL0 ; # kafka/server/ReplicaManager$$Lambda+0x00000219014aec60
instanceKlass  @bci kafka/server/KafkaApis $anonfun$handleFetchRequest$19 (Lkafka/server/KafkaApis;Lkafka/network/RequestChannel$Request;Ljava/lang/String;Ljava/util/LinkedHashMap;SLorg/apache/kafka/common/requests/FetchRequest;Lkafka/server/FetchContext;Lorg/apache/kafka/common/message/FetchResponseData$FetchableTopicResponse;)V 17 <adapter> ; # java/lang/invoke/LambdaForm$MH+0x00000219014b1400
# instanceKlass java/lang/invoke/LambdaForm$DMH+0x00000219014b1000
instanceKlass  @bci kafka/server/KafkaApis $anonfun$handleFetchRequest$19 (Lkafka/server/KafkaApis;Lkafka/network/RequestChannel$Request;Ljava/lang/String;Ljava/util/LinkedHashMap;SLorg/apache/kafka/common/requests/FetchRequest;Lkafka/server/FetchContext;Lorg/apache/kafka/common/message/FetchResponseData$FetchableTopicResponse;)V 17 <appendix> form vmentry <vmtarget> ; # java/lang/invoke/LambdaForm$DMH+0x00000219014b0c00
instanceKlass  @bci kafka/server/KafkaApis $anonfun$handleFetchRequest$19 (Lkafka/server/KafkaApis;Lkafka/network/RequestChannel$Request;Ljava/lang/String;Ljava/util/LinkedHashMap;SLorg/apache/kafka/common/requests/FetchRequest;Lkafka/server/FetchContext;Lorg/apache/kafka/common/message/FetchResponseData$FetchableTopicResponse;)V 17 <appendix> member <vmtarget> ; # kafka/server/KafkaApis$$Lambda+0x00000219014aea38
instanceKlass  @cpi kafka/server/KafkaApis 7167 form vmentry <vmtarget> ; # java/lang/invoke/LambdaForm$DMH+0x00000219014b0800
instanceKlass  @bci kafka/server/KafkaApis processResponseCallback$1 (Lscala/collection/Seq;SLkafka/network/RequestChannel$Request;Lscala/collection/mutable/ArrayBuffer;Ljava/lang/String;Lorg/apache/kafka/common/requests/FetchRequest;Lkafka/server/FetchContext;)V 589 <adapter> ; # java/lang/invoke/LambdaForm$MH+0x00000219014b0400
# instanceKlass java/lang/invoke/LambdaForm$DMH+0x00000219014b0000
instanceKlass  @bci kafka/server/KafkaApis processResponseCallback$1 (Lscala/collection/Seq;SLkafka/network/RequestChannel$Request;Lscala/collection/mutable/ArrayBuffer;Ljava/lang/String;Lorg/apache/kafka/common/requests/FetchRequest;Lkafka/server/FetchContext;)V 589 <appendix> form vmentry <vmtarget> ; # java/lang/invoke/LambdaForm$DMH+0x00000219014abc00
instanceKlass  @bci kafka/server/KafkaApis processResponseCallback$1 (Lscala/collection/Seq;SLkafka/network/RequestChannel$Request;Lscala/collection/mutable/ArrayBuffer;Ljava/lang/String;Lorg/apache/kafka/common/requests/FetchRequest;Lkafka/server/FetchContext;)V 589 <appendix> member <vmtarget> ; # kafka/server/KafkaApis$$Lambda+0x00000219014ae810
instanceKlass  @cpi kafka/server/KafkaApis 7210 form vmentry <vmtarget> ; # java/lang/invoke/LambdaForm$DMH+0x00000219014ab800
instanceKlass  @bci kafka/server/KafkaApis processResponseCallback$1 (Lscala/collection/Seq;SLkafka/network/RequestChannel$Request;Lscala/collection/mutable/ArrayBuffer;Ljava/lang/String;Lorg/apache/kafka/common/requests/FetchRequest;Lkafka/server/FetchContext;)V 542 <appendix> member <vmtarget> ; # kafka/server/KafkaApis$$Lambda+0x00000219014ae560
instanceKlass java/util/stream/ReduceOps$5ReducingSink
instanceKlass  @bci java/util/stream/IntPipeline sum ()I 2 <appendix> argL0 ; # java/util/stream/IntPipeline$$Lambda+0x0000021901276908
instanceKlass java/util/function/IntBinaryOperator
instanceKlass  @bci kafka/server/KafkaApis processResponseCallback$1 (Lscala/collection/Seq;SLkafka/network/RequestChannel$Request;Lscala/collection/mutable/ArrayBuffer;Ljava/lang/String;Lorg/apache/kafka/common/requests/FetchRequest;Lkafka/server/FetchContext;)V 520 <appendix> argL0 ; # kafka/server/KafkaApis$$Lambda+0x00000219014ae350
instanceKlass kafka/server/FullFetchContext$
instanceKlass  @bci kafka/server/FullFetchContext updateAndGenerateResponseData (Ljava/util/LinkedHashMap;)Lorg/apache/kafka/common/requests/FetchResponse; 40 <appendix> member <vmtarget> ; # kafka/server/FullFetchContext$$Lambda+0x00000219014adea8
instanceKlass scala/math/Ordering$Tuple3Ordering
instanceKlass scala/math/Ordering$Boolean$
instanceKlass scala/math/Ordering$BooleanOrdering
instanceKlass kafka/server/EvictableKey
instanceKlass scala/math/Ordered$$anon$1
instanceKlass scala/math/Ordering$Tuple2Ordering
instanceKlass scala/math/Ordering$Long$
instanceKlass scala/math/Ordering$LongOrdering
instanceKlass kafka/server/LastUsedKey
instanceKlass  @bci kafka/server/FetchSessionCache maybeCreateSession (JZIZLscala/Function0;)I 73 <appendix> member <vmtarget> ; # kafka/server/FetchSessionCache$$Lambda+0x00000219014ac000
instanceKlass kafka/server/FetchSession
instanceKlass kafka/server/CachedPartition
instanceKlass  @bci kafka/server/FullFetchContext createNewSession$1 (Ljava/util/LinkedHashMap;)Lorg/apache/kafka/common/utils/ImplicitLinkedHashCollection; 15 <appendix> member <vmtarget> ; # kafka/server/FullFetchContext$$Lambda+0x00000219014a7768
instanceKlass  @bci kafka/server/FullFetchContext updateAndGenerateResponseData (Ljava/util/LinkedHashMap;)Lorg/apache/kafka/common/requests/FetchResponse; 27 <appendix> member <vmtarget> ; # kafka/server/FullFetchContext$$Lambda+0x00000219014a74b8
instanceKlass  @bci org/apache/kafka/common/requests/FetchResponse toMessage (Lorg/apache/kafka/common/protocol/Errors;IILjava/util/Iterator;Ljava/util/List;)Lorg/apache/kafka/common/message/FetchResponseData; 222 <appendix> member <vmtarget> ; # org/apache/kafka/common/requests/FetchResponse$$Lambda+0x00000219014a7290
instanceKlass  @bci kafka/server/KafkaApis processResponseCallback$1 (Lscala/collection/Seq;SLkafka/network/RequestChannel$Request;Lscala/collection/mutable/ArrayBuffer;Ljava/lang/String;Lorg/apache/kafka/common/requests/FetchRequest;Lkafka/server/FetchContext;)V 56 <appendix> member <vmtarget> ; # kafka/server/KafkaApis$$Lambda+0x00000219014a6b10
instanceKlass  @bci kafka/server/KafkaApis $anonfun$handleFetchRequest$15 (Lkafka/server/KafkaApis;Lscala/collection/mutable/Set;SLkafka/network/RequestChannel$Request;Lscala/collection/mutable/HashMap;Ljava/util/LinkedHashMap;Lscala/Tuple2;)Lorg/apache/kafka/common/message/FetchResponseData$PartitionData; 256 <appendix> member <vmtarget> ; # kafka/server/KafkaApis$$Lambda+0x00000219014a68e8
instanceKlass  @bci kafka/server/KafkaApis processResponseCallback$1 (Lscala/collection/Seq;SLkafka/network/RequestChannel$Request;Lscala/collection/mutable/ArrayBuffer;Ljava/lang/String;Lorg/apache/kafka/common/requests/FetchRequest;Lkafka/server/FetchContext;)V 42 <adapter> ; # java/lang/invoke/LambdaForm$MH+0x00000219014ab400
# instanceKlass java/lang/invoke/LambdaForm$DMH+0x00000219014ab000
instanceKlass  @bci kafka/server/KafkaApis processResponseCallback$1 (Lscala/collection/Seq;SLkafka/network/RequestChannel$Request;Lscala/collection/mutable/ArrayBuffer;Ljava/lang/String;Lorg/apache/kafka/common/requests/FetchRequest;Lkafka/server/FetchContext;)V 42 <appendix> form vmentry <vmtarget> ; # java/lang/invoke/LambdaForm$DMH+0x00000219014aac00
instanceKlass  @bci kafka/server/KafkaApis processResponseCallback$1 (Lscala/collection/Seq;SLkafka/network/RequestChannel$Request;Lscala/collection/mutable/ArrayBuffer;Ljava/lang/String;Lorg/apache/kafka/common/requests/FetchRequest;Lkafka/server/FetchContext;)V 42 <appendix> member <vmtarget> ; # kafka/server/KafkaApis$$Lambda+0x00000219014a6528
instanceKlass  @cpi kafka/server/KafkaApis 7280 form vmentry <vmtarget> ; # java/lang/invoke/LambdaForm$DMH+0x00000219014aa800
instanceKlass org/apache/kafka/storage/internals/log/FetchPartitionData
instanceKlass  @bci kafka/server/ReplicaManager fetchMessages (Lorg/apache/kafka/storage/internals/log/FetchParams;Lscala/collection/Seq;Lkafka/server/ReplicaQuota;Lscala/Function1;)V 150 <appendix> member <vmtarget> ; # kafka/server/ReplicaManager$$Lambda+0x00000219014a5f68
instanceKlass  @bci kafka/server/ReplicaManager fetchMessages (Lorg/apache/kafka/storage/internals/log/FetchParams;Lscala/collection/Seq;Lkafka/server/ReplicaQuota;Lscala/Function1;)V 66 <appendix> member <vmtarget> ; # kafka/server/ReplicaManager$$Lambda+0x00000219014a5ba8
instanceKlass kafka/server/LogReadResult
instanceKlass org/apache/kafka/storage/internals/log/LogReadInfo
instanceKlass  @bci org/apache/kafka/storage/internals/log/LogSegments floorSegment (J)Ljava/util/Optional; 5 <appendix> argL0 ; # org/apache/kafka/storage/internals/log/LogSegments$$Lambda+0x00000219014a5408
instanceKlass  @bci kafka/log/LocalLog $anonfun$read$2 (Lkafka/log/LocalLog;IJLorg/apache/kafka/storage/internals/log/LogOffsetMetadata;ZZ)Lorg/apache/kafka/storage/internals/log/FetchDataInfo; 4 <adapter> ; # java/lang/invoke/LambdaForm$MH+0x00000219014aa400
# instanceKlass java/lang/invoke/LambdaForm$DMH+0x00000219014aa000
instanceKlass  @bci kafka/log/LocalLog $anonfun$read$2 (Lkafka/log/LocalLog;IJLorg/apache/kafka/storage/internals/log/LogOffsetMetadata;ZZ)Lorg/apache/kafka/storage/internals/log/FetchDataInfo; 4 <appendix> form vmentry <vmtarget> ; # java/lang/invoke/LambdaForm$DMH+0x00000219014a9c00
instanceKlass  @bci kafka/log/LocalLog $anonfun$read$2 (Lkafka/log/LocalLog;IJLorg/apache/kafka/storage/internals/log/LogOffsetMetadata;ZZ)Lorg/apache/kafka/storage/internals/log/FetchDataInfo; 4 <appendix> member <vmtarget> ; # kafka/log/LocalLog$$Lambda+0x00000219014a5158
instanceKlass  @cpi kafka/log/LocalLog 1037 form vmentry <vmtarget> ; # java/lang/invoke/LambdaForm$DMH+0x00000219014a9800
instanceKlass  @bci kafka/cluster/Partition readRecords (Lkafka/log/UnifiedLog;Ljava/util/Optional;JLjava/util/Optional;ILorg/apache/kafka/storage/internals/log/FetchIsolation;Z)Lorg/apache/kafka/storage/internals/log/LogReadInfo; 49 <adapter> ; # java/lang/invoke/LambdaForm$MH+0x00000219014a9400
# instanceKlass java/lang/invoke/LambdaForm$DMH+0x00000219014a9000
instanceKlass  @bci kafka/cluster/Partition readRecords (Lkafka/log/UnifiedLog;Ljava/util/Optional;JLjava/util/Optional;ILorg/apache/kafka/storage/internals/log/FetchIsolation;Z)Lorg/apache/kafka/storage/internals/log/LogReadInfo; 49 <appendix> form vmentry <vmtarget> ; # java/lang/invoke/LambdaForm$DMH+0x00000219014a8c00
instanceKlass  @bci kafka/cluster/Partition readRecords (Lkafka/log/UnifiedLog;Ljava/util/Optional;JLjava/util/Optional;ILorg/apache/kafka/storage/internals/log/FetchIsolation;Z)Lorg/apache/kafka/storage/internals/log/LogReadInfo; 49 <appendix> member <vmtarget> ; # kafka/cluster/Partition$$Lambda+0x00000219014a4f28
instanceKlass  @cpi kafka/cluster/Partition 1693 form vmentry <vmtarget> ; # java/lang/invoke/LambdaForm$DMH+0x00000219014a8800
instanceKlass  @bci kafka/server/ReplicaManager $anonfun$findPreferredReadReplica$1 (Lkafka/server/ReplicaManager;ILkafka/cluster/Partition;Lorg/apache/kafka/common/replica/ClientMetadata;JJI)Lscala/Option; 24 <adapter> ; # java/lang/invoke/LambdaForm$MH+0x00000219014a8400
# instanceKlass java/lang/invoke/LambdaForm$DMH+0x00000219014a8000
instanceKlass  @bci kafka/server/ReplicaManager $anonfun$findPreferredReadReplica$1 (Lkafka/server/ReplicaManager;ILkafka/cluster/Partition;Lorg/apache/kafka/common/replica/ClientMetadata;JJI)Lscala/Option; 24 <appendix> form vmentry <vmtarget> ; # java/lang/invoke/LambdaForm$DMH+0x00000219014a3c00
instanceKlass  @bci kafka/server/ReplicaManager $anonfun$findPreferredReadReplica$1 (Lkafka/server/ReplicaManager;ILkafka/cluster/Partition;Lorg/apache/kafka/common/replica/ClientMetadata;JJI)Lscala/Option; 24 <appendix> member <vmtarget> ; # kafka/server/ReplicaManager$$Lambda+0x00000219014a4b68
instanceKlass  @cpi kafka/server/ReplicaManager 5353 form vmentry <vmtarget> ; # java/lang/invoke/LambdaForm$DMH+0x00000219014a3800
instanceKlass  @bci kafka/server/ReplicaManager findPreferredReadReplica (Lkafka/cluster/Partition;Lorg/apache/kafka/common/replica/ClientMetadata;IJJ)Lscala/Option; 12 <adapter> ; # java/lang/invoke/LambdaForm$MH+0x00000219014a3400
# instanceKlass java/lang/invoke/LambdaForm$DMH+0x00000219014a3000
instanceKlass  @bci kafka/server/ReplicaManager findPreferredReadReplica (Lkafka/cluster/Partition;Lorg/apache/kafka/common/replica/ClientMetadata;IJJ)Lscala/Option; 12 <appendix> form vmentry <vmtarget> ; # java/lang/invoke/LambdaForm$DMH+0x00000219014a2c00
instanceKlass  @bci kafka/server/ReplicaManager findPreferredReadReplica (Lkafka/cluster/Partition;Lorg/apache/kafka/common/replica/ClientMetadata;IJJ)Lscala/Option; 12 <appendix> member <vmtarget> ; # kafka/server/ReplicaManager$$Lambda+0x00000219014a47a8
instanceKlass  @cpi kafka/server/ReplicaManager 2379 form vmentry <vmtarget> ; # java/lang/invoke/LambdaForm$DMH+0x00000219014a2800
instanceKlass  @bci kafka/cluster/Partition leaderIdIfLocal ()Lscala/Option; 5 <appendix> member <vmtarget> ; # kafka/cluster/Partition$$Lambda+0x00000219014a43c8
instanceKlass  @bci kafka/server/ReplicaManager read$1 (Lorg/apache/kafka/common/TopicIdPartition;Lorg/apache/kafka/common/requests/FetchRequest$PartitionData;IZZLorg/apache/kafka/storage/internals/log/FetchParams;ZLkafka/server/ReplicaQuota;)Lkafka/server/LogReadResult; 191 <adapter> ; # java/lang/invoke/LambdaForm$MH+0x00000219014a2400
# instanceKlass java/lang/invoke/LambdaForm$DMH+0x00000219014a2000
instanceKlass  @bci kafka/server/ReplicaManager read$1 (Lorg/apache/kafka/common/TopicIdPartition;Lorg/apache/kafka/common/requests/FetchRequest$PartitionData;IZZLorg/apache/kafka/storage/internals/log/FetchParams;ZLkafka/server/ReplicaQuota;)Lkafka/server/LogReadResult; 191 <appendix> form vmentry <vmtarget> ; # java/lang/invoke/LambdaForm$DMH+0x00000219014a1c00
instanceKlass  @bci kafka/server/ReplicaManager read$1 (Lorg/apache/kafka/common/TopicIdPartition;Lorg/apache/kafka/common/requests/FetchRequest$PartitionData;IZZLorg/apache/kafka/storage/internals/log/FetchParams;ZLkafka/server/ReplicaQuota;)Lkafka/server/LogReadResult; 191 <appendix> member <vmtarget> ; # kafka/server/ReplicaManager$$Lambda+0x00000219014a4000
instanceKlass  @cpi kafka/server/ReplicaManager 5140 form vmentry <vmtarget> ; # java/lang/invoke/LambdaForm$DMH+0x00000219014a1800
instanceKlass  @bci kafka/server/ReplicaManager readFromLog (Lorg/apache/kafka/storage/internals/log/FetchParams;Lscala/collection/Seq;Lkafka/server/ReplicaQuota;Z)Lscala/collection/Seq; 55 <adapter> ; # java/lang/invoke/LambdaForm$MH+0x00000219014a1400
# instanceKlass java/lang/invoke/LambdaForm$DMH+0x00000219014a1000
instanceKlass  @bci kafka/server/ReplicaManager readFromLog (Lorg/apache/kafka/storage/internals/log/FetchParams;Lscala/collection/Seq;Lkafka/server/ReplicaQuota;Z)Lscala/collection/Seq; 55 <appendix> form vmentry <vmtarget> ; # java/lang/invoke/LambdaForm$DMH+0x00000219014a0c00
instanceKlass  @bci kafka/server/ReplicaManager readFromLog (Lorg/apache/kafka/storage/internals/log/FetchParams;Lscala/collection/Seq;Lkafka/server/ReplicaQuota;Z)Lscala/collection/Seq; 55 <appendix> member <vmtarget> ; # kafka/server/ReplicaManager$$Lambda+0x000002190149bc38
instanceKlass  @cpi kafka/server/ReplicaManager 2263 form vmentry <vmtarget> ; # java/lang/invoke/LambdaForm$DMH+0x00000219014a0800
instanceKlass  @bci kafka/server/KafkaApis handleFetchRequest (Lkafka/network/RequestChannel$Request;)V 538 <adapter> ; # java/lang/invoke/LambdaForm$MH+0x00000219014a0400
# instanceKlass java/lang/invoke/LambdaForm$DMH+0x00000219014a0000
instanceKlass  @bci kafka/server/KafkaApis handleFetchRequest (Lkafka/network/RequestChannel$Request;)V 538 <appendix> form vmentry <vmtarget> ; # java/lang/invoke/LambdaForm$DMH+0x000002190149ac00
instanceKlass  @bci kafka/server/KafkaApis handleFetchRequest (Lkafka/network/RequestChannel$Request;)V 538 <appendix> member <vmtarget> ; # kafka/server/KafkaApis$$Lambda+0x000002190149b878
instanceKlass  @cpi kafka/server/KafkaApis 2615 form vmentry <vmtarget> ; # java/lang/invoke/LambdaForm$DMH+0x000002190149a800
instanceKlass kafka/server/QuotaFactory$UnboundedQuota$
instanceKlass org/apache/kafka/storage/internals/log/FetchParams
instanceKlass org/apache/kafka/common/replica/ClientMetadata$DefaultClientMetadata
instanceKlass org/apache/kafka/common/replica/ClientMetadata
instanceKlass  @bci kafka/server/KafkaApis handleFetchRequest (Lkafka/network/RequestChannel$Request;)V 312 <appendix> member <vmtarget> ; # kafka/server/KafkaApis$$Lambda+0x000002190149f6c8
instanceKlass  @bci kafka/server/KafkaApis handleFetchRequest (Lkafka/network/RequestChannel$Request;)V 293 <appendix> argL0 ; # kafka/server/KafkaApis$$Lambda+0x000002190149f310
instanceKlass  @bci kafka/server/FullFetchContext foreachPartition (Lscala/Function2;)V 5 <appendix> member <vmtarget> ; # kafka/server/FullFetchContext$$Lambda+0x000002190149f0e8
instanceKlass  @bci kafka/server/KafkaApis handleFetchRequest (Lkafka/network/RequestChannel$Request;)V 253 <appendix> member <vmtarget> ; # kafka/server/KafkaApis$$Lambda+0x000002190149eb48
instanceKlass  @bci kafka/server/FetchManager newContext (SLorg/apache/kafka/common/requests/FetchMetadata;ZLjava/util/Map;Ljava/util/List;Ljava/util/Map;)Lkafka/server/FetchContext; 147 <appendix> member <vmtarget> ; # kafka/server/FetchManager$$Lambda+0x000002190149e898
instanceKlass kafka/server/FullFetchContext
instanceKlass  @bci org/apache/kafka/common/requests/FetchRequest forgottenTopics (Ljava/util/Map;)Ljava/util/List; 36 <appendix> member <vmtarget> ; # org/apache/kafka/common/requests/FetchRequest$$Lambda+0x000002190149e2b0
instanceKlass org/apache/kafka/common/requests/FetchRequest$PartitionData
instanceKlass org/apache/kafka/common/TopicIdPartition
instanceKlass  @bci org/apache/kafka/common/requests/FetchRequest lambda$fetchData$3 (SLjava/util/Map;Ljava/util/LinkedHashMap;Lorg/apache/kafka/common/message/FetchRequestData$FetchTopic;)V 38 <appendix> member <vmtarget> ; # org/apache/kafka/common/requests/FetchRequest$$Lambda+0x000002190149dc68
instanceKlass  @bci org/apache/kafka/common/requests/FetchRequest fetchData (Ljava/util/Map;)Ljava/util/Map; 43 <appendix> member <vmtarget> ; # org/apache/kafka/common/requests/FetchRequest$$Lambda+0x000002190149da40
instanceKlass  @cpi org/apache/kafka/common/requests/FetchRequest 230 form vmentry <vmtarget> ; # java/lang/invoke/LambdaForm$DMH+0x000002190149a400
instanceKlass org/apache/kafka/common/requests/FetchMetadata
instanceKlass  @bci org/apache/kafka/common/requests/ListOffsetsResponse lambda$errorCounts$1 (Ljava/util/Map;Lorg/apache/kafka/common/message/ListOffsetsResponseData$ListOffsetsTopicResponse;)V 6 <appendix> member <vmtarget> ; # org/apache/kafka/common/requests/ListOffsetsResponse$$Lambda+0x000002190149d5f0
instanceKlass  @bci org/apache/kafka/common/requests/ListOffsetsResponse errorCounts ()Ljava/util/Map; 14 <appendix> member <vmtarget> ; # org/apache/kafka/common/requests/ListOffsetsResponse$$Lambda+0x000002190149d3c8
instanceKlass  @bci kafka/server/KafkaApis handleListOffsetRequest (Lkafka/network/RequestChannel$Request;)V 31 <appendix> member <vmtarget> ; # kafka/server/KafkaApis$$Lambda+0x000002190149d008
instanceKlass org/apache/kafka/common/record/FileRecords$TimestampAndOffset
instanceKlass  @bci kafka/cluster/Partition $anonfun$fetchOffsetForTimestamp$1 (Lkafka/cluster/Partition;Ljava/util/Optional;ZLscala/Option;JLscala/Option;)Lscala/Option; 215 <appendix> member <vmtarget> ; # kafka/cluster/Partition$$Lambda+0x000002190149cb58
instanceKlass  @bci kafka/cluster/Partition $anonfun$fetchOffsetForTimestamp$1 (Lkafka/cluster/Partition;Ljava/util/Optional;ZLscala/Option;JLscala/Option;)Lscala/Option; 204 <appendix> argL0 ; # kafka/cluster/Partition$$Lambda+0x000002190149c7a0
instanceKlass  @bci kafka/cluster/Partition $anonfun$fetchOffsetForTimestamp$1 (Lkafka/cluster/Partition;Ljava/util/Optional;ZLscala/Option;JLscala/Option;)Lscala/Option; 183 <appendix> member <vmtarget> ; # kafka/cluster/Partition$$Lambda+0x000002190149c3e0
instanceKlass  @bci kafka/cluster/Partition $anonfun$fetchOffsetForTimestamp$1 (Lkafka/cluster/Partition;Ljava/util/Optional;ZLscala/Option;JLscala/Option;)Lscala/Option; 170 <appendix> member <vmtarget> ; # kafka/cluster/Partition$$Lambda+0x000002190149c000
instanceKlass  @cpi kafka/cluster/Partition 3317 form vmentry <vmtarget> ; # java/lang/invoke/LambdaForm$DMH+0x000002190149a000
instanceKlass scala/runtime/java8/JFunction1$mcZJ$sp
instanceKlass  @bci kafka/server/KafkaApis $anonfun$handleListOffsetRequestV1AndAbove$4 (Lkafka/server/KafkaApis;Lorg/apache/kafka/common/requests/ListOffsetsRequest;ILjava/lang/String;SLkafka/network/RequestChannel$Request;Lorg/apache/kafka/common/message/ListOffsetsRequestData$ListOffsetsTopic;)Lorg/apache/kafka/common/message/ListOffsetsResponseData$ListOffsetsTopicResponse; 24 <adapter> ; # java/lang/invoke/LambdaForm$MH+0x0000021901499c00
# instanceKlass java/lang/invoke/LambdaForm$DMH+0x0000021901499800
instanceKlass  @bci kafka/server/KafkaApis $anonfun$handleListOffsetRequestV1AndAbove$4 (Lkafka/server/KafkaApis;Lorg/apache/kafka/common/requests/ListOffsetsRequest;ILjava/lang/String;SLkafka/network/RequestChannel$Request;Lorg/apache/kafka/common/message/ListOffsetsRequestData$ListOffsetsTopic;)Lorg/apache/kafka/common/message/ListOffsetsResponseData$ListOffsetsTopicResponse; 24 <appendix> form vmentry <vmtarget> ; # java/lang/invoke/LambdaForm$DMH+0x0000021901499400
instanceKlass  @bci kafka/server/KafkaApis $anonfun$handleListOffsetRequestV1AndAbove$4 (Lkafka/server/KafkaApis;Lorg/apache/kafka/common/requests/ListOffsetsRequest;ILjava/lang/String;SLkafka/network/RequestChannel$Request;Lorg/apache/kafka/common/message/ListOffsetsRequestData$ListOffsetsTopic;)Lorg/apache/kafka/common/message/ListOffsetsResponseData$ListOffsetsTopicResponse; 24 <appendix> member <vmtarget> ; # kafka/server/KafkaApis$$Lambda+0x00000219014975a8
instanceKlass  @cpi kafka/server/KafkaApis 7621 form vmentry <vmtarget> ; # java/lang/invoke/LambdaForm$DMH+0x0000021901499000
instanceKlass  @bci kafka/server/KafkaApis handleListOffsetRequestV1AndAbove (Lkafka/network/RequestChannel$Request;)Lscala/collection/immutable/List; 176 <adapter> ; # java/lang/invoke/LambdaForm$MH+0x0000021901498c00
# instanceKlass java/lang/invoke/LambdaForm$DMH+0x0000021901498800
instanceKlass  @bci kafka/server/KafkaApis handleListOffsetRequestV1AndAbove (Lkafka/network/RequestChannel$Request;)Lscala/collection/immutable/List; 176 <appendix> form vmentry <vmtarget> ; # java/lang/invoke/LambdaForm$DMH+0x0000021901498400
instanceKlass  @bci kafka/server/KafkaApis handleListOffsetRequestV1AndAbove (Lkafka/network/RequestChannel$Request;)Lscala/collection/immutable/List; 176 <appendix> member <vmtarget> ; # kafka/server/KafkaApis$$Lambda+0x00000219014971e8
instanceKlass  @cpi kafka/server/KafkaApis 2744 form vmentry <vmtarget> ; # java/lang/invoke/LambdaForm$DMH+0x0000021901498000
instanceKlass  @bci kafka/server/KafkaApis handleListOffsetRequestV1AndAbove (Lkafka/network/RequestChannel$Request;)Lscala/collection/immutable/List; 151 <appendix> argL0 ; # kafka/server/KafkaApis$$Lambda+0x0000021901496e30
instanceKlass  @bci kafka/server/KafkaApis handleListOffsetRequestV1AndAbove (Lkafka/network/RequestChannel$Request;)Lscala/collection/immutable/List; 102 <appendix> argL0 ; # kafka/server/KafkaApis$$Lambda+0x0000021901496a78
instanceKlass  @bci org/apache/kafka/common/requests/MetadataRequest topicIds ()Ljava/util/List; 36 <appendix> argL0 ; # org/apache/kafka/common/requests/MetadataRequest$$Lambda+0x0000021901496848
instanceKlass  @bci org/apache/kafka/common/requests/ApiVersionsResponse filterApis (Lorg/apache/kafka/common/record/RecordVersion;Lorg/apache/kafka/common/message/ApiMessageType$ListenerType;ZZ)Lorg/apache/kafka/common/message/ApiVersionsResponseData$ApiVersionCollection; 88 <appendix> member <vmtarget> ; # org/apache/kafka/common/requests/ApiVersionsResponse$$Lambda+0x0000021901495ea0
instanceKlass  @bci kafka/server/DefaultApiVersionManager apiVersionResponse (I)Lorg/apache/kafka/common/requests/ApiVersionsResponse; 22 <appendix> argL0 ; # kafka/server/DefaultApiVersionManager$$Lambda+0x0000021901495728
instanceKlass kafka/server/ForwardingManager
instanceKlass  @bci kafka/server/KafkaApis handleApiVersionsRequest (Lkafka/network/RequestChannel$Request;)V 7 <appendix> member <vmtarget> ; # kafka/server/KafkaApis$$Lambda+0x0000021901495178
instanceKlass  @bci org/apache/kafka/storage/internals/log/AbstractIndex relativeOffset (J)I 9 <appendix> member <vmtarget> ; # org/apache/kafka/storage/internals/log/AbstractIndex$$Lambda+0x0000021901494f60
instanceKlass kafka/server/TopicPartitionOperationKey
instanceKlass kafka/server/TopicPartitionOperationKey$
instanceKlass  @bci kafka/server/ReplicaManager $anonfun$addCompletePurgatoryAction$1 (Lkafka/server/ReplicaManager;Lscala/collection/Map;)V 2 <appendix> member <vmtarget> ; # kafka/server/ReplicaManager$$Lambda+0x0000021901494470
instanceKlass  @bci org/apache/kafka/common/requests/ProduceRequest lambda$null$1 (Ljava/util/Map;Lorg/apache/kafka/common/message/ProduceRequestData$TopicProduceData;Lorg/apache/kafka/common/message/ProduceRequestData$PartitionProduceData;)V 17 <appendix> member <vmtarget> ; # org/apache/kafka/common/requests/ProduceRequest$$Lambda+0x0000021901494248
instanceKlass  @bci org/apache/kafka/common/requests/ProduceRequest lambda$partitionSizes$2 (Ljava/util/Map;Lorg/apache/kafka/common/message/ProduceRequestData$TopicProduceData;)V 6 <appendix> member <vmtarget> ; # org/apache/kafka/common/requests/ProduceRequest$$Lambda+0x0000021901494020
instanceKlass  @bci org/apache/kafka/common/requests/ProduceRequest partitionSizes ()Ljava/util/Map; 34 <appendix> member <vmtarget> ; # org/apache/kafka/common/requests/ProduceRequest$$Lambda+0x0000021901493df8
instanceKlass  @bci kafka/server/ReplicaManager appendRecords (JSZLorg/apache/kafka/storage/internals/log/AppendOrigin;Lscala/collection/Map;Lscala/Function1;Lscala/Option;Lscala/Function1;Lkafka/server/RequestLocal;Ljava/lang/String;Lkafka/server/ActionQueue;)V 469 <appendix> argL0 ; # kafka/server/ReplicaManager$$Lambda+0x0000021901493a40
instanceKlass  @bci kafka/server/KafkaApis processingStatsCallback$1 (Lscala/collection/Map;Lkafka/network/RequestChannel$Request;)V 18 <appendix> member <vmtarget> ; # kafka/server/KafkaApis$$Lambda+0x00000219014934a0
instanceKlass  @bci kafka/server/KafkaApis processingStatsCallback$1 (Lscala/collection/Map;Lkafka/network/RequestChannel$Request;)V 10 <appendix> member <vmtarget> ; # kafka/server/KafkaApis$$Lambda+0x0000021901492f00
instanceKlass  @bci kafka/server/ReplicaManager appendRecords (JSZLorg/apache/kafka/storage/internals/log/AppendOrigin;Lscala/collection/Map;Lscala/Function1;Lscala/Option;Lscala/Function1;Lkafka/server/RequestLocal;Ljava/lang/String;Lkafka/server/ActionQueue;)V 370 <appendix> argL0 ; # kafka/server/ReplicaManager$$Lambda+0x0000021901492b48
instanceKlass  @bci kafka/server/ReplicaManager addCompletePurgatoryAction (Lkafka/server/ActionQueue;Lscala/collection/Map;)V 3 <appendix> member <vmtarget> ; # kafka/server/ReplicaManager$$Lambda+0x0000021901492878
instanceKlass kafka/server/ProducePartitionStatus
instanceKlass  @bci kafka/server/ReplicaManager buildProducePartitionStatus (Lscala/collection/Map;)Lscala/collection/Map; 1 <appendix> argL0 ; # kafka/server/ReplicaManager$$Lambda+0x00000219014921e8
instanceKlass  @bci kafka/server/ReplicaManager appendRecords (JSZLorg/apache/kafka/storage/internals/log/AppendOrigin;Lscala/collection/Map;Lscala/Function1;Lscala/Option;Lscala/Function1;Lkafka/server/RequestLocal;Ljava/lang/String;Lkafka/server/ActionQueue;)V 321 <appendix> argL0 ; # kafka/server/ReplicaManager$$Lambda+0x0000021901491470
instanceKlass  @bci kafka/server/ReplicaManager appendRecords (JSZLorg/apache/kafka/storage/internals/log/AppendOrigin;Lscala/collection/Map;Lscala/Function1;Lscala/Option;Lscala/Function1;Lkafka/server/RequestLocal;Ljava/lang/String;Lkafka/server/ActionQueue;)V 301 <appendix> member <vmtarget> ; # kafka/server/ReplicaManager$$Lambda+0x00000219014911c0
instanceKlass kafka/server/LogAppendResult
instanceKlass  @bci kafka/cluster/Partition maybeIncrementLeaderHW (Lkafka/log/UnifiedLog;J)Z 95 <appendix> member <vmtarget> ; # kafka/cluster/Partition$$Lambda+0x0000021901490c28
instanceKlass  @bci kafka/log/UnifiedLog append (Lorg/apache/kafka/common/record/MemoryRecords;Lorg/apache/kafka/storage/internals/log/AppendOrigin;Lorg/apache/kafka/server/common/MetadataVersion;ZILscala/Option;Lorg/apache/kafka/storage/internals/log/VerificationGuard;Z)Lorg/apache/kafka/storage/internals/log/LogAppendInfo; 1101 <appendix> member <vmtarget> ; # kafka/log/UnifiedLog$$Lambda+0x0000021901490978
instanceKlass  @bci kafka/log/UnifiedLog append (Lorg/apache/kafka/common/record/MemoryRecords;Lorg/apache/kafka/storage/internals/log/AppendOrigin;Lorg/apache/kafka/server/common/MetadataVersion;ZILscala/Option;Lorg/apache/kafka/storage/internals/log/VerificationGuard;Z)Lorg/apache/kafka/storage/internals/log/LogAppendInfo; 1069 <appendix> member <vmtarget> ; # kafka/log/UnifiedLog$$Lambda+0x00000219014905b8
instanceKlass org/apache/kafka/storage/internals/log/CompletedTxn
instanceKlass  @bci kafka/log/UnifiedLog append (Lorg/apache/kafka/common/record/MemoryRecords;Lorg/apache/kafka/storage/internals/log/AppendOrigin;Lorg/apache/kafka/server/common/MetadataVersion;ZILscala/Option;Lorg/apache/kafka/storage/internals/log/VerificationGuard;Z)Lorg/apache/kafka/storage/internals/log/LogAppendInfo; 1054 <appendix> member <vmtarget> ; # kafka/log/UnifiedLog$$Lambda+0x0000021901490000
instanceKlass org/apache/kafka/storage/internals/log/ProducerAppendInfo
instanceKlass  @bci kafka/log/UnifiedLog analyzeAndValidateProducerState (Lorg/apache/kafka/storage/internals/log/LogOffsetMetadata;Lorg/apache/kafka/common/record/MemoryRecords;Lorg/apache/kafka/storage/internals/log/AppendOrigin;Lorg/apache/kafka/storage/internals/log/VerificationGuard;)Lscala/Tuple3; 54 <appendix> member <vmtarget> ; # kafka/log/UnifiedLog$$Lambda+0x000002190148ad10
instanceKlass scala/collection/mutable/ListBuffer$
instanceKlass org/apache/kafka/storage/internals/log/RollParams
instanceKlass  @bci kafka/log/UnifiedLog append (Lorg/apache/kafka/common/record/MemoryRecords;Lorg/apache/kafka/storage/internals/log/AppendOrigin;Lorg/apache/kafka/server/common/MetadataVersion;ZILscala/Option;Lorg/apache/kafka/storage/internals/log/VerificationGuard;Z)Lorg/apache/kafka/storage/internals/log/LogAppendInfo; 716 <appendix> member <vmtarget> ; # kafka/log/UnifiedLog$$Lambda+0x000002190148bd08
instanceKlass org/apache/kafka/storage/internals/log/LogValidator$ValidationResult
instanceKlass  @bci org/apache/kafka/storage/internals/log/LogValidator assignOffsetsNonCompressed (Lorg/apache/kafka/common/utils/PrimitiveRef$LongRef;Lorg/apache/kafka/storage/internals/log/LogValidator$MetricsRecorder;)Lorg/apache/kafka/storage/internals/log/LogValidator$ValidationResult; 190 <appendix> member <vmtarget> ; # org/apache/kafka/storage/internals/log/LogValidator$$Lambda+0x000002190148b8e0
instanceKlass org/apache/kafka/storage/internals/log/LogValidator$ApiRecordError
instanceKlass org/apache/kafka/common/header/Header
instanceKlass org/apache/kafka/common/record/DefaultRecord
instanceKlass org/apache/kafka/common/record/Record
instanceKlass org/apache/kafka/common/record/DefaultRecordBatch$RecordIterator
instanceKlass  @bci kafka/log/UnifiedLog append (Lorg/apache/kafka/common/record/MemoryRecords;Lorg/apache/kafka/storage/internals/log/AppendOrigin;Lorg/apache/kafka/server/common/MetadataVersion;ZILscala/Option;Lorg/apache/kafka/storage/internals/log/VerificationGuard;Z)Lorg/apache/kafka/storage/internals/log/LogAppendInfo; 256 <appendix> argL0 ; # kafka/log/UnifiedLog$$Lambda+0x000002190148f5b0
instanceKlass org/apache/kafka/storage/internals/log/LogValidator
instanceKlass  @bci org/apache/kafka/server/record/BrokerCompressionType forName (Ljava/lang/String;)Lorg/apache/kafka/server/record/BrokerCompressionType; 33 <appendix> member <vmtarget> ; # org/apache/kafka/server/record/BrokerCompressionType$$Lambda+0x000002190148ef20
instanceKlass  @bci org/apache/kafka/server/record/BrokerCompressionType forName (Ljava/lang/String;)Lorg/apache/kafka/server/record/BrokerCompressionType; 17 <appendix> member <vmtarget> ; # org/apache/kafka/server/record/BrokerCompressionType$$Lambda+0x000002190148ecd8
instanceKlass org/apache/kafka/common/utils/PrimitiveRef$LongRef
instanceKlass org/apache/kafka/common/utils/PrimitiveRef
instanceKlass org/apache/kafka/common/record/RecordValidationStats
instanceKlass org/apache/kafka/storage/internals/log/LogAppendInfo
instanceKlass org/apache/kafka/common/utils/Checksums
instanceKlass  @bci kafka/log/UnifiedLog analyzeAndValidateRecords (Lorg/apache/kafka/common/record/MemoryRecords;Lorg/apache/kafka/storage/internals/log/AppendOrigin;ZZI)Lorg/apache/kafka/storage/internals/log/LogAppendInfo; 105 <adapter> ; # java/lang/invoke/LambdaForm$MH+0x000002190148a000
# instanceKlass java/lang/invoke/LambdaForm$DMH+0x0000021901489c00
instanceKlass  @bci kafka/log/UnifiedLog analyzeAndValidateRecords (Lorg/apache/kafka/common/record/MemoryRecords;Lorg/apache/kafka/storage/internals/log/AppendOrigin;ZZI)Lorg/apache/kafka/storage/internals/log/LogAppendInfo; 105 <appendix> form vmentry <vmtarget> ; # java/lang/invoke/LambdaForm$DMH+0x0000021901489800
instanceKlass  @bci kafka/log/UnifiedLog analyzeAndValidateRecords (Lorg/apache/kafka/common/record/MemoryRecords;Lorg/apache/kafka/storage/internals/log/AppendOrigin;ZZI)Lorg/apache/kafka/storage/internals/log/LogAppendInfo; 105 <appendix> member <vmtarget> ; # kafka/log/UnifiedLog$$Lambda+0x000002190148dbe0
instanceKlass  @cpi kafka/log/UnifiedLog 1929 form vmentry <vmtarget> ; # java/lang/invoke/LambdaForm$DMH+0x0000021901489400
instanceKlass  @bci kafka/log/UnifiedLog maybeFlushMetadataFile ()V 4 <appendix> argL0 ; # kafka/log/UnifiedLog$$Lambda+0x000002190148d828
instanceKlass  @bci kafka/server/ReplicaManager $anonfun$appendToLocalLog$6 (Lkafka/server/ReplicaManager;ZLorg/apache/kafka/storage/internals/log/AppendOrigin;SLkafka/server/RequestLocal;Lscala/collection/Map;ZLscala/Tuple2;)Lscala/Tuple2; 149 <appendix> argL0 ; # kafka/server/ReplicaManager$$Lambda+0x000002190148d580
instanceKlass org/apache/kafka/storage/internals/log/VerificationGuard
instanceKlass  @bci kafka/server/ReplicaManager appendToLocalLog (ZLorg/apache/kafka/storage/internals/log/AppendOrigin;Lscala/collection/Map;SLkafka/server/RequestLocal;Lscala/collection/Map;)Lscala/collection/Map; 33 <adapter> ; # java/lang/invoke/LambdaForm$MH+0x0000021901489000
# instanceKlass java/lang/invoke/LambdaForm$DMH+0x0000021901488c00
instanceKlass  @bci kafka/server/ReplicaManager appendToLocalLog (ZLorg/apache/kafka/storage/internals/log/AppendOrigin;Lscala/collection/Map;SLkafka/server/RequestLocal;Lscala/collection/Map;)Lscala/collection/Map; 33 <appendix> form vmentry <vmtarget> ; # java/lang/invoke/LambdaForm$DMH+0x0000021901488800
instanceKlass  @bci kafka/server/ReplicaManager appendToLocalLog (ZLorg/apache/kafka/storage/internals/log/AppendOrigin;Lscala/collection/Map;SLkafka/server/RequestLocal;Lscala/collection/Map;)Lscala/collection/Map; 33 <appendix> member <vmtarget> ; # kafka/server/ReplicaManager$$Lambda+0x000002190148cfc8
instanceKlass  @cpi kafka/server/ReplicaManager 2009 form vmentry <vmtarget> ; # java/lang/invoke/LambdaForm$DMH+0x0000021901488400
instanceKlass  @bci kafka/server/KafkaApis handleProduceRequest (Lkafka/network/RequestChannel$Request;Lkafka/server/RequestLocal;)V 350 <appendix> member <vmtarget> ; # kafka/server/KafkaApis$$Lambda+0x000002190148cc08
instanceKlass  @bci kafka/server/KafkaApis handleProduceRequest (Lkafka/network/RequestChannel$Request;Lkafka/server/RequestLocal;)V 341 <appendix> member <vmtarget> ; # kafka/server/KafkaApis$$Lambda+0x000002190148c848
instanceKlass  @bci kafka/server/metadata/ZkMetadataCache $anonfun$getTopicMetadata$2 (Ljava/lang/String;Lkafka/server/metadata/MetadataSnapshot;Lscala/collection/Iterable;)Lorg/apache/kafka/common/message/MetadataResponseData$MetadataResponseTopic; 25 <appendix> argL0 ; # kafka/server/metadata/ZkMetadataCache$$Lambda+0x000002190148c3b8
instanceKlass  @bci kafka/server/metadata/ZkMetadataCache $anonfun$getPartitionMetadata$2 (Lkafka/server/metadata/ZkMetadataCache;Ljava/lang/String;Lkafka/server/metadata/MetadataSnapshot;Lorg/apache/kafka/common/network/ListenerName;ZZLscala/Tuple2;)Lorg/apache/kafka/common/message/MetadataResponseData$MetadataResponsePartition; 341 <appendix> argL0 ; # kafka/server/metadata/ZkMetadataCache$$Lambda+0x0000021901487cd8
instanceKlass  @bci kafka/server/metadata/ZkMetadataCache $anonfun$getPartitionMetadata$2 (Lkafka/server/metadata/ZkMetadataCache;Ljava/lang/String;Lkafka/server/metadata/MetadataSnapshot;Lorg/apache/kafka/common/network/ListenerName;ZZLscala/Tuple2;)Lorg/apache/kafka/common/message/MetadataResponseData$MetadataResponsePartition; 333 <appendix> argL0 ; # kafka/server/metadata/ZkMetadataCache$$Lambda+0x000002190148c000
instanceKlass  @bci kafka/server/metadata/ZkMetadataCache getAliveEndpoint (Lkafka/server/metadata/MetadataSnapshot;ILorg/apache/kafka/common/network/ListenerName;)Lscala/Option; 10 <appendix> member <vmtarget> ; # kafka/server/metadata/ZkMetadataCache$$Lambda+0x0000021901487918
instanceKlass  @bci kafka/server/metadata/ZkMetadataCache $anonfun$getPartitionMetadata$1 (Lkafka/server/metadata/ZkMetadataCache;Ljava/lang/String;Lkafka/server/metadata/MetadataSnapshot;Lorg/apache/kafka/common/network/ListenerName;ZZLscala/collection/mutable/LongMap;)Lscala/collection/mutable/Iterable; 10 <appendix> member <vmtarget> ; # kafka/server/metadata/ZkMetadataCache$$Lambda+0x0000021901487558
instanceKlass  @bci kafka/server/metadata/ZkMetadataCache updateMetadata (ILorg/apache/kafka/common/requests/UpdateMetadataRequest;)Lscala/collection/Seq; 920 <adapter> ; # java/lang/invoke/LambdaForm$MH+0x0000021901488000
# instanceKlass java/lang/invoke/LambdaForm$DMH+0x0000021901486c00
instanceKlass  @bci kafka/server/metadata/ZkMetadataCache updateMetadata (ILorg/apache/kafka/common/requests/UpdateMetadataRequest;)Lscala/collection/Seq; 920 <appendix> form vmentry <vmtarget> ; # java/lang/invoke/LambdaForm$DMH+0x0000021901486800
instanceKlass  @bci kafka/server/metadata/ZkMetadataCache updateMetadata (ILorg/apache/kafka/common/requests/UpdateMetadataRequest;)Lscala/collection/Seq; 920 <appendix> member <vmtarget> ; # kafka/server/metadata/ZkMetadataCache$$Lambda+0x00000219014872a8
instanceKlass  @cpi kafka/server/metadata/ZkMetadataCache 1218 form vmentry <vmtarget> ; # java/lang/invoke/LambdaForm$DMH+0x0000021901486400
instanceKlass  @bci kafka/server/metadata/ZkMetadataCache addOrUpdatePartitionInfo (Lscala/collection/mutable/AnyRefMap;Ljava/lang/String;ILorg/apache/kafka/common/message/UpdateMetadataRequestData$UpdateMetadataPartitionState;)V 2 <appendix> argL0 ; # kafka/server/metadata/ZkMetadataCache$$Lambda+0x0000021901487000
instanceKlass  @bci kafka/server/metadata/ZkMetadataCache updateMetadata (ILorg/apache/kafka/common/requests/UpdateMetadataRequest;)Lscala/collection/Seq; 882 <adapter> ; # java/lang/invoke/LambdaForm$MH+0x0000021901486000
# instanceKlass java/lang/invoke/LambdaForm$DMH+0x0000021901485c00
instanceKlass  @bci kafka/server/metadata/ZkMetadataCache updateMetadata (ILorg/apache/kafka/common/requests/UpdateMetadataRequest;)Lscala/collection/Seq; 882 <appendix> form vmentry <vmtarget> ; # java/lang/invoke/LambdaForm$DMH+0x0000021901485800
instanceKlass  @bci kafka/server/metadata/ZkMetadataCache updateMetadata (ILorg/apache/kafka/common/requests/UpdateMetadataRequest;)Lscala/collection/Seq; 882 <appendix> member <vmtarget> ; # kafka/server/metadata/ZkMetadataCache$$Lambda+0x0000021901483a00
instanceKlass  @cpi kafka/server/metadata/ZkMetadataCache 1205 form vmentry <vmtarget> ; # java/lang/invoke/LambdaForm$DMH+0x0000021901485400
instanceKlass  @bci kafka/server/metadata/ZkMetadataCache updateMetadata (ILorg/apache/kafka/common/requests/UpdateMetadataRequest;)Lscala/collection/Seq; 802 <appendix> member <vmtarget> ; # kafka/server/metadata/ZkMetadataCache$$Lambda+0x0000021901483460
instanceKlass  @bci kafka/server/metadata/ZkMetadataCache updateMetadata (ILorg/apache/kafka/common/requests/UpdateMetadataRequest;)Lscala/collection/Seq; 797 <appendix> member <vmtarget> ; # kafka/server/metadata/ZkMetadataCache$$Lambda+0x0000021901482ec0
instanceKlass  @bci kafka/controller/KafkaController processLeaderAndIsrResponseReceived (Lorg/apache/kafka/common/requests/LeaderAndIsrResponse;I)V 113 <appendix> argL0 ; # kafka/controller/KafkaController$$Lambda+0x0000021901482c18
instanceKlass  @bci kafka/controller/KafkaController processLeaderAndIsrResponseReceived (Lorg/apache/kafka/common/requests/LeaderAndIsrResponse;I)V 92 <appendix> member <vmtarget> ; # kafka/controller/KafkaController$$Lambda+0x00000219014829f0
instanceKlass  @bci org/apache/kafka/common/requests/UpdateMetadataRequest$Builder groupByTopic (Ljava/util/Map;Ljava/util/List;)Ljava/util/Map; 44 <appendix> member <vmtarget> ; # org/apache/kafka/common/requests/UpdateMetadataRequest$Builder$$Lambda+0x00000219014827b8
instanceKlass  @bci org/apache/kafka/common/requests/LeaderAndIsrResponse partitionErrors (Ljava/util/Map;)Ljava/util/Map; 97 <appendix> member <vmtarget> ; # org/apache/kafka/common/requests/LeaderAndIsrResponse$$Lambda+0x0000021901482590
instanceKlass  @bci java/util/stream/Collectors lambda$groupingBy$55 (Ljava/util/function/Function;Ljava/util/Map;)Ljava/util/Map; 2 <appendix> member <vmtarget> ; # java/util/stream/Collectors$$Lambda+0x0000021901275ff8
instanceKlass  @bci java/util/stream/Collectors lambda$groupingBy$53 (Ljava/util/function/Function;Ljava/util/function/Supplier;Ljava/util/function/BiConsumer;Ljava/util/Map;Ljava/lang/Object;)V 20 <appendix> member <vmtarget> ; # java/util/stream/Collectors$$Lambda+0x0000021901275dc0
instanceKlass  @bci java/util/stream/Collectors groupingBy (Ljava/util/function/Function;Ljava/util/function/Supplier;Ljava/util/stream/Collector;)Ljava/util/stream/Collector; 84 <appendix> member <vmtarget> ; # java/util/stream/Collectors$$Lambda+0x0000021901275b88
instanceKlass  @bci java/util/stream/Collectors mapMerger (Ljava/util/function/BinaryOperator;)Ljava/util/function/BinaryOperator; 1 <appendix> member <vmtarget> ; # java/util/stream/Collectors$$Lambda+0x0000021901275948
instanceKlass  @bci java/util/stream/Collectors groupingBy (Ljava/util/function/Function;Ljava/util/function/Supplier;Ljava/util/stream/Collector;)Ljava/util/stream/Collector; 19 <appendix> member <vmtarget> ; # java/util/stream/Collectors$$Lambda+0x0000021901275720
instanceKlass  @cpi kafka/server/FetchSession 199 form vmentry <vmtarget> ; # java/lang/invoke/LambdaForm$DMH+0x0000021901485000
instanceKlass  @bci java/util/stream/Collectors groupingBy (Ljava/util/function/Function;Ljava/util/stream/Collector;)Ljava/util/stream/Collector; 1 <appendix> argL0 ; # java/util/stream/Collectors$$Lambda+0x0000021901275510
instanceKlass  @bci java/util/stream/Collectors summingInt (Ljava/util/function/ToIntFunction;)Ljava/util/stream/Collector; 20 <appendix> argL0 ; # java/util/stream/Collectors$$Lambda+0x00000219012752e0
instanceKlass  @bci java/util/stream/Collectors summingInt (Ljava/util/function/ToIntFunction;)Ljava/util/stream/Collector; 15 <appendix> argL0 ; # java/util/stream/Collectors$$Lambda+0x00000219012750a8
instanceKlass  @bci java/util/stream/Collectors summingInt (Ljava/util/function/ToIntFunction;)Ljava/util/stream/Collector; 10 <appendix> member <vmtarget> ; # java/util/stream/Collectors$$Lambda+0x0000021901274e80
instanceKlass  @bci java/util/stream/Collectors summingInt (Ljava/util/function/ToIntFunction;)Ljava/util/stream/Collector; 4 <appendix> argL0 ; # java/util/stream/Collectors$$Lambda+0x0000021901274c70
instanceKlass  @bci org/apache/kafka/common/requests/AbstractResponse errorCounts (Ljava/util/stream/Stream;)Ljava/util/Map; 6 <appendix> argL0 ; # org/apache/kafka/common/requests/AbstractResponse$$Lambda+0x0000021901482380
instanceKlass java/util/function/ToIntFunction
instanceKlass  @bci org/apache/kafka/common/requests/AbstractResponse errorCounts (Ljava/util/stream/Stream;)Ljava/util/Map; 1 <appendix> argL0 ; # org/apache/kafka/common/requests/AbstractResponse$$Lambda+0x0000021901482150
instanceKlass  @bci org/apache/kafka/common/requests/LeaderAndIsrResponse errorCounts ()Ljava/util/Map; 136 <appendix> argL0 ; # org/apache/kafka/common/requests/LeaderAndIsrResponse$$Lambda+0x0000021901481f20
instanceKlass  @bci org/apache/kafka/common/requests/LeaderAndIsrResponse errorCounts ()Ljava/util/Map; 126 <appendix> argL0 ; # org/apache/kafka/common/requests/LeaderAndIsrResponse$$Lambda+0x0000021901481cf0
instanceKlass  @bci kafka/server/ReplicaManager becomeLeaderOrFollower (ILorg/apache/kafka/common/requests/LeaderAndIsrRequest;Lscala/Function2;)Lorg/apache/kafka/common/requests/LeaderAndIsrResponse; 1303 <adapter> ; # java/lang/invoke/LambdaForm$MH+0x0000021901484c00
# instanceKlass java/lang/invoke/LambdaForm$DMH+0x0000021901484800
instanceKlass  @bci kafka/server/ReplicaManager becomeLeaderOrFollower (ILorg/apache/kafka/common/requests/LeaderAndIsrRequest;Lscala/Function2;)Lorg/apache/kafka/common/requests/LeaderAndIsrResponse; 1303 <appendix> form vmentry <vmtarget> ; # java/lang/invoke/LambdaForm$DMH+0x0000021901484400
instanceKlass  @bci kafka/server/ReplicaManager becomeLeaderOrFollower (ILorg/apache/kafka/common/requests/LeaderAndIsrRequest;Lscala/Function2;)Lorg/apache/kafka/common/requests/LeaderAndIsrResponse; 1303 <appendix> member <vmtarget> ; # kafka/server/ReplicaManager$$Lambda+0x0000021901481a40
instanceKlass  @cpi kafka/server/ReplicaManager 2841 form vmentry <vmtarget> ; # java/lang/invoke/LambdaForm$DMH+0x0000021901484000
instanceKlass  @bci kafka/server/ReplicaManager becomeLeaderOrFollower (ILorg/apache/kafka/common/requests/LeaderAndIsrRequest;Lscala/Function2;)Lorg/apache/kafka/common/requests/LeaderAndIsrResponse; 1250 <appendix> member <vmtarget> ; # kafka/server/ReplicaManager$$Lambda+0x00000219014814a0
instanceKlass  @bci kafka/server/ReplicaManager becomeLeaderOrFollower (ILorg/apache/kafka/common/requests/LeaderAndIsrRequest;Lscala/Function2;)Lorg/apache/kafka/common/requests/LeaderAndIsrResponse; 1239 <appendix> member <vmtarget> ; # kafka/server/ReplicaManager$$Lambda+0x0000021901480f00
instanceKlass  @bci kafka/server/RequestHandlerHelper$ onLeadershipChange (Lorg/apache/kafka/coordinator/group/GroupCoordinator;Lkafka/coordinator/transaction/TransactionCoordinator;Lscala/collection/Iterable;Lscala/collection/Iterable;)V 17 <appendix> member <vmtarget> ; # kafka/server/RequestHandlerHelper$$$Lambda+0x0000021901480780
instanceKlass  @bci kafka/server/checkpoints/OffsetCheckpointFile write (Lscala/collection/Map;)V 16 <appendix> member <vmtarget> ; # kafka/server/checkpoints/OffsetCheckpointFile$$Lambda+0x00000219014803c0
instanceKlass  @bci kafka/server/RequestHandlerHelper$ onLeadershipChange (Lorg/apache/kafka/coordinator/group/GroupCoordinator;Lkafka/coordinator/transaction/TransactionCoordinator;Lscala/collection/Iterable;Lscala/collection/Iterable;)V 3 <appendix> member <vmtarget> ; # kafka/server/RequestHandlerHelper$$$Lambda+0x0000021901480000
instanceKlass  @bci kafka/server/ReplicaManager $anonfun$checkpointHighWatermarks$6 (Lkafka/server/ReplicaManager;Lscala/Tuple2;)V 31 <appendix> member <vmtarget> ; # kafka/server/ReplicaManager$$Lambda+0x000002190147bb00
instanceKlass kafka/server/RequestHandlerHelper$
instanceKlass  @bci kafka/server/ReplicaManager becomeLeaderOrFollower (ILorg/apache/kafka/common/requests/LeaderAndIsrRequest;Lscala/Function2;)Lorg/apache/kafka/common/requests/LeaderAndIsrResponse; 1145 <appendix> member <vmtarget> ; # kafka/server/ReplicaManager$$Lambda+0x000002190147a3c0
instanceKlass  @bci kafka/server/ReplicaManager checkpointHighWatermarks ()V 40 <appendix> member <vmtarget> ; # kafka/server/ReplicaManager$$Lambda+0x000002190147a000
instanceKlass  @bci kafka/server/ReplicaManager checkpointHighWatermarks ()V 31 <appendix> argL0 ; # kafka/server/ReplicaManager$$Lambda+0x000002190147f9c0
instanceKlass  @bci kafka/server/KafkaApis handleProduceRequest (Lkafka/network/RequestChannel$Request;Lkafka/server/RequestLocal;)V 341 <appendix> form vmentry <vmtarget> ; # java/lang/invoke/LambdaForm$DMH+0x0000021901479c00
instanceKlass  @bci kafka/server/ReplicaManager $anonfun$checkpointHighWatermarks$2 (Lscala/collection/mutable/AnyRefMap;Lkafka/cluster/Partition;)V 18 <appendix> member <vmtarget> ; # kafka/server/ReplicaManager$$Lambda+0x000002190147f600
instanceKlass  @bci kafka/server/ReplicaManager putHw$1 (Lscala/collection/mutable/AnyRefMap;Lkafka/log/UnifiedLog;)V 5 <appendix> argL0 ; # kafka/server/ReplicaManager$$Lambda+0x000002190147f358
instanceKlass  @bci kafka/server/ReplicaManager $anonfun$maybeAddLogDirFetchers$1 (Lkafka/server/ReplicaManager;Lkafka/server/checkpoints/OffsetCheckpoints;Lscala/Function1;Lscala/collection/mutable/HashMap;Lkafka/cluster/Partition;)V 25 <appendix> member <vmtarget> ; # kafka/server/ReplicaManager$$Lambda+0x000002190147ef98
instanceKlass  @bci kafka/server/ReplicaManager $anonfun$checkpointHighWatermarks$2 (Lscala/collection/mutable/AnyRefMap;Lkafka/cluster/Partition;)V 5 <appendix> member <vmtarget> ; # kafka/server/ReplicaManager$$Lambda+0x000002190147ebd8
instanceKlass  @bci kafka/server/ReplicaManager maybeAddLogDirFetchers (Lscala/collection/Set;Lkafka/server/checkpoints/OffsetCheckpoints;Lscala/Function1;)V 15 <appendix> member <vmtarget> ; # kafka/server/ReplicaManager$$Lambda+0x000002190147e818
instanceKlass  @bci kafka/server/ReplicaManager checkpointHighWatermarks ()V 20 <appendix> member <vmtarget> ; # kafka/server/ReplicaManager$$Lambda+0x000002190147e458
instanceKlass  @bci kafka/server/ReplicaManager becomeLeaderOrFollower (ILorg/apache/kafka/common/requests/LeaderAndIsrRequest;Lscala/Function2;)Lorg/apache/kafka/common/requests/LeaderAndIsrResponse; 1113 <appendix> member <vmtarget> ; # kafka/server/ReplicaManager$$Lambda+0x000002190147e098
instanceKlass  @bci kafka/server/ReplicaManager startHighWatermarkCheckPointThread ()V 20 <appendix> member <vmtarget> ; # kafka/server/ReplicaManager$$Lambda+0x0000021901477d70
instanceKlass  @bci kafka/utils/Pool getAndMaybePut (Ljava/lang/Object;)Ljava/lang/Object; 25 <appendix> member <vmtarget> ; # kafka/utils/Pool$$Lambda+0x000002190147dde8
instanceKlass  @bci kafka/server/ReplicaManager updateLeaderAndFollowerMetrics (Lscala/collection/Set;)V 46 <appendix> member <vmtarget> ; # kafka/server/ReplicaManager$$Lambda+0x000002190147da28
instanceKlass  @bci kafka/server/ReplicaManager updateLeaderAndFollowerMetrics (Lscala/collection/Set;)V 28 <appendix> member <vmtarget> ; # kafka/server/ReplicaManager$$Lambda+0x000002190147d668
instanceKlass  @bci kafka/server/ReplicaManager updateLeaderAndFollowerMetrics (Lscala/collection/Set;)V 4 <appendix> argL0 ; # kafka/server/ReplicaManager$$Lambda+0x000002190147d2b0
instanceKlass  @bci kafka/server/ReplicaManager leaderPartitionsIterator ()Lscala/collection/Iterator; 4 <appendix> argL0 ; # kafka/server/ReplicaManager$$Lambda+0x000002190147cef8
instanceKlass  @bci kafka/server/ReplicaManager onlinePartitionsIterator ()Lscala/collection/Iterator; 12 <appendix> argL0 ; # kafka/server/ReplicaManager$$Lambda+0x000002190147cb40
instanceKlass  @bci kafka/server/ReplicaManager becomeLeaderOrFollower (ILorg/apache/kafka/common/requests/LeaderAndIsrRequest;Lscala/Function2;)Lorg/apache/kafka/common/requests/LeaderAndIsrResponse; 933 <appendix> argL0 ; # kafka/server/ReplicaManager$$Lambda+0x000002190147c788
instanceKlass  @bci kafka/cluster/Partition maybeIncrementLeaderHW (Lkafka/log/UnifiedLog;J)Z 45 <appendix> member <vmtarget> ; # kafka/cluster/Partition$$Lambda+0x000002190147c3c0
instanceKlass  @bci kafka/cluster/Partition $anonfun$makeLeader$1 (Lkafka/cluster/Partition;Lorg/apache/kafka/common/message/LeaderAndIsrRequestData$LeaderAndIsrPartitionState;Lscala/Option;Ljava/lang/Object;Lkafka/server/checkpoints/OffsetCheckpoints;Lscala/Option;)Lscala/Tuple2; 356 <adapter> ; # java/lang/invoke/LambdaForm$MH+0x0000021901479800
# instanceKlass java/lang/invoke/LambdaForm$DMH+0x0000021901479400
instanceKlass  @bci kafka/cluster/Partition $anonfun$makeLeader$1 (Lkafka/cluster/Partition;Lorg/apache/kafka/common/message/LeaderAndIsrRequestData$LeaderAndIsrPartitionState;Lscala/Option;Ljava/lang/Object;Lkafka/server/checkpoints/OffsetCheckpoints;Lscala/Option;)Lscala/Tuple2; 356 <appendix> form vmentry <vmtarget> ; # java/lang/invoke/LambdaForm$DMH+0x0000021901479000
instanceKlass  @bci kafka/cluster/Partition $anonfun$makeLeader$1 (Lkafka/cluster/Partition;Lorg/apache/kafka/common/message/LeaderAndIsrRequestData$LeaderAndIsrPartitionState;Lscala/Option;Ljava/lang/Object;Lkafka/server/checkpoints/OffsetCheckpoints;Lscala/Option;)Lscala/Tuple2; 356 <appendix> member <vmtarget> ; # kafka/cluster/Partition$$Lambda+0x000002190147c000
instanceKlass  @cpi kafka/cluster/Partition 2617 form vmentry <vmtarget> ; # java/lang/invoke/LambdaForm$DMH+0x0000021901478c00
instanceKlass  @bci kafka/log/UnifiedLog maybeAssignEpochStartOffset (IJ)V 6 <adapter> ; # java/lang/invoke/LambdaForm$MH+0x0000021901478800
# instanceKlass java/lang/invoke/LambdaForm$DMH+0x0000021901478400
instanceKlass  @bci kafka/log/UnifiedLog maybeAssignEpochStartOffset (IJ)V 6 <appendix> form vmentry <vmtarget> ; # java/lang/invoke/LambdaForm$DMH+0x0000021901478000
instanceKlass  @bci kafka/log/UnifiedLog maybeAssignEpochStartOffset (IJ)V 6 <appendix> member <vmtarget> ; # kafka/log/UnifiedLog$$Lambda+0x0000021901476bc0
instanceKlass  @cpi kafka/log/UnifiedLog 1716 form vmentry <vmtarget> ; # java/lang/invoke/LambdaForm$DMH+0x0000021901476400
instanceKlass  @bci kafka/cluster/Partition isUnderMinIsr ()Z 5 <appendix> member <vmtarget> ; # kafka/cluster/Partition$$Lambda+0x0000021901476800
instanceKlass  @bci kafka/cluster/Partition leaderLogIfLocal ()Lscala/Option; 5 <appendix> member <vmtarget> ; # kafka/cluster/Partition$$Lambda+0x00000219014779b0
instanceKlass  @bci kafka/cluster/Partition $anonfun$makeLeader$1 (Lkafka/cluster/Partition;Lorg/apache/kafka/common/message/LeaderAndIsrRequestData$LeaderAndIsrPartitionState;Lscala/Option;Ljava/lang/Object;Lkafka/server/checkpoints/OffsetCheckpoints;Lscala/Option;)Lscala/Tuple2; 326 <adapter> ; # java/lang/invoke/LambdaForm$MH+0x0000021901476000
# instanceKlass java/lang/invoke/LambdaForm$DMH+0x0000021901475c00
instanceKlass  @bci kafka/cluster/Partition $anonfun$makeLeader$1 (Lkafka/cluster/Partition;Lorg/apache/kafka/common/message/LeaderAndIsrRequestData$LeaderAndIsrPartitionState;Lscala/Option;Ljava/lang/Object;Lkafka/server/checkpoints/OffsetCheckpoints;Lscala/Option;)Lscala/Tuple2; 326 <appendix> form vmentry <vmtarget> ; # java/lang/invoke/LambdaForm$DMH+0x0000021901475800
instanceKlass  @bci kafka/cluster/Partition $anonfun$makeLeader$1 (Lkafka/cluster/Partition;Lorg/apache/kafka/common/message/LeaderAndIsrRequestData$LeaderAndIsrPartitionState;Lscala/Option;Ljava/lang/Object;Lkafka/server/checkpoints/OffsetCheckpoints;Lscala/Option;)Lscala/Tuple2; 326 <appendix> member <vmtarget> ; # kafka/cluster/Partition$$Lambda+0x0000021901473bd0
instanceKlass  @cpi kafka/cluster/Partition 2606 form vmentry <vmtarget> ; # java/lang/invoke/LambdaForm$DMH+0x0000021901475400
instanceKlass  @bci kafka/cluster/Partition localLogOrException ()Lkafka/log/UnifiedLog; 5 <appendix> member <vmtarget> ; # kafka/cluster/Partition$$Lambda+0x0000021901473920
instanceKlass  @bci scala/collection/convert/JavaCollectionWrappers$JMapWrapperLike remove (Ljava/lang/Object;)Lscala/Option; 24 <appendix> member <vmtarget> ; # scala/collection/convert/JavaCollectionWrappers$JMapWrapperLike$$Lambda+0x00000219014736f8
instanceKlass  @bci kafka/cluster/Partition updateHighWatermark$1 (Lkafka/log/UnifiedLog;Lkafka/server/checkpoints/OffsetCheckpoints;)V 38 <appendix> member <vmtarget> ; # kafka/cluster/Partition$$Lambda+0x0000021901473448
instanceKlass  @bci kafka/log/UnifiedLog updateHighWatermarkMetadata (Lorg/apache/kafka/storage/internals/log/LogOffsetMetadata;)V 96 <appendix> member <vmtarget> ; # kafka/log/UnifiedLog$$Lambda+0x0000021901473198
instanceKlass  @bci kafka/cluster/Partition$$anon$2 onHighWatermarkUpdated (J)V 9 <appendix> member <vmtarget> ; # kafka/cluster/Partition$$anon$2$$Lambda+0x0000021901472f70
instanceKlass  @cpi kafka/cluster/Partition$$anon$2 32 form vmentry <vmtarget> ; # java/lang/invoke/LambdaForm$DMH+0x0000021901475000
instanceKlass kafka/cluster/PartitionListener
instanceKlass  @bci kafka/cluster/Partition updateHighWatermark$1 (Lkafka/log/UnifiedLog;Lkafka/server/checkpoints/OffsetCheckpoints;)V 15 <appendix> member <vmtarget> ; # kafka/cluster/Partition$$Lambda+0x0000021901472ab0
instanceKlass  @bci kafka/server/checkpoints/LazyOffsetCheckpoints fetch (Ljava/lang/String;Lorg/apache/kafka/common/TopicPartition;)Lscala/Option; 6 <appendix> member <vmtarget> ; # kafka/server/checkpoints/LazyOffsetCheckpoints$$Lambda+0x0000021901472800
instanceKlass  @bci kafka/log/LogManager $anonfun$getOrCreateLog$12 (Lkafka/log/UnifiedLog;Lorg/apache/kafka/common/TopicPartition;Lorg/apache/kafka/common/Uuid;)V 6 <appendix> member <vmtarget> ; # kafka/log/LogManager$$Lambda+0x0000021901472440
instanceKlass  @bci kafka/log/LogManager getOrCreateLog (Lorg/apache/kafka/common/TopicPartition;ZZLscala/Option;Lscala/Option;)Lkafka/log/UnifiedLog; 63 <appendix> member <vmtarget> ; # kafka/log/LogManager$$Lambda+0x0000021901472080
instanceKlass  @bci kafka/log/LogManager getOrCreateLog (Lorg/apache/kafka/common/TopicPartition;ZZLscala/Option;Lscala/Option;)Lkafka/log/UnifiedLog; 22 <adapter> ; # java/lang/invoke/LambdaForm$MH+0x0000021901474c00
# instanceKlass java/lang/invoke/LambdaForm$DMH+0x0000021901474800
instanceKlass  @bci kafka/log/LogManager getOrCreateLog (Lorg/apache/kafka/common/TopicPartition;ZZLscala/Option;Lscala/Option;)Lkafka/log/UnifiedLog; 22 <appendix> form vmentry <vmtarget> ; # java/lang/invoke/LambdaForm$DMH+0x0000021901474400
instanceKlass  @bci kafka/log/LogManager getOrCreateLog (Lorg/apache/kafka/common/TopicPartition;ZZLscala/Option;Lscala/Option;)Lkafka/log/UnifiedLog; 22 <appendix> member <vmtarget> ; # kafka/log/LogManager$$Lambda+0x0000021901471dd0
instanceKlass  @cpi kafka/log/LogManager 1777 form vmentry <vmtarget> ; # java/lang/invoke/LambdaForm$DMH+0x0000021901474000
instanceKlass  @bci kafka/cluster/Partition updateAssignmentAndIsr (Lscala/collection/Seq;ZLscala/collection/immutable/Set;Lscala/collection/Seq;Lscala/collection/Seq;Lorg/apache/kafka/metadata/LeaderRecoveryState;)V 48 <appendix> member <vmtarget> ; # kafka/cluster/Partition$$Lambda+0x0000021901471a10
instanceKlass kafka/cluster/Replica
instanceKlass  @bci kafka/cluster/Partition updateAssignmentAndIsr (Lscala/collection/Seq;ZLscala/collection/immutable/Set;Lscala/collection/Seq;Lscala/collection/Seq;Lorg/apache/kafka/metadata/LeaderRecoveryState;)V 30 <appendix> member <vmtarget> ; # kafka/cluster/Partition$$Lambda+0x00000219014712c0
instanceKlass  @bci kafka/cluster/Partition updateAssignmentAndIsr (Lscala/collection/Seq;ZLscala/collection/immutable/Set;Lscala/collection/Seq;Lscala/collection/Seq;Lorg/apache/kafka/metadata/LeaderRecoveryState;)V 6 <appendix> member <vmtarget> ; # kafka/cluster/Partition$$Lambda+0x0000021901470ee0
instanceKlass  @bci kafka/cluster/Partition $anonfun$makeLeader$1 (Lkafka/cluster/Partition;Lorg/apache/kafka/common/message/LeaderAndIsrRequestData$LeaderAndIsrPartitionState;Lscala/Option;Ljava/lang/Object;Lkafka/server/checkpoints/OffsetCheckpoints;Lscala/Option;)Lscala/Tuple2; 189 <appendix> argL0 ; # kafka/cluster/Partition$$Lambda+0x0000021901470b28
instanceKlass  @bci kafka/cluster/Partition $anonfun$makeLeader$1 (Lkafka/cluster/Partition;Lorg/apache/kafka/common/message/LeaderAndIsrRequestData$LeaderAndIsrPartitionState;Lscala/Option;Ljava/lang/Object;Lkafka/server/checkpoints/OffsetCheckpoints;Lscala/Option;)Lscala/Tuple2; 161 <appendix> argL0 ; # kafka/cluster/Partition$$Lambda+0x0000021901470770
instanceKlass  @bci kafka/cluster/Partition $anonfun$makeLeader$1 (Lkafka/cluster/Partition;Lorg/apache/kafka/common/message/LeaderAndIsrRequestData$LeaderAndIsrPartitionState;Lscala/Option;Ljava/lang/Object;Lkafka/server/checkpoints/OffsetCheckpoints;Lscala/Option;)Lscala/Tuple2; 128 <appendix> argL0 ; # kafka/cluster/Partition$$Lambda+0x00000219014703b8
instanceKlass  @bci kafka/cluster/Partition $anonfun$makeLeader$1 (Lkafka/cluster/Partition;Lorg/apache/kafka/common/message/LeaderAndIsrRequestData$LeaderAndIsrPartitionState;Lscala/Option;Ljava/lang/Object;Lkafka/server/checkpoints/OffsetCheckpoints;Lscala/Option;)Lscala/Tuple2; 100 <appendix> argL0 ; # kafka/cluster/Partition$$Lambda+0x0000021901470000
instanceKlass  @bci kafka/server/ReplicaManager becomeLeaderOrFollower (ILorg/apache/kafka/common/requests/LeaderAndIsrRequest;Lscala/Function2;)Lorg/apache/kafka/common/requests/LeaderAndIsrResponse; 481 <appendix> member <vmtarget> ; # kafka/server/ReplicaManager$$Lambda+0x000002190146f8e8
instanceKlass  @bci kafka/server/ReplicaManager becomeLeaderOrFollower (ILorg/apache/kafka/common/requests/LeaderAndIsrRequest;Lscala/Function2;)Lorg/apache/kafka/common/requests/LeaderAndIsrResponse; 470 <adapter> ; # java/lang/invoke/LambdaForm$MH+0x000002190146bc00
# instanceKlass java/lang/invoke/LambdaForm$DMH+0x000002190146b800
instanceKlass  @bci kafka/server/ReplicaManager becomeLeaderOrFollower (ILorg/apache/kafka/common/requests/LeaderAndIsrRequest;Lscala/Function2;)Lorg/apache/kafka/common/requests/LeaderAndIsrResponse; 470 <appendix> form vmentry <vmtarget> ; # java/lang/invoke/LambdaForm$DMH+0x000002190146b400
instanceKlass  @bci kafka/server/ReplicaManager becomeLeaderOrFollower (ILorg/apache/kafka/common/requests/LeaderAndIsrRequest;Lscala/Function2;)Lorg/apache/kafka/common/requests/LeaderAndIsrResponse; 470 <appendix> member <vmtarget> ; # kafka/server/ReplicaManager$$Lambda+0x000002190146f348
instanceKlass  @cpi kafka/server/ReplicaManager 2615 form vmentry <vmtarget> ; # java/lang/invoke/LambdaForm$DMH+0x000002190146b000
instanceKlass  @bci kafka/server/ReplicaManager becomeLeaderOrFollower (ILorg/apache/kafka/common/requests/LeaderAndIsrRequest;Lscala/Function2;)Lorg/apache/kafka/common/requests/LeaderAndIsrResponse; 440 <adapter> ; # java/lang/invoke/LambdaForm$MH+0x000002190146ac00
# instanceKlass java/lang/invoke/LambdaForm$DMH+0x000002190146a800
instanceKlass  @bci kafka/server/ReplicaManager becomeLeaderOrFollower (ILorg/apache/kafka/common/requests/LeaderAndIsrRequest;Lscala/Function2;)Lorg/apache/kafka/common/requests/LeaderAndIsrResponse; 440 <appendix> form vmentry <vmtarget> ; # java/lang/invoke/LambdaForm$DMH+0x000002190146a400
instanceKlass  @bci kafka/server/ReplicaManager becomeLeaderOrFollower (ILorg/apache/kafka/common/requests/LeaderAndIsrRequest;Lscala/Function2;)Lorg/apache/kafka/common/requests/LeaderAndIsrResponse; 440 <appendix> member <vmtarget> ; # kafka/server/ReplicaManager$$Lambda+0x000002190146f098
instanceKlass  @cpi kafka/server/ReplicaManager 2607 form vmentry <vmtarget> ; # java/lang/invoke/LambdaForm$DMH+0x000002190146a000
instanceKlass  @bci kafka/server/AbstractFetcherManager removeFetcherForPartitions (Lscala/collection/Set;)Lscala/collection/Map; 63 <appendix> member <vmtarget> ; # kafka/server/AbstractFetcherManager$$Lambda+0x000002190146ede8
instanceKlass  @bci kafka/server/AbstractFetcherManager removeFetcherForPartitions (Lscala/collection/Set;)Lscala/collection/Map; 26 <appendix> member <vmtarget> ; # kafka/server/AbstractFetcherManager$$Lambda+0x000002190146ea28
instanceKlass  @bci kafka/server/ReplicaManager becomeLeaderOrFollower (ILorg/apache/kafka/common/requests/LeaderAndIsrRequest;Lscala/Function2;)Lorg/apache/kafka/common/requests/LeaderAndIsrResponse; 412 <appendix> argL0 ; # kafka/server/ReplicaManager$$Lambda+0x000002190146e670
instanceKlass  @bci kafka/server/ReplicaManager becomeLeaderOrFollower (ILorg/apache/kafka/common/requests/LeaderAndIsrRequest;Lscala/Function2;)Lorg/apache/kafka/common/requests/LeaderAndIsrResponse; 377 <adapter> ; # java/lang/invoke/LambdaForm$MH+0x0000021901469c00
# instanceKlass java/lang/invoke/LambdaForm$DMH+0x0000021901469800
instanceKlass  @bci kafka/server/ReplicaManager becomeLeaderOrFollower (ILorg/apache/kafka/common/requests/LeaderAndIsrRequest;Lscala/Function2;)Lorg/apache/kafka/common/requests/LeaderAndIsrResponse; 377 <appendix> form vmentry <vmtarget> ; # java/lang/invoke/LambdaForm$DMH+0x0000021901469400
instanceKlass  @bci kafka/server/ReplicaManager becomeLeaderOrFollower (ILorg/apache/kafka/common/requests/LeaderAndIsrRequest;Lscala/Function2;)Lorg/apache/kafka/common/requests/LeaderAndIsrResponse; 377 <appendix> member <vmtarget> ; # kafka/server/ReplicaManager$$Lambda+0x000002190146e2b0
instanceKlass  @cpi kafka/server/ReplicaManager 2587 form vmentry <vmtarget> ; # java/lang/invoke/LambdaForm$DMH+0x0000021901469000
instanceKlass  @bci kafka/server/ReplicaManager becomeLeaderOrFollower (ILorg/apache/kafka/common/requests/LeaderAndIsrRequest;Lscala/Function2;)Lorg/apache/kafka/common/requests/LeaderAndIsrResponse; 342 <appendix> member <vmtarget> ; # kafka/server/ReplicaManager$$Lambda+0x000002190146def0
instanceKlass kafka/server/checkpoints/LazyOffsetCheckpointMap
instanceKlass  @bci kafka/server/checkpoints/LazyOffsetCheckpoints <init> (Lscala/collection/Map;)V 6 <appendix> argL0 ; # kafka/server/checkpoints/LazyOffsetCheckpoints$$Lambda+0x000002190146d930
instanceKlass kafka/server/checkpoints/LazyOffsetCheckpoints
instanceKlass  @bci kafka/cluster/Partition topicId ()Lscala/Option; 13 <appendix> argL0 ; # kafka/cluster/Partition$$Lambda+0x000002190146d358
instanceKlass  @bci kafka/server/NodeToControllerRequestThread doWork ()V 67 <appendix> member <vmtarget> ; # kafka/server/NodeToControllerRequestThread$$Lambda+0x000002190146d0a8
instanceKlass  @bci kafka/cluster/Partition topicId ()Lscala/Option; 5 <appendix> member <vmtarget> ; # kafka/cluster/Partition$$Lambda+0x000002190146cdf8
instanceKlass  @bci kafka/server/metadata/ZkMetadataCache getAliveBrokerNode (ILorg/apache/kafka/common/network/ListenerName;)Lscala/Option; 64 <appendix> member <vmtarget> ; # kafka/server/metadata/ZkMetadataCache$$Lambda+0x000002190146ca38
instanceKlass  @bci kafka/server/metadata/ZkMetadataCache getAliveBrokerNode (ILorg/apache/kafka/common/network/ListenerName;)Lscala/Option; 29 <appendix> member <vmtarget> ; # kafka/server/metadata/ZkMetadataCache$$Lambda+0x000002190146c680
instanceKlass  @bci kafka/server/ReplicaManager $anonfun$becomeLeaderOrFollower$6 (Lkafka/server/ReplicaManager;Lscala/collection/mutable/HashSet;IILscala/collection/mutable/HashMap;Lorg/apache/kafka/common/requests/LeaderAndIsrRequest;Lscala/collection/mutable/HashSet;Lscala/collection/mutable/HashMap;Lscala/collection/mutable/HashMap;Lscala/collection/mutable/HashSet;Ljava/util/Map;Lorg/apache/kafka/common/message/LeaderAndIsrRequestData$LeaderAndIsrPartitionState;)V 194 <adapter> ; # java/lang/invoke/LambdaForm$MH+0x0000021901468c00
# instanceKlass java/lang/invoke/LambdaForm$DMH+0x0000021901468800
instanceKlass kafka/server/KRaftCachedControllerId
instanceKlass  @bci kafka/server/ReplicaManager $anonfun$becomeLeaderOrFollower$6 (Lkafka/server/ReplicaManager;Lscala/collection/mutable/HashSet;IILscala/collection/mutable/HashMap;Lorg/apache/kafka/common/requests/LeaderAndIsrRequest;Lscala/collection/mutable/HashSet;Lscala/collection/mutable/HashMap;Lscala/collection/mutable/HashMap;Lscala/collection/mutable/HashSet;Ljava/util/Map;Lorg/apache/kafka/common/message/LeaderAndIsrRequestData$LeaderAndIsrPartitionState;)V 194 <appendix> form vmentry <vmtarget> ; # java/lang/invoke/LambdaForm$DMH+0x0000021901468400
instanceKlass  @bci kafka/server/metadata/ZkMetadataCache getAliveBrokerNode (ILorg/apache/kafka/common/network/ListenerName;)Lscala/Option; 20 <appendix> argL0 ; # kafka/server/metadata/ZkMetadataCache$$Lambda+0x000002190146c000
instanceKlass  @bci kafka/server/ReplicaManager $anonfun$becomeLeaderOrFollower$6 (Lkafka/server/ReplicaManager;Lscala/collection/mutable/HashSet;IILscala/collection/mutable/HashMap;Lorg/apache/kafka/common/requests/LeaderAndIsrRequest;Lscala/collection/mutable/HashSet;Lscala/collection/mutable/HashMap;Lscala/collection/mutable/HashMap;Lscala/collection/mutable/HashSet;Ljava/util/Map;Lorg/apache/kafka/common/message/LeaderAndIsrRequestData$LeaderAndIsrPartitionState;)V 194 <appendix> member <vmtarget> ; # kafka/server/ReplicaManager$$Lambda+0x0000021901467af0
instanceKlass  @cpi kafka/server/ReplicaManager 5577 form vmentry <vmtarget> ; # java/lang/invoke/LambdaForm$DMH+0x0000021901468000
instanceKlass kafka/cluster/Partition$$anon$2
instanceKlass kafka/cluster/SimpleAssignmentState
instanceKlass kafka/cluster/CommittedPartitionState
instanceKlass kafka/cluster/AssignmentState
instanceKlass kafka/cluster/PartitionState
instanceKlass kafka/cluster/DelayedOperations
instanceKlass kafka/cluster/Partition$$anon$1
instanceKlass kafka/cluster/Partition
instanceKlass kafka/cluster/AlterPartitionListener
instanceKlass kafka/cluster/Partition$
instanceKlass kafka/server/HostedPartition$Offline
instanceKlass  @bci kafka/server/ReplicaManager getPartition (Lorg/apache/kafka/common/TopicPartition;)Lkafka/server/HostedPartition; 14 <appendix> argL0 ; # kafka/server/ReplicaManager$$Lambda+0x0000021901462e78
instanceKlass kafka/server/HostedPartition$None$
instanceKlass  @bci kafka/server/ReplicaManager becomeLeaderOrFollower (ILorg/apache/kafka/common/requests/LeaderAndIsrRequest;Lscala/Function2;)Lorg/apache/kafka/common/requests/LeaderAndIsrResponse; 305 <adapter> ; # java/lang/invoke/LambdaForm$MH+0x0000021901465c00
# instanceKlass java/lang/invoke/LambdaForm$DMH+0x0000021901465800
instanceKlass  @bci kafka/server/ReplicaManager becomeLeaderOrFollower (ILorg/apache/kafka/common/requests/LeaderAndIsrRequest;Lscala/Function2;)Lorg/apache/kafka/common/requests/LeaderAndIsrResponse; 305 <appendix> form vmentry <vmtarget> ; # java/lang/invoke/LambdaForm$DMH+0x0000021901465400
instanceKlass  @bci kafka/server/ReplicaManager becomeLeaderOrFollower (ILorg/apache/kafka/common/requests/LeaderAndIsrRequest;Lscala/Function2;)Lorg/apache/kafka/common/requests/LeaderAndIsrResponse; 305 <appendix> member <vmtarget> ; # kafka/server/ReplicaManager$$Lambda+0x00000219014628c0
instanceKlass  @cpi kafka/server/ReplicaManager 2562 form vmentry <vmtarget> ; # java/lang/invoke/LambdaForm$DMH+0x0000021901465000
instanceKlass  @bci org/apache/kafka/common/requests/LeaderAndIsrRequest topicIds ()Ljava/util/Map; 17 <appendix> argL0 ; # org/apache/kafka/common/requests/LeaderAndIsrRequest$$Lambda+0x0000021901462690
instanceKlass  @bci org/apache/kafka/common/requests/LeaderAndIsrRequest topicIds ()Ljava/util/Map; 12 <appendix> argL0 ; # org/apache/kafka/common/requests/LeaderAndIsrRequest$$Lambda+0x0000021901462460
instanceKlass  @bci org/apache/kafka/common/requests/LeaderAndIsrRequest lambda$partitionStates$1 ()Ljava/util/Iterator; 16 <appendix> argL0 ; # org/apache/kafka/common/requests/LeaderAndIsrRequest$$Lambda+0x0000021901462230
instanceKlass  @bci kafka/server/ReplicaManager becomeLeaderOrFollower (ILorg/apache/kafka/common/requests/LeaderAndIsrRequest;Lscala/Function2;)Lorg/apache/kafka/common/requests/LeaderAndIsrResponse; 49 <adapter> ; # java/lang/invoke/LambdaForm$MH+0x0000021901464c00
# instanceKlass java/lang/invoke/LambdaForm$DMH+0x0000021901464800
instanceKlass  @bci kafka/server/ReplicaManager becomeLeaderOrFollower (ILorg/apache/kafka/common/requests/LeaderAndIsrRequest;Lscala/Function2;)Lorg/apache/kafka/common/requests/LeaderAndIsrResponse; 49 <appendix> form vmentry <vmtarget> ; # java/lang/invoke/LambdaForm$DMH+0x0000021901464400
instanceKlass  @bci kafka/server/ReplicaManager becomeLeaderOrFollower (ILorg/apache/kafka/common/requests/LeaderAndIsrRequest;Lscala/Function2;)Lorg/apache/kafka/common/requests/LeaderAndIsrResponse; 49 <appendix> member <vmtarget> ; # kafka/server/ReplicaManager$$Lambda+0x0000021901461f80
instanceKlass  @cpi kafka/server/ReplicaManager 2491 form vmentry <vmtarget> ; # java/lang/invoke/LambdaForm$DMH+0x0000021901464000
instanceKlass scala/collection/convert/AsScalaExtensions$IterableHasAsScala
instanceKlass  @bci org/apache/kafka/common/requests/LeaderAndIsrRequest partitionStates ()Ljava/lang/Iterable; 9 <appendix> member <vmtarget> ; # org/apache/kafka/common/requests/LeaderAndIsrRequest$$Lambda+0x0000021901460f90
instanceKlass  @bci kafka/server/KafkaApis handleLeaderAndIsrRequest (Lkafka/network/RequestChannel$Request;)V 130 <appendix> member <vmtarget> ; # kafka/server/KafkaApis$$Lambda+0x00000219014609f0
instanceKlass  @bci kafka/server/KafkaApis handleLeaderAndIsrRequest (Lkafka/network/RequestChannel$Request;)V 5 <appendix> member <vmtarget> ; # kafka/server/KafkaApis$$Lambda+0x0000021901460740
instanceKlass  @bci org/apache/kafka/common/requests/LeaderAndIsrRequest$Builder groupByTopic (Ljava/util/List;Ljava/util/Map;)Ljava/util/Map; 44 <appendix> member <vmtarget> ; # org/apache/kafka/common/requests/LeaderAndIsrRequest$Builder$$Lambda+0x0000021901460508
instanceKlass  @bci org/apache/kafka/common/requests/LeaderAndIsrRequest$Builder build (S)Lorg/apache/kafka/common/requests/LeaderAndIsrRequest; 9 <appendix> argL0 ; # org/apache/kafka/common/requests/LeaderAndIsrRequest$Builder$$Lambda+0x0000021901458db8
instanceKlass  @bci kafka/controller/RequestSendThread doWork ()V 376 <appendix> member <vmtarget> ; # kafka/controller/RequestSendThread$$Lambda+0x0000021901460258
instanceKlass org/apache/kafka/clients/ClientResponse
instanceKlass org/apache/kafka/common/requests/AbstractResponse$1
instanceKlass  @bci kafka/server/KafkaApis handleUpdateMetadataRequest (Lkafka/network/RequestChannel$Request;Lkafka/server/RequestLocal;)V 216 <appendix> member <vmtarget> ; # kafka/server/KafkaApis$$Lambda+0x0000021901458800
instanceKlass  @bci org/apache/kafka/common/requests/UpdateMetadataRequest lambda$partitionStates$1 ()Ljava/util/Iterator; 16 <appendix> argL0 ; # org/apache/kafka/common/requests/UpdateMetadataRequest$$Lambda+0x0000021901459c18
instanceKlass  @bci org/apache/kafka/common/requests/UpdateMetadataRequest partitionStates ()Ljava/lang/Iterable; 9 <appendix> member <vmtarget> ; # org/apache/kafka/common/requests/UpdateMetadataRequest$$Lambda+0x0000021901459778
instanceKlass  @bci kafka/server/metadata/ZkMetadataCache updateMetadata (ILorg/apache/kafka/common/requests/UpdateMetadataRequest;)Lscala/collection/Seq; 658 <appendix> member <vmtarget> ; # kafka/server/metadata/ZkMetadataCache$$Lambda+0x00000219014593b8
instanceKlass  @bci kafka/server/metadata/ZkMetadataCache updateMetadata (ILorg/apache/kafka/common/requests/UpdateMetadataRequest;)Lscala/collection/Seq; 605 <appendix> argL0 ; # kafka/server/metadata/ZkMetadataCache$$Lambda+0x0000021901459000
instanceKlass  @bci kafka/server/metadata/ZkMetadataCache updateMetadata (ILorg/apache/kafka/common/requests/UpdateMetadataRequest;)Lscala/collection/Seq; 592 <appendix> argL0 ; # kafka/server/metadata/ZkMetadataCache$$Lambda+0x000002190145bae0
instanceKlass  @bci kafka/server/metadata/ZkMetadataCache $anonfun$updateMetadata$9 (Lkafka/server/metadata/ZkMetadataCache;Lscala/collection/mutable/LongMap;Lscala/collection/Map;)V 12 <appendix> member <vmtarget> ; # kafka/server/metadata/ZkMetadataCache$$Lambda+0x000002190145a3c0
instanceKlass  @bci kafka/server/metadata/ZkMetadataCache updateMetadata (ILorg/apache/kafka/common/requests/UpdateMetadataRequest;)Lscala/collection/Seq; 539 <appendix> member <vmtarget> ; # kafka/server/metadata/ZkMetadataCache$$Lambda+0x000002190145a000
instanceKlass kafka/cluster/Broker$
instanceKlass  @bci kafka/server/metadata/ZkMetadataCache $anonfun$updateMetadata$7 (Lscala/collection/mutable/LongMap;Lscala/collection/mutable/LongMap;Lorg/apache/kafka/common/message/UpdateMetadataRequestData$UpdateMetadataBroker;)V 25 <appendix> member <vmtarget> ; # kafka/server/metadata/ZkMetadataCache$$Lambda+0x000002190145fbc0
instanceKlass  @bci kafka/server/metadata/ZkMetadataCache updateMetadata (ILorg/apache/kafka/common/requests/UpdateMetadataRequest;)Lscala/collection/Seq; 516 <appendix> member <vmtarget> ; # kafka/server/metadata/ZkMetadataCache$$Lambda+0x000002190145f998
instanceKlass kafka/server/ZkCachedControllerId
instanceKlass  @bci kafka/server/KafkaApis handleUpdateMetadataRequest (Lkafka/network/RequestChannel$Request;Lkafka/server/RequestLocal;)V 5 <appendix> member <vmtarget> ; # kafka/server/KafkaApis$$Lambda+0x000002190145f420
instanceKlass org/apache/kafka/clients/NetworkClient$InFlightRequest
instanceKlass org/apache/kafka/common/security/authenticator/SaslClientAuthenticator
instanceKlass org/apache/kafka/clients/ClientRequest
instanceKlass  @bci kafka/controller/RequestSendThread brokerReady ()Z 88 <appendix> member <vmtarget> ; # kafka/controller/RequestSendThread$$Lambda+0x000002190145ea28
instanceKlass  @bci org/apache/kafka/common/requests/ProduceResponse lambda$errorCounts$4 (Ljava/util/Map;Lorg/apache/kafka/common/message/ProduceResponseData$TopicProduceResponse;)V 6 <appendix> member <vmtarget> ; # org/apache/kafka/common/requests/ProduceResponse$$Lambda+0x000002190145e800
instanceKlass  @bci org/apache/kafka/common/requests/ProduceResponse errorCounts ()Ljava/util/Map; 17 <appendix> member <vmtarget> ; # org/apache/kafka/common/requests/ProduceResponse$$Lambda+0x000002190145e5d8
instanceKlass  @bci org/apache/kafka/common/requests/ProduceResponse toData (Ljava/util/Map;ILjava/util/List;)Lorg/apache/kafka/common/message/ProduceResponseData; 26 <appendix> member <vmtarget> ; # org/apache/kafka/common/requests/ProduceResponse$$Lambda+0x000002190145e3b0
instanceKlass  @bci org/apache/kafka/common/requests/ProduceResponse lambda$toData$1 (Lorg/apache/kafka/common/message/ProduceResponseData;Lorg/apache/kafka/common/TopicPartition;Lorg/apache/kafka/common/requests/ProduceResponse$PartitionResponse;)V 129 <appendix> argL0 ; # org/apache/kafka/common/requests/ProduceResponse$$Lambda+0x000002190145e180
instanceKlass org/apache/kafka/common/requests/ProduceResponse$RecordError
instanceKlass  @bci org/apache/kafka/common/requests/ProduceResponse toData (Ljava/util/Map;ILjava/util/List;)Lorg/apache/kafka/common/message/ProduceResponseData; 14 <appendix> member <vmtarget> ; # org/apache/kafka/common/requests/ProduceResponse$$Lambda+0x000002190145dd58
instanceKlass  @bci kafka/server/KafkaApis $anonfun$handleProduceRequest$4 (Lkafka/server/KafkaApis;Lscala/runtime/BooleanRef;Lkafka/network/RequestChannel$Request;Lscala/collection/mutable/HashMap;Lorg/apache/kafka/common/TopicPartition;Lorg/apache/kafka/common/requests/ProduceResponse$PartitionResponse;)Ljava/lang/Object; 42 <appendix> member <vmtarget> ; # kafka/server/KafkaApis$$Lambda+0x000002190145d328
instanceKlass  @bci kafka/server/KafkaApis sendResponseCallback$1 (Lscala/collection/Map;Lscala/collection/mutable/Map;Lscala/collection/mutable/Map;Lscala/collection/mutable/Map;Lkafka/network/RequestChannel$Request;Lorg/apache/kafka/common/requests/ProduceRequest;)V 72 <appendix> member <vmtarget> ; # kafka/server/KafkaApis$$Lambda+0x000002190145cd88
instanceKlass  @bci kafka/server/KafkaApis sendResponseCallback$1 (Lscala/collection/Map;Lscala/collection/mutable/Map;Lscala/collection/mutable/Map;Lscala/collection/mutable/Map;Lkafka/network/RequestChannel$Request;Lorg/apache/kafka/common/requests/ProduceRequest;)V 61 <appendix> member <vmtarget> ; # kafka/server/KafkaApis$$Lambda+0x000002190145c7e8
instanceKlass org/apache/kafka/common/requests/ProduceResponse$PartitionResponse
instanceKlass  @bci kafka/server/metadata/ZkMetadataCache getPartitionInfo (Ljava/lang/String;I)Lscala/Option; 12 <appendix> member <vmtarget> ; # kafka/server/metadata/ZkMetadataCache$$Lambda+0x000002190145c228
instanceKlass  @bci kafka/server/KafkaApis $anonfun$handleProduceRequest$2 (Lkafka/server/KafkaApis;Lscala/collection/immutable/Set;Lscala/collection/mutable/Map;Lscala/collection/mutable/Map;Lkafka/network/RequestChannel$Request;Lscala/collection/mutable/Map;Lscala/collection/mutable/Map;Lorg/apache/kafka/common/message/ProduceRequestData$TopicProduceData;)V 17 <appendix> form vmentry <vmtarget> ; # java/lang/invoke/LambdaForm$DMH+0x0000021901458400
instanceKlass  @bci kafka/server/KafkaApis $anonfun$handleProduceRequest$2 (Lkafka/server/KafkaApis;Lscala/collection/immutable/Set;Lscala/collection/mutable/Map;Lscala/collection/mutable/Map;Lkafka/network/RequestChannel$Request;Lscala/collection/mutable/Map;Lscala/collection/mutable/Map;Lorg/apache/kafka/common/message/ProduceRequestData$TopicProduceData;)V 17 <appendix> member <vmtarget> ; # kafka/server/KafkaApis$$Lambda+0x000002190145c000
instanceKlass  @cpi kafka/server/KafkaApis 6562 form vmentry <vmtarget> ; # java/lang/invoke/LambdaForm$DMH+0x0000021901458000
instanceKlass  @bci kafka/server/KafkaApis handleProduceRequest (Lkafka/network/RequestChannel$Request;Lkafka/server/RequestLocal;)V 240 <appendix> form vmentry <vmtarget> ; # java/lang/invoke/LambdaForm$DMH+0x0000021901455c00
instanceKlass  @bci kafka/server/KafkaApis handleProduceRequest (Lkafka/network/RequestChannel$Request;Lkafka/server/RequestLocal;)V 240 <appendix> member <vmtarget> ; # kafka/server/KafkaApis$$Lambda+0x0000021901457c18
instanceKlass  @cpi kafka/server/KafkaApis 2337 form vmentry <vmtarget> ; # java/lang/invoke/LambdaForm$DMH+0x0000021901455800
instanceKlass  @bci kafka/server/KafkaApis handleProduceRequest (Lkafka/network/RequestChannel$Request;Lkafka/server/RequestLocal;)V 211 <appendix> argL0 ; # kafka/server/KafkaApis$$Lambda+0x0000021901457860
instanceKlass org/apache/kafka/common/record/ByteBufferLogInputStream
instanceKlass  @bci org/apache/kafka/common/requests/RequestUtils hasTransactionalRecords (Lorg/apache/kafka/common/requests/ProduceRequest;)Z 1 <appendix> argL0 ; # org/apache/kafka/common/requests/RequestUtils$$Lambda+0x00000219014573f0
instanceKlass org/apache/kafka/common/requests/RequestUtils
instanceKlass  @bci org/apache/kafka/common/record/MemoryRecords <init> (Ljava/nio/ByteBuffer;)V 6 <appendix> member <vmtarget> ; # org/apache/kafka/common/record/MemoryRecords$$Lambda+0x0000021901453dc0
instanceKlass  @bci kafka/network/Processor tryUnmuteChannel (Ljava/lang/String;)V 6 <appendix> member <vmtarget> ; # kafka/network/Processor$$Lambda+0x0000021901456778
instanceKlass  @bci kafka/network/RequestChannel$Request updateRequestMetrics (JLkafka/network/RequestChannel$Response;)V 390 <appendix> member <vmtarget> ; # kafka/network/RequestChannel$Request$$Lambda+0x00000219014563c0
instanceKlass  @bci kafka/network/RequestChannel$Request $anonfun$updateRequestMetrics$3 (Lkafka/network/RequestChannel$Request;DDDDDDDLjava/lang/String;)V 181 <appendix> member <vmtarget> ; # kafka/network/RequestChannel$Request$$Lambda+0x0000021901456000
instanceKlass  @bci kafka/network/RequestChannel$Request $anonfun$updateRequestMetrics$3 (Lkafka/network/RequestChannel$Request;DDDDDDDLjava/lang/String;)V 167 <appendix> form vmentry <vmtarget> ; # java/lang/invoke/LambdaForm$DMH+0x0000021901455400
instanceKlass  @bci kafka/network/RequestChannel$Request $anonfun$updateRequestMetrics$3 (Lkafka/network/RequestChannel$Request;DDDDDDDLjava/lang/String;)V 167 <appendix> member <vmtarget> ; # kafka/network/RequestChannel$Request$$Lambda+0x0000021901453a08
instanceKlass  @cpi kafka/network/RequestChannel$Request 954 form vmentry <vmtarget> ; # java/lang/invoke/LambdaForm$DMH+0x0000021901455000
instanceKlass  @bci kafka/network/RequestChannel$Request $anonfun$updateRequestMetrics$3 (Lkafka/network/RequestChannel$Request;DDDDDDDLjava/lang/String;)V 52 <appendix> argL0 ; # kafka/network/RequestChannel$Request$$Lambda+0x0000021901453650
instanceKlass  @bci kafka/utils/Pool getAndMaybePut (Ljava/lang/Object;Lscala/Function0;)Ljava/lang/Object; 6 <appendix> member <vmtarget> ; # kafka/utils/Pool$$Lambda+0x0000021901453418
instanceKlass  @bci kafka/network/RequestMetrics requestRate (S)Lcom/yammer/metrics/core/Meter; 10 <appendix> member <vmtarget> ; # kafka/network/RequestMetrics$$Lambda+0x0000021901453168
instanceKlass  @bci kafka/network/RequestChannel$Request updateRequestMetrics (JLkafka/network/RequestChannel$Response;)V 375 <adapter> ; # java/lang/invoke/LambdaForm$MH+0x0000021901454c00
# instanceKlass java/lang/invoke/LambdaForm$DMH+0x0000021901454800
instanceKlass  @bci kafka/network/RequestChannel$Request updateRequestMetrics (JLkafka/network/RequestChannel$Response;)V 375 <appendix> form vmentry <vmtarget> ; # java/lang/invoke/LambdaForm$DMH+0x0000021901454400
instanceKlass  @bci kafka/network/RequestChannel$Request updateRequestMetrics (JLkafka/network/RequestChannel$Response;)V 375 <appendix> member <vmtarget> ; # kafka/network/RequestChannel$Request$$Lambda+0x0000021901452da8
instanceKlass  @cpi kafka/network/RequestChannel$Request 629 form vmentry <vmtarget> ; # java/lang/invoke/LambdaForm$DMH+0x0000021901454000
instanceKlass  @bci kafka/network/RequestChannel$Request updateRequestMetrics (JLkafka/network/RequestChannel$Response;)V 43 <appendix> argL0 ; # kafka/network/RequestChannel$Request$$Lambda+0x0000021901452ae0
instanceKlass  @bci kafka/network/RequestChannel$Request updateRequestMetrics (JLkafka/network/RequestChannel$Response;)V 28 <appendix> argL0 ; # kafka/network/RequestChannel$Request$$Lambda+0x0000021901452818
instanceKlass  @bci kafka/network/Processor updateRequestMetrics (Lkafka/network/RequestChannel$Response;)V 21 <appendix> argL0 ; # kafka/network/Processor$$Lambda+0x0000021901452460
instanceKlass  @bci kafka/network/Processor updateRequestMetrics (Lkafka/network/RequestChannel$Response;)V 16 <appendix> argL0 ; # kafka/network/Processor$$Lambda+0x0000021901452198
instanceKlass  @bci kafka/network/Processor $anonfun$processCompletedSends$1 (Lkafka/network/Processor;Lorg/apache/kafka/common/network/NetworkSend;)V 31 <appendix> member <vmtarget> ; # kafka/network/Processor$$Lambda+0x0000021901451dd8
instanceKlass  @bci kafka/network/Processor $anonfun$processCompletedSends$1 (Lkafka/network/Processor;Lorg/apache/kafka/common/network/NetworkSend;)V 14 <appendix> member <vmtarget> ; # kafka/network/Processor$$Lambda+0x0000021901451b28
instanceKlass sun/nio/ch/IOVecWrapper$Deallocator
instanceKlass sun/nio/ch/NativeObject
instanceKlass sun/nio/ch/IOVecWrapper
instanceKlass  @bci org/apache/kafka/common/network/Selector attemptWrite (Ljava/nio/channels/SelectionKey;Lorg/apache/kafka/common/network/KafkaChannel;J)V 23 <appendix> member <vmtarget> ; # org/apache/kafka/common/network/Selector$$Lambda+0x0000021901451918
instanceKlass  @bci kafka/network/Processor sendResponse (Lkafka/network/RequestChannel$Response;Lorg/apache/kafka/common/network/Send;)V 14 <appendix> member <vmtarget> ; # kafka/network/Processor$$Lambda+0x0000021901451668
instanceKlass org/apache/kafka/common/network/ByteBufferSend
instanceKlass org/apache/kafka/common/protocol/types/RawTaggedFieldWriter
instanceKlass org/apache/kafka/common/protocol/MessageSizeAccumulator
instanceKlass org/apache/kafka/common/protocol/ObjectSerializationCache
instanceKlass org/apache/kafka/common/protocol/SendBuilder
instanceKlass org/apache/kafka/common/message/ResponseHeaderData
instanceKlass org/apache/kafka/common/requests/ResponseHeader
instanceKlass  @bci kafka/network/RequestChannel updateErrorMetrics (Lorg/apache/kafka/common/protocol/ApiKeys;Lscala/collection/Map;)V 18 <appendix> member <vmtarget> ; # kafka/network/RequestChannel$$Lambda+0x0000021901450000
instanceKlass  @bci kafka/network/RequestChannel updateErrorMetrics (Lorg/apache/kafka/common/protocol/ApiKeys;Lscala/collection/Map;)V 10 <appendix> member <vmtarget> ; # kafka/network/RequestChannel$$Lambda+0x000002190144f898
instanceKlass  @bci org/apache/kafka/common/requests/MetadataResponse lambda$errorCounts$1 (Ljava/util/Map;Lorg/apache/kafka/common/message/MetadataResponseData$MetadataResponseTopic;)V 6 <appendix> member <vmtarget> ; # org/apache/kafka/common/requests/MetadataResponse$$Lambda+0x000002190144f670
instanceKlass  @bci org/apache/kafka/common/requests/MetadataResponse errorCounts ()Ljava/util/Map; 17 <appendix> member <vmtarget> ; # org/apache/kafka/common/requests/MetadataResponse$$Lambda+0x000002190144f448
instanceKlass  @bci org/apache/kafka/common/requests/MetadataResponse prepareResponse (ZILjava/util/Collection;Ljava/lang/String;ILjava/util/List;I)Lorg/apache/kafka/common/requests/MetadataResponse; 56 <appendix> member <vmtarget> ; # org/apache/kafka/common/requests/MetadataResponse$$Lambda+0x000002190144f220
instanceKlass  @bci org/apache/kafka/common/requests/MetadataResponse prepareResponse (ZILjava/util/Collection;Ljava/lang/String;ILjava/util/List;I)Lorg/apache/kafka/common/requests/MetadataResponse; 19 <appendix> member <vmtarget> ; # org/apache/kafka/common/requests/MetadataResponse$$Lambda+0x000002190144eff8
instanceKlass  @bci kafka/server/KafkaApis $anonfun$handleTopicMetadataRequest$16 (Lkafka/server/KafkaApis;SLscala/collection/Iterable;Lscala/Option;Lscala/collection/immutable/Seq;Lscala/runtime/IntRef;I)Lorg/apache/kafka/common/requests/MetadataResponse; 23 <appendix> argL0 ; # kafka/server/KafkaApis$$Lambda+0x0000021901448220
instanceKlass kafka/server/RequestHandlerHelper$$anon$1
instanceKlass  @bci kafka/server/KafkaApis handleTopicMetadataRequest (Lkafka/network/RequestChannel$Request;)V 947 <adapter> ; # java/lang/invoke/LambdaForm$MH+0x0000021901445c00
# instanceKlass java/lang/invoke/LambdaForm$DMH+0x0000021901445800
instanceKlass  @bci kafka/server/KafkaApis handleTopicMetadataRequest (Lkafka/network/RequestChannel$Request;)V 947 <appendix> form vmentry <vmtarget> ; # java/lang/invoke/LambdaForm$DMH+0x0000021901445400
instanceKlass  @bci kafka/server/KafkaApis handleTopicMetadataRequest (Lkafka/network/RequestChannel$Request;)V 947 <appendix> member <vmtarget> ; # kafka/server/KafkaApis$$Lambda+0x0000021901447c40
instanceKlass  @cpi kafka/server/KafkaApis 3045 form vmentry <vmtarget> ; # java/lang/invoke/LambdaForm$DMH+0x0000021901445000
instanceKlass  @bci kafka/server/KafkaApis handleTopicMetadataRequest (Lkafka/network/RequestChannel$Request;)V 922 <appendix> member <vmtarget> ; # kafka/server/KafkaApis$$Lambda+0x0000021901447880
instanceKlass  @bci kafka/server/KafkaApis handleTopicMetadataRequest (Lkafka/network/RequestChannel$Request;)V 904 <appendix> member <vmtarget> ; # kafka/server/KafkaApis$$Lambda+0x00000219014475d0
instanceKlass  @bci kafka/server/metadata/ZkMetadataCache getAliveBrokerNodes (Lorg/apache/kafka/common/network/ListenerName;)Lscala/collection/Iterable; 11 <appendix> member <vmtarget> ; # kafka/server/metadata/ZkMetadataCache$$Lambda+0x0000021901447210
instanceKlass  @bci kafka/server/DefaultAutoTopicCreationManager kafka$server$DefaultAutoTopicCreationManager$$clearInflightRequests (Lscala/collection/Map;)V 19 <appendix> member <vmtarget> ; # kafka/server/DefaultAutoTopicCreationManager$$Lambda+0x0000021901446f60
instanceKlass  @bci kafka/server/DefaultAutoTopicCreationManager kafka$server$DefaultAutoTopicCreationManager$$clearInflightRequests (Lscala/collection/Map;)V 7 <appendix> member <vmtarget> ; # kafka/server/DefaultAutoTopicCreationManager$$Lambda+0x0000021901446ba0
instanceKlass  @bci kafka/server/DefaultAutoTopicCreationManager createTopicsInZk (Lscala/collection/Map;Lkafka/server/ControllerMutationQuota;)Lscala/collection/Seq; 76 <appendix> argL0 ; # kafka/server/DefaultAutoTopicCreationManager$$Lambda+0x00000219014467e8
instanceKlass  @bci kafka/server/ZkAdminManager createTopics (IZLscala/collection/Map;Lscala/collection/Map;Lkafka/server/ControllerMutationQuota;Lscala/Function1;)V 72 <appendix> member <vmtarget> ; # kafka/server/ZkAdminManager$$Lambda+0x0000021901446430
instanceKlass org/apache/kafka/common/requests/ApiError
instanceKlass kafka/server/CreatePartitionsMetadata$
instanceKlass java/lang/Throwable$PrintStreamOrWriter
instanceKlass java/io/PrintWriter$1
instanceKlass jdk/internal/access/JavaIOPrintWriterAccess
instanceKlass org/apache/log4j/DefaultThrowableRenderer
instanceKlass org/apache/log4j/spi/ThrowableRenderer
instanceKlass org/apache/log4j/spi/ThrowableInformation
instanceKlass org/apache/kafka/common/protocol/MessageUtil
instanceKlass  @bci kafka/server/ZkAdminManager $anonfun$createTopics$1 (Lkafka/server/ZkAdminManager;Lscala/collection/Iterable;Lscala/collection/Map;ZLkafka/server/ControllerMutationQuota;Lorg/apache/kafka/common/message/CreateTopicsRequestData$CreatableTopic;)Lkafka/server/CreatePartitionsMetadata; 586 <appendix> member <vmtarget> ; # kafka/server/ZkAdminManager$$Lambda+0x0000021901443440
instanceKlass  @bci kafka/server/ZkAdminManager $anonfun$createTopics$1 (Lkafka/server/ZkAdminManager;Lscala/collection/Iterable;Lscala/collection/Map;ZLkafka/server/ControllerMutationQuota;Lorg/apache/kafka/common/message/CreateTopicsRequestData$CreatableTopic;)Lkafka/server/CreatePartitionsMetadata; 579 <appendix> member <vmtarget> ; # kafka/server/ZkAdminManager$$Lambda+0x0000021901443190
instanceKlass org/apache/kafka/admin/AdminUtils
instanceKlass  @bci kafka/server/ZkAdminManager $anonfun$createTopics$1 (Lkafka/server/ZkAdminManager;Lscala/collection/Iterable;Lscala/collection/Map;ZLkafka/server/ControllerMutationQuota;Lorg/apache/kafka/common/message/CreateTopicsRequestData$CreatableTopic;)Lkafka/server/CreatePartitionsMetadata; 85 <appendix> argL0 ; # kafka/server/ZkAdminManager$$Lambda+0x0000021901442be0
instanceKlass org/apache/kafka/common/utils/ImplicitLinkedHashCollection$ImplicitLinkedHashCollectionIterator
instanceKlass  @bci kafka/server/ZkAdminManager $anonfun$createTopics$1 (Lkafka/server/ZkAdminManager;Lscala/collection/Iterable;Lscala/collection/Map;ZLkafka/server/ControllerMutationQuota;Lorg/apache/kafka/common/message/CreateTopicsRequestData$CreatableTopic;)Lkafka/server/CreatePartitionsMetadata; 72 <appendix> argL0 ; # kafka/server/ZkAdminManager$$Lambda+0x0000021901442530
instanceKlass  @bci kafka/server/ZkAdminManager createTopics (IZLscala/collection/Map;Lscala/collection/Map;Lkafka/server/ControllerMutationQuota;Lscala/Function1;)V 25 <adapter> ; # java/lang/invoke/LambdaForm$MH+0x0000021901444c00
# instanceKlass java/lang/invoke/LambdaForm$DMH+0x0000021901444800
instanceKlass  @bci kafka/server/ZkAdminManager createTopics (IZLscala/collection/Map;Lscala/collection/Map;Lkafka/server/ControllerMutationQuota;Lscala/Function1;)V 25 <appendix> form vmentry <vmtarget> ; # java/lang/invoke/LambdaForm$DMH+0x0000021901444400
instanceKlass  @bci kafka/server/ZkAdminManager createTopics (IZLscala/collection/Map;Lscala/collection/Map;Lkafka/server/ControllerMutationQuota;Lscala/Function1;)V 25 <appendix> member <vmtarget> ; # kafka/server/ZkAdminManager$$Lambda+0x0000021901442170
instanceKlass  @cpi kafka/server/ZkAdminManager 486 form vmentry <vmtarget> ; # java/lang/invoke/LambdaForm$DMH+0x0000021901444000
instanceKlass kafka/server/CreatePartitionsMetadata
instanceKlass  @bci kafka/server/metadata/ZkMetadataCache getAliveBrokers ()Lscala/collection/Iterable; 10 <appendix> argL0 ; # kafka/server/metadata/ZkMetadataCache$$Lambda+0x0000021901441ae0
instanceKlass org/apache/kafka/admin/BrokerMetadata
instanceKlass  @bci kafka/server/DefaultAutoTopicCreationManager createTopicsInZk (Lscala/collection/Map;Lkafka/server/ControllerMutationQuota;)Lscala/collection/Seq; 32 <appendix> member <vmtarget> ; # kafka/server/DefaultAutoTopicCreationManager$$Lambda+0x0000021901441520
instanceKlass org/apache/kafka/common/utils/ImplicitLinkedHashCollection$HeadElement
instanceKlass  @bci org/apache/kafka/common/internals/Topic validate (Ljava/lang/String;)V 3 <appendix> argL0 ; # org/apache/kafka/common/internals/Topic$$Lambda+0x0000021901440000
instanceKlass  @bci kafka/server/DefaultAutoTopicCreationManager filterCreatableTopics (Lscala/collection/Set;)Lscala/Tuple2; 24 <appendix> member <vmtarget> ; # kafka/server/DefaultAutoTopicCreationManager$$Lambda+0x000002190143fb78
instanceKlass kafka/server/UnboundedControllerMutationQuota$
instanceKlass  @bci scala/collection/immutable/SetOps diff (Lscala/collection/Set;)Lscala/collection/immutable/SetOps; 8 <appendix> member <vmtarget> ; # scala/collection/immutable/SetOps$$Lambda+0x000002190143f3b8
instanceKlass  @bci kafka/server/KafkaApis getTopicMetadata (Lkafka/network/RequestChannel$Request;ZZLscala/collection/Set;Lorg/apache/kafka/common/network/ListenerName;ZZ)Lscala/collection/Seq; 57 <appendix> argL0 ; # kafka/server/KafkaApis$$Lambda+0x000002190143f000
instanceKlass  @bci kafka/server/metadata/ZkMetadataCache $anonfun$getTopicMetadata$1 (Lkafka/server/metadata/ZkMetadataCache;Lkafka/server/metadata/MetadataSnapshot;Lorg/apache/kafka/common/network/ListenerName;ZZLjava/lang/String;)Lscala/Option; 14 <appendix> member <vmtarget> ; # kafka/server/metadata/ZkMetadataCache$$Lambda+0x000002190143bb80
instanceKlass  @bci kafka/server/metadata/ZkMetadataCache $anonfun$getPartitionMetadata$1 (Lkafka/server/metadata/ZkMetadataCache;Ljava/lang/String;Lkafka/server/metadata/MetadataSnapshot;Lorg/apache/kafka/common/network/ListenerName;ZZLscala/collection/mutable/LongMap;)Lscala/collection/mutable/Iterable; 10 <adapter> ; # java/lang/invoke/LambdaForm$MH+0x000002190143ec00
# instanceKlass java/lang/invoke/LambdaForm$DMH+0x000002190143e800
instanceKlass  @bci kafka/server/metadata/ZkMetadataCache $anonfun$getPartitionMetadata$1 (Lkafka/server/metadata/ZkMetadataCache;Ljava/lang/String;Lkafka/server/metadata/MetadataSnapshot;Lorg/apache/kafka/common/network/ListenerName;ZZLscala/collection/mutable/LongMap;)Lscala/collection/mutable/Iterable; 10 <appendix> form vmentry <vmtarget> ; # java/lang/invoke/LambdaForm$DMH+0x000002190143e400
instanceKlass  @bci kafka/server/metadata/ZkMetadataCache getPartitionMetadata (Lkafka/server/metadata/MetadataSnapshot;Ljava/lang/String;Lorg/apache/kafka/common/network/ListenerName;ZZ)Lscala/Option; 16 <appendix> member <vmtarget> ; # kafka/server/metadata/ZkMetadataCache$$Lambda+0x000002190143b7c0
instanceKlass  @cpi kafka/server/metadata/ZkMetadataCache 438 form vmentry <vmtarget> ; # java/lang/invoke/LambdaForm$DMH+0x000002190143e000
instanceKlass  @bci kafka/server/metadata/ZkMetadataCache getTopicMetadata (Lscala/collection/Set;Lorg/apache/kafka/common/network/ListenerName;ZZ)Lscala/collection/Seq; 19 <adapter> ; # java/lang/invoke/LambdaForm$MH+0x000002190143dc00
# instanceKlass java/lang/invoke/LambdaForm$DMH+0x000002190143d800
instanceKlass  @bci kafka/server/metadata/ZkMetadataCache getTopicMetadata (Lscala/collection/Set;Lorg/apache/kafka/common/network/ListenerName;ZZ)Lscala/collection/Seq; 19 <appendix> form vmentry <vmtarget> ; # java/lang/invoke/LambdaForm$DMH+0x000002190143d400
instanceKlass  @bci kafka/server/metadata/ZkMetadataCache getTopicMetadata (Lscala/collection/Set;Lorg/apache/kafka/common/network/ListenerName;ZZ)Lscala/collection/Seq; 19 <appendix> member <vmtarget> ; # kafka/server/metadata/ZkMetadataCache$$Lambda+0x000002190143b400
instanceKlass  @cpi kafka/server/metadata/ZkMetadataCache 502 form vmentry <vmtarget> ; # java/lang/invoke/LambdaForm$DMH+0x000002190143d000
instanceKlass  @bci kafka/server/KafkaApis handleTopicMetadataRequest (Lkafka/network/RequestChannel$Request;)V 627 <appendix> member <vmtarget> ; # kafka/server/KafkaApis$$Lambda+0x000002190143b040
instanceKlass  @bci kafka/server/KafkaApis handleTopicMetadataRequest (Lkafka/network/RequestChannel$Request;)V 542 <appendix> member <vmtarget> ; # kafka/server/KafkaApis$$Lambda+0x000002190143ac80
instanceKlass  @bci kafka/server/AuthHelper authorize (Lorg/apache/kafka/common/requests/RequestContext;Lorg/apache/kafka/common/acl/AclOperation;Lorg/apache/kafka/common/resource/ResourceType;Ljava/lang/String;ZZI)Z 15 <adapter> ; # java/lang/invoke/LambdaForm$MH+0x000002190143cc00
# instanceKlass java/lang/invoke/LambdaForm$DMH+0x000002190143c800
instanceKlass  @bci kafka/server/AuthHelper authorize (Lorg/apache/kafka/common/requests/RequestContext;Lorg/apache/kafka/common/acl/AclOperation;Lorg/apache/kafka/common/resource/ResourceType;Ljava/lang/String;ZZI)Z 15 <appendix> form vmentry <vmtarget> ; # java/lang/invoke/LambdaForm$DMH+0x000002190143c400
instanceKlass  @bci kafka/server/AuthHelper authorize (Lorg/apache/kafka/common/requests/RequestContext;Lorg/apache/kafka/common/acl/AclOperation;Lorg/apache/kafka/common/resource/ResourceType;Ljava/lang/String;ZZI)Z 15 <appendix> member <vmtarget> ; # kafka/server/AuthHelper$$Lambda+0x000002190143a8c0
instanceKlass  @cpi kafka/server/AuthHelper 65 form vmentry <vmtarget> ; # java/lang/invoke/LambdaForm$DMH+0x000002190143c000
instanceKlass  @bci kafka/server/KafkaApis handleTopicMetadataRequest (Lkafka/network/RequestChannel$Request;)V 365 <appendix> member <vmtarget> ; # kafka/server/KafkaApis$$Lambda+0x000002190143a500
instanceKlass  @bci kafka/server/KafkaApis handleTopicMetadataRequest (Lkafka/network/RequestChannel$Request;)V 285 <appendix> member <vmtarget> ; # kafka/server/KafkaApis$$Lambda+0x000002190143a140
instanceKlass  @bci kafka/server/KafkaApis handleTopicMetadataRequest (Lkafka/network/RequestChannel$Request;)V 249 <appendix> argL0 ; # kafka/server/KafkaApis$$Lambda+0x0000021901439d88
instanceKlass  @bci org/apache/kafka/common/requests/MetadataRequest topics ()Ljava/util/List; 21 <appendix> argL0 ; # org/apache/kafka/common/requests/MetadataRequest$$Lambda+0x0000021901439318
instanceKlass  @bci kafka/server/KafkaApis handleTopicMetadataRequest (Lkafka/network/RequestChannel$Request;)V 143 <appendix> member <vmtarget> ; # kafka/server/KafkaApis$$Lambda+0x0000021901438f58
instanceKlass  @bci kafka/server/KafkaApis handleTopicMetadataRequest (Lkafka/network/RequestChannel$Request;)V 125 <appendix> member <vmtarget> ; # kafka/server/KafkaApis$$Lambda+0x0000021901438b98
instanceKlass  @bci kafka/server/KafkaApis handleTopicMetadataRequest (Lkafka/network/RequestChannel$Request;)V 107 <appendix> member <vmtarget> ; # kafka/server/KafkaApis$$Lambda+0x00000219014387d8
instanceKlass  @bci kafka/server/KafkaApis handleTopicMetadataRequest (Lkafka/network/RequestChannel$Request;)V 80 <appendix> argL0 ; # kafka/server/KafkaApis$$Lambda+0x0000021901438420
instanceKlass  @bci kafka/server/KafkaApis handleTopicMetadataRequest (Lkafka/network/RequestChannel$Request;)V 52 <appendix> member <vmtarget> ; # kafka/server/KafkaApis$$Lambda+0x00000219014381f8
instanceKlass kafka/utils/NotNothing$$anon$1
instanceKlass kafka/utils/NotNothing
instanceKlass kafka/utils/NotNothing$
instanceKlass  @bci kafka/server/KafkaApis handle (Lkafka/network/RequestChannel$Request;Lkafka/server/RequestLocal;)V 2 <appendix> member <vmtarget> ; # kafka/server/KafkaApis$$Lambda+0x00000219014377b8
instanceKlass  @bci kafka/server/KafkaRequestHandler run ()V 445 <appendix> member <vmtarget> ; # kafka/server/KafkaRequestHandler$$Lambda+0x0000021901437508
instanceKlass kafka/network/RequestChannel$CallbackRequest
instanceKlass kafka/network/RequestChannel$ShutdownRequest$
instanceKlass org/apache/kafka/common/network/KafkaChannel$1
instanceKlass kafka/network/RequestChannel$WakeupRequest$
instanceKlass  @bci kafka/network/Processor handleChannelMuteEvent (Ljava/lang/String;Lorg/apache/kafka/common/network/KafkaChannel$ChannelMuteEvent;)V 6 <appendix> member <vmtarget> ; # kafka/network/Processor$$Lambda+0x0000021901436758
instanceKlass org/apache/kafka/common/requests/AbstractRequest$1
instanceKlass org/apache/kafka/common/requests/RequestAndSize
instanceKlass java/net/URLEncoder
instanceKlass kafka/network/RequestChannel$Session
instanceKlass kafka/network/RequestChannel$Request
instanceKlass kafka/network/RequestChannel$BaseRequest
instanceKlass org/apache/kafka/common/security/auth/PlaintextAuthenticationContext
instanceKlass org/apache/kafka/common/requests/RequestContext
instanceKlass org/apache/kafka/common/protocol/ByteBufferAccessor
instanceKlass org/apache/kafka/common/message/RequestHeaderData
instanceKlass org/apache/kafka/common/protocol/Writable
instanceKlass org/apache/kafka/common/requests/RequestHeader
instanceKlass  @bci kafka/network/Processor openOrClosingChannel (Ljava/lang/String;)Lscala/Option; 16 <appendix> member <vmtarget> ; # kafka/network/Processor$$Lambda+0x000002190142c250
instanceKlass  @bci org/apache/kafka/common/network/Selector pollSelectionKeys (Ljava/util/Set;ZJ)V 453 <appendix> member <vmtarget> ; # org/apache/kafka/common/network/Selector$$Lambda+0x0000021901427be8
instanceKlass org/apache/kafka/common/metrics/internals/IntGaugeSuite$PendingMetricsChange
instanceKlass org/apache/kafka/common/metrics/internals/IntGaugeSuite$StoredIntGauge
instanceKlass kafka/network/Processor$ConnectionId
instanceKlass  @bci kafka/network/Processor configureNewConnections ()V 34 <appendix> member <vmtarget> ; # kafka/network/Processor$$Lambda+0x00000219014271f8
instanceKlass  @bci kafka/network/Processor processDisconnected ()V 13 <appendix> member <vmtarget> ; # kafka/network/Processor$$Lambda+0x0000021901426fd0
instanceKlass  @bci kafka/network/Processor processCompletedSends ()V 8 <appendix> member <vmtarget> ; # kafka/network/Processor$$Lambda+0x0000021901426da8
instanceKlass org/apache/kafka/common/network/NetworkSend
instanceKlass  @bci kafka/network/Processor processCompletedReceives ()V 8 <appendix> member <vmtarget> ; # kafka/network/Processor$$Lambda+0x0000021901426930
instanceKlass  @bci kafka/network/Acceptor closeThrottledConnections ()V 18 <appendix> member <vmtarget> ; # kafka/network/Acceptor$$Lambda+0x0000021901426578
instanceKlass org/apache/kafka/common/network/NetworkReceive
instanceKlass kafka/network/Acceptor$DelayedCloseSocket
instanceKlass org/apache/kafka/common/network/Receive
instanceKlass  @bci kafka/network/Acceptor assignNewConnection (Ljava/nio/channels/SocketChannel;Lkafka/network/Processor;Z)Z 17 <appendix> member <vmtarget> ; # kafka/network/Acceptor$$Lambda+0x0000021901425ac0
instanceKlass  @bci kafka/network/Acceptor acceptNewConnections ()V 75 <appendix> member <vmtarget> ; # kafka/network/Acceptor$$Lambda+0x0000021901425700
instanceKlass  @bci kafka/network/ConnectionQuotas inc (Lorg/apache/kafka/common/network/ListenerName;Ljava/net/InetAddress;Lcom/yammer/metrics/core/Meter;)V 116 <appendix> member <vmtarget> ; # kafka/network/ConnectionQuotas$$Lambda+0x0000021901425430
instanceKlass  @bci kafka/network/ConnectionQuotas inc (Lorg/apache/kafka/common/network/ListenerName;Ljava/net/InetAddress;Lcom/yammer/metrics/core/Meter;)V 25 <appendix> argL0 ; # kafka/network/ConnectionQuotas$$Lambda+0x0000021901425168
instanceKlass  @bci kafka/network/ConnectionQuotas maxListenerConnections (Lorg/apache/kafka/common/network/ListenerName;)I 18 <appendix> argL0 ; # kafka/network/ConnectionQuotas$$Lambda+0x0000021901424ea0
instanceKlass  @bci kafka/network/ConnectionQuotas maxListenerConnections (Lorg/apache/kafka/common/network/ListenerName;)I 10 <appendix> argL0 ; # kafka/network/ConnectionQuotas$$Lambda+0x0000021901424ae8
instanceKlass  @bci kafka/network/ConnectionQuotas recordAndGetListenerThrottleTime$1 (ILorg/apache/kafka/common/network/ListenerName;J)I 21 <appendix> argL0 ; # kafka/network/ConnectionQuotas$$Lambda+0x0000021901424820
instanceKlass  @bci kafka/network/ConnectionQuotas recordAndGetListenerThrottleTime$1 (ILorg/apache/kafka/common/network/ListenerName;J)I 13 <adapter> ; # java/lang/invoke/LambdaForm$MH+0x0000021901428c00
# instanceKlass java/lang/invoke/LambdaForm$DMH+0x0000021901428800
instanceKlass  @bci kafka/network/ConnectionQuotas recordAndGetListenerThrottleTime$1 (ILorg/apache/kafka/common/network/ListenerName;J)I 13 <appendix> form vmentry <vmtarget> ; # java/lang/invoke/LambdaForm$DMH+0x0000021901428400
instanceKlass  @bci kafka/network/ConnectionQuotas recordAndGetListenerThrottleTime$1 (ILorg/apache/kafka/common/network/ListenerName;J)I 13 <appendix> member <vmtarget> ; # kafka/network/ConnectionQuotas$$Lambda+0x0000021901424460
instanceKlass  @cpi kafka/network/ConnectionQuotas 1038 form vmentry <vmtarget> ; # java/lang/invoke/LambdaForm$DMH+0x0000021901428000
instanceKlass org/apache/kafka/common/metrics/stats/TokenBucket
instanceKlass org/apache/kafka/common/metrics/internals/MetricsUtils$1
instanceKlass org/apache/kafka/common/metrics/internals/MetricsUtils
instanceKlass  @bci kafka/server/KafkaServer startup ()V 3256 <appendix> argL0 ; # kafka/server/KafkaServer$$Lambda+0x0000021901423b78
instanceKlass org/apache/kafka/common/utils/AppInfoParser$ImmutableValue
instanceKlass org/apache/kafka/common/metrics/Gauge
instanceKlass org/apache/kafka/common/utils/AppInfoParser$AppInfo
instanceKlass org/apache/kafka/common/utils/AppInfoParser$AppInfoMBean
instanceKlass sun/net/www/protocol/jar/JarFileFactory
instanceKlass sun/net/www/protocol/jar/URLJarFile$URLJarFileCloseController
instanceKlass org/apache/kafka/common/utils/AppInfoParser
instanceKlass  @bci kafka/network/SocketServer enableRequestProcessing (Lscala/collection/Map;)Ljava/util/concurrent/CompletableFuture; 136 <appendix> argL0 ; # kafka/network/SocketServer$$Lambda+0x0000021901422d88
instanceKlass  @bci org/apache/kafka/server/util/FutureUtils chainFuture (Ljava/util/concurrent/CompletableFuture;Ljava/util/concurrent/CompletableFuture;)V 2 <appendix> member <vmtarget> ; # org/apache/kafka/server/util/FutureUtils$$Lambda+0x0000021901422b60
instanceKlass org/apache/kafka/server/util/FutureUtils
instanceKlass  @bci kafka/network/Acceptor liftedTree1$1 ()Ljava/lang/Object; 91 <appendix> member <vmtarget> ; # kafka/network/Acceptor$$Lambda+0x00000219014226b8
instanceKlass  @bci kafka/network/Acceptor liftedTree1$1 ()Ljava/lang/Object; 81 <appendix> argL0 ; # kafka/network/Acceptor$$Lambda+0x0000021901422300
instanceKlass  @bci kafka/controller/KafkaController maybeResign ()V 25 <appendix> argL0 ; # kafka/controller/KafkaController$$Lambda+0x0000021901422038
instanceKlass  @bci kafka/network/Acceptor liftedTree1$1 ()Ljava/lang/Object; 69 <appendix> member <vmtarget> ; # kafka/network/Acceptor$$Lambda+0x0000021901421d88
instanceKlass  @bci kafka/zk/ControllerZNode$ decode ([B)Lscala/Option; 7 <appendix> argL0 ; # kafka/zk/ControllerZNode$$$Lambda+0x00000219014219d0
instanceKlass  @bci kafka/network/Acceptor liftedTree1$1 ()Ljava/lang/Object; 59 <appendix> member <vmtarget> ; # kafka/network/Acceptor$$Lambda+0x0000021901421720
instanceKlass  @bci kafka/network/Acceptor openServerSocket (Ljava/lang/String;II)Ljava/nio/channels/ServerSocketChannel; 89 <appendix> member <vmtarget> ; # kafka/network/Acceptor$$Lambda+0x0000021901421470
instanceKlass sun/nio/ch/ServerSocketChannelImpl$DefaultOptionsHolder
instanceKlass  @bci sun/nio/ch/ServerSocketAdaptor create (Lsun/nio/ch/ServerSocketChannelImpl;)Ljava/net/ServerSocket; 1 <appendix> member <vmtarget> ; # sun/nio/ch/ServerSocketAdaptor$$Lambda+0x00000219012710b8
instanceKlass  @bci kafka/controller/KafkaController updateMetrics ()V 133 <appendix> member <vmtarget> ; # kafka/controller/KafkaController$$Lambda+0x00000219014210b0
instanceKlass  @bci kafka/network/SocketServer chainAcceptorFuture$1 (Lkafka/network/Acceptor;Lscala/collection/Map;)V 75 <appendix> member <vmtarget> ; # kafka/network/SocketServer$$Lambda+0x0000021901420e88
instanceKlass  @bci kafka/network/SocketServer chainAcceptorFuture$1 (Lkafka/network/Acceptor;Lscala/collection/Map;)V 2 <appendix> member <vmtarget> ; # kafka/network/SocketServer$$Lambda+0x0000021901420ac8
instanceKlass scala/math/Numeric$NumericOps
instanceKlass  @bci kafka/network/SocketServer enableRequestProcessing (Lscala/collection/Map;)Ljava/util/concurrent/CompletableFuture; 50 <appendix> member <vmtarget> ; # kafka/network/SocketServer$$Lambda+0x00000219014203c0
instanceKlass  @bci kafka/network/SocketServer enableRequestProcessing (Lscala/collection/Map;)Ljava/util/concurrent/CompletableFuture; 33 <appendix> member <vmtarget> ; # kafka/network/SocketServer$$Lambda+0x0000021901420000
instanceKlass scala/math/Numeric$IntIsIntegral$
instanceKlass scala/math/Numeric$IntIsIntegral
instanceKlass  @bci kafka/network/SocketServer enableRequestProcessing (Lscala/collection/Map;)Ljava/util/concurrent/CompletableFuture; 19 <appendix> argL0 ; # kafka/network/SocketServer$$Lambda+0x000002190141f288
instanceKlass  @bci kafka/controller/KafkaController updateMetrics ()V 81 <appendix> member <vmtarget> ; # kafka/controller/KafkaController$$Lambda+0x000002190141eec8
instanceKlass  @bci kafka/controller/KafkaController scheduleAutoLeaderRebalanceTask (JLjava/util/concurrent/TimeUnit;)V 8 <appendix> member <vmtarget> ; # kafka/controller/KafkaController$$Lambda+0x000002190141ecb0
instanceKlass  @bci kafka/controller/KafkaController onControllerFailover ()V 330 <appendix> argL0 ; # kafka/controller/KafkaController$$Lambda+0x000002190141ea08
instanceKlass  @bci kafka/controller/ReplicaLeaderElection$ apply$default$4 ()Lscala/Function1; 0 <appendix> argL0 ; # kafka/controller/ReplicaLeaderElection$$$Lambda+0x000002190141e650
instanceKlass scala/runtime/AbstractFunction4
instanceKlass scala/Function4
instanceKlass  @bci kafka/server/ZkConfigManager $anonfun$startup$1 (Lkafka/server/ZkConfigManager;Lscala/Tuple2;)V 89 <appendix> member <vmtarget> ; # kafka/server/ZkConfigManager$$Lambda+0x000002190141dc20
instanceKlass  @bci kafka/zk/AdminZkClient fetchAllChildEntityConfigs (Ljava/lang/String;Ljava/lang/String;)Lscala/collection/Map; 26 <appendix> member <vmtarget> ; # kafka/zk/AdminZkClient$$Lambda+0x000002190141d860
instanceKlass scala/collection/SeqFactory$UnapplySeqWrapper
instanceKlass  @bci kafka/zk/AdminZkClient fetchAllChildEntityConfigs (Ljava/lang/String;Ljava/lang/String;)Lscala/collection/Map; 11 <appendix> member <vmtarget> ; # kafka/zk/AdminZkClient$$Lambda+0x000002190141d2a0
instanceKlass scala/collection/SeqFactory$UnapplySeqWrapper$
instanceKlass java/util/concurrent/locks/ReentrantReadWriteLock$Sync$HoldCounter
instanceKlass org/apache/zookeeper/proto/ErrorResponse
instanceKlass  @bci kafka/server/ZkConfigManager $anonfun$startup$1 (Lkafka/server/ZkConfigManager;Lscala/Tuple2;)V 59 <appendix> member <vmtarget> ; # kafka/server/ZkConfigManager$$Lambda+0x000002190141ca98
instanceKlass org/apache/zookeeper/proto/DeleteRequest
instanceKlass org/apache/zookeeper/proto/CheckVersionRequest
instanceKlass kafka/zookeeper/DeleteOp
instanceKlass kafka/zookeeper/CheckOp
instanceKlass  @bci kafka/controller/KafkaController removePartitionsFromPreferredReplicaElection (Lscala/collection/Set;Z)V 2 <appendix> member <vmtarget> ; # kafka/controller/KafkaController$$Lambda+0x000002190141b9f8
instanceKlass kafka/controller/AutoTriggered$
instanceKlass  @bci kafka/controller/KafkaController onReplicaElection (Lscala/collection/Set;Lorg/apache/kafka/common/ElectionType;Lkafka/controller/ElectionTrigger;)Lscala/collection/Map; 139 <appendix> member <vmtarget> ; # kafka/controller/KafkaController$$Lambda+0x000002190141b3d8
instanceKlass kafka/controller/AdminClientTriggered$
instanceKlass  @bci kafka/server/TopicConfigHandler processConfigChanges (Ljava/lang/String;Ljava/util/Properties;)V 50 <appendix> argL0 ; # kafka/server/TopicConfigHandler$$Lambda+0x000002190141aeb0
instanceKlass kafka/controller/PreferredReplicaPartitionLeaderElectionStrategy$
instanceKlass  @bci kafka/controller/KafkaController onReplicaElection (Lscala/collection/Set;Lorg/apache/kafka/common/ElectionType;Lkafka/controller/ElectionTrigger;)Lscala/collection/Map; 4 <appendix> member <vmtarget> ; # kafka/controller/KafkaController$$Lambda+0x000002190141a9a0
instanceKlass scala/util/control/NonFatal$
instanceKlass kafka/controller/ZkTriggered$
instanceKlass  @bci kafka/server/TopicConfigHandler processConfigChanges (Ljava/lang/String;Ljava/util/Properties;)V 42 <appendix> member <vmtarget> ; # kafka/server/TopicConfigHandler$$Lambda+0x0000021901419e58
instanceKlass  @bci kafka/controller/KafkaController fetchPendingPreferredReplicaElections ()Lscala/collection/Set; 99 <appendix> member <vmtarget> ; # kafka/controller/KafkaController$$Lambda+0x0000021901419ba8
instanceKlass scala/runtime/java8/JFunction0$mcZ$sp
instanceKlass  @bci kafka/controller/KafkaController fetchPendingPreferredReplicaElections ()Lscala/collection/Set; 88 <appendix> member <vmtarget> ; # kafka/controller/KafkaController$$Lambda+0x0000021901419708
instanceKlass scala/util/Try$
instanceKlass  @bci kafka/controller/KafkaController fetchPendingPreferredReplicaElections ()Lscala/collection/Set; 77 <appendix> member <vmtarget> ; # kafka/controller/KafkaController$$Lambda+0x0000021901419458
instanceKlass  @bci kafka/server/TopicConfigHandler updateThrottledList$1 (Ljava/lang/String;Lkafka/server/ReplicationQuotaManager;Ljava/util/Properties;Ljava/lang/String;)V 78 <appendix> member <vmtarget> ; # kafka/server/TopicConfigHandler$$Lambda+0x00000219014191a8
instanceKlass  @bci kafka/controller/KafkaController fetchPendingPreferredReplicaElections ()Lscala/collection/Set; 67 <appendix> member <vmtarget> ; # kafka/controller/KafkaController$$Lambda+0x0000021901418ef8
instanceKlass  @bci kafka/server/TopicConfigHandler maybeBootstrapRemoteLogComponents (Ljava/lang/String;Lscala/collection/Seq;Z)V 1 <appendix> argL0 ; # kafka/server/TopicConfigHandler$$Lambda+0x0000021901418b40
instanceKlass  @bci kafka/controller/KafkaController fetchPendingPreferredReplicaElections ()Lscala/collection/Set; 37 <appendix> member <vmtarget> ; # kafka/controller/KafkaController$$Lambda+0x0000021901418780
instanceKlass  @bci kafka/controller/KafkaController fetchPendingPreferredReplicaElections ()Lscala/collection/Set; 10 <appendix> member <vmtarget> ; # kafka/controller/KafkaController$$Lambda+0x00000219014183c0
instanceKlass  @bci kafka/log/LogManager updateTopicConfig (Ljava/lang/String;Ljava/util/Properties;Z)V 50 <appendix> member <vmtarget> ; # kafka/log/LogManager$$Lambda+0x0000021901418000
instanceKlass  @bci org/apache/kafka/storage/internals/log/LogConfig fromProps (Ljava/util/Map;Ljava/util/Properties;)Lorg/apache/kafka/storage/internals/log/LogConfig; 34 <appendix> argL0 ; # org/apache/kafka/storage/internals/log/LogConfig$$Lambda+0x0000021901417b88
instanceKlass  @bci org/apache/kafka/storage/internals/log/LogConfig fromProps (Ljava/util/Map;Ljava/util/Properties;)Lorg/apache/kafka/storage/internals/log/LogConfig; 10 <appendix> member <vmtarget> ; # org/apache/kafka/storage/internals/log/LogConfig$$Lambda+0x0000021901417960
instanceKlass  @bci kafka/controller/TopicDeletionManager resumeDeletions ()V 68 <appendix> member <vmtarget> ; # kafka/controller/TopicDeletionManager$$Lambda+0x00000219014175a0
instanceKlass  @bci kafka/log/LogManager topicConfigUpdated (Ljava/lang/String;)V 24 <appendix> member <vmtarget> ; # kafka/log/LogManager$$Lambda+0x00000219014171e0
instanceKlass  @bci kafka/log/LogManager topicConfigUpdated (Ljava/lang/String;)V 10 <appendix> member <vmtarget> ; # kafka/log/LogManager$$Lambda+0x0000021901416e20
instanceKlass  @bci kafka/controller/KafkaController initializePartitionReassignments ()V 19 <appendix> member <vmtarget> ; # kafka/controller/KafkaController$$Lambda+0x0000021901416a60
instanceKlass  @bci kafka/controller/KafkaController initializePartitionReassignments ()V 4 <appendix> member <vmtarget> ; # kafka/controller/KafkaController$$Lambda+0x0000021901416108
instanceKlass  @bci kafka/server/TopicConfigHandler updateLogConfig (Ljava/lang/String;Ljava/util/Properties;)V 71 <appendix> argL0 ; # kafka/server/TopicConfigHandler$$Lambda+0x00000219014166a8
instanceKlass scala/runtime/AbstractPartialFunction
instanceKlass  @bci kafka/server/TopicConfigHandler updateLogConfig (Ljava/lang/String;Ljava/util/Properties;)V 52 <appendix> member <vmtarget> ; # kafka/server/TopicConfigHandler$$Lambda+0x0000021901415270
instanceKlass  @bci kafka/server/TopicConfigHandler updateLogConfig (Ljava/lang/String;Ljava/util/Properties;)V 47 <appendix> member <vmtarget> ; # kafka/server/TopicConfigHandler$$Lambda+0x0000021901414cd0
instanceKlass  @bci kafka/server/TopicConfigHandler excludedConfigs (Ljava/lang/String;Ljava/util/Properties;)Lscala/collection/immutable/Set; 18 <appendix> member <vmtarget> ; # kafka/server/TopicConfigHandler$$Lambda+0x0000021901414910
instanceKlass  @bci kafka/controller/KafkaController onControllerFailover ()V 291 <appendix> member <vmtarget> ; # kafka/controller/KafkaController$$Lambda+0x0000021901414660
instanceKlass  @bci kafka/server/ZkConfigManager $anonfun$startup$1 (Lkafka/server/ZkConfigManager;Lscala/Tuple2;)V 133 <appendix> member <vmtarget> ; # kafka/server/ZkConfigManager$$Lambda+0x00000219014142a0
instanceKlass  @bci kafka/controller/PartitionStateMachine startup ()V 29 <appendix> member <vmtarget> ; # kafka/controller/PartitionStateMachine$$Lambda+0x0000021901413ff0
instanceKlass kafka/controller/OfflinePartitionLeaderElectionStrategy
instanceKlass kafka/controller/PartitionLeaderElectionStrategy
instanceKlass  @bci kafka/controller/PartitionStateMachine triggerOnlineStateChangeForPartitions (Lscala/collection/Set;)Lscala/collection/Map; 2 <appendix> member <vmtarget> ; # kafka/controller/PartitionStateMachine$$Lambda+0x00000219014137e0
instanceKlass  @bci kafka/controller/ControllerContext partitionsInStates (Lscala/collection/Set;)Lscala/collection/Set; 5 <appendix> member <vmtarget> ; # kafka/controller/ControllerContext$$Lambda+0x0000021901413420
instanceKlass  @bci kafka/controller/PartitionStateMachine startup ()V 14 <appendix> argL0 ; # kafka/controller/PartitionStateMachine$$Lambda+0x0000021901413178
instanceKlass  @bci kafka/zk/AdminZkClient fetchAllEntityConfigs (Ljava/lang/String;)Lscala/collection/Map; 10 <appendix> member <vmtarget> ; # kafka/zk/AdminZkClient$$Lambda+0x0000021901412db8
instanceKlass  @bci kafka/controller/ControllerContext putPartitionState (Lorg/apache/kafka/common/TopicPartition;Lkafka/controller/PartitionState;)V 11 <appendix> argL0 ; # kafka/controller/ControllerContext$$Lambda+0x0000021901412b10
instanceKlass kafka/controller/OfflinePartition$
instanceKlass kafka/controller/NonExistentPartition$
instanceKlass kafka/controller/NewPartition$
instanceKlass kafka/controller/OnlinePartition$
instanceKlass  @bci kafka/controller/PartitionStateMachine initializePartitionState ()V 8 <appendix> member <vmtarget> ; # kafka/controller/PartitionStateMachine$$Lambda+0x0000021901411b68
instanceKlass  @bci kafka/server/ZkConfigManager startup ()V 12 <appendix> member <vmtarget> ; # kafka/server/ZkConfigManager$$Lambda+0x00000219014117a8
instanceKlass  @bci kafka/controller/PartitionStateMachine startup ()V 1 <appendix> argL0 ; # kafka/controller/PartitionStateMachine$$Lambda+0x0000021901411500
instanceKlass kafka/common/ZkNodeChangeNotificationListener$ChangeNotification
instanceKlass kafka/common/ZkNodeChangeNotificationListener$ChangeNotificationHandler$
instanceKlass  @bci kafka/controller/ReplicaStateMachine startup ()V 99 <appendix> member <vmtarget> ; # kafka/controller/ReplicaStateMachine$$Lambda+0x0000021901410e10
instanceKlass kafka/common/ZkNodeChangeNotificationListener$ZkStateChangeHandler$
instanceKlass  @bci kafka/controller/ReplicaStateMachine startup ()V 76 <appendix> argL0 ; # kafka/controller/ReplicaStateMachine$$Lambda+0x0000021901410918
instanceKlass kafka/common/ZkNodeChangeNotificationListener$
instanceKlass kafka/server/ZkConfigManager$ConfigChangedNotificationHandler$
instanceKlass  @bci kafka/controller/AbstractControllerBrokerRequestBatch $anonfun$sendLeaderAndIsrRequest$1 (Lkafka/controller/AbstractControllerBrokerRequestBatch;Lkafka/controller/StateChangeLogger;SIILscala/collection/mutable/Map;)V 285 <appendix> member <vmtarget> ; # kafka/controller/AbstractControllerBrokerRequestBatch$$Lambda+0x0000021901410000
instanceKlass kafka/zk/ConfigEntityChangeNotificationSequenceZNode$
instanceKlass kafka/common/ZkNodeChangeNotificationListener
instanceKlass  @bci kafka/controller/AbstractControllerBrokerRequestBatch $anonfun$sendLeaderAndIsrRequest$8 (Lkafka/controller/AbstractControllerBrokerRequestBatch;Ljava/lang/String;)Lscala/Tuple2; 15 <appendix> argL0 ; # kafka/controller/AbstractControllerBrokerRequestBatch$$Lambda+0x000002190140fd18
instanceKlass  @bci kafka/controller/AbstractControllerBrokerRequestBatch $anonfun$sendLeaderAndIsrRequest$1 (Lkafka/controller/AbstractControllerBrokerRequestBatch;Lkafka/controller/StateChangeLogger;SIILscala/collection/mutable/Map;)V 183 <appendix> member <vmtarget> ; # kafka/controller/AbstractControllerBrokerRequestBatch$$Lambda+0x000002190140b200
instanceKlass  @bci kafka/controller/AbstractControllerBrokerRequestBatch $anonfun$sendLeaderAndIsrRequest$1 (Lkafka/controller/AbstractControllerBrokerRequestBatch;Lkafka/controller/StateChangeLogger;SIILscala/collection/mutable/Map;)V 164 <appendix> argL0 ; # kafka/controller/AbstractControllerBrokerRequestBatch$$Lambda+0x000002190140ae48
instanceKlass kafka/server/ZkConfigManager
instanceKlass  @bci kafka/controller/AbstractControllerBrokerRequestBatch $anonfun$sendLeaderAndIsrRequest$1 (Lkafka/controller/AbstractControllerBrokerRequestBatch;Lkafka/controller/StateChangeLogger;SIILscala/collection/mutable/Map;)V 118 <appendix> member <vmtarget> ; # kafka/controller/AbstractControllerBrokerRequestBatch$$Lambda+0x000002190140a720
instanceKlass  @bci kafka/controller/AbstractControllerBrokerRequestBatch $anonfun$sendLeaderAndIsrRequest$1 (Lkafka/controller/AbstractControllerBrokerRequestBatch;Lkafka/controller/StateChangeLogger;SIILscala/collection/mutable/Map;)V 104 <appendix> member <vmtarget> ; # kafka/controller/AbstractControllerBrokerRequestBatch$$Lambda+0x000002190140a360
instanceKlass kafka/server/IpConfigHandler
instanceKlass  @bci org/apache/kafka/common/requests/FetchRequest fetchData (Ljava/util/Map;)Ljava/util/Map; 43 <adapter> ; # java/lang/invoke/LambdaForm$MH+0x0000021901409c00
# instanceKlass java/lang/invoke/LambdaForm$DMH+0x0000021901409800
instanceKlass kafka/server/BrokerConfigHandler
instanceKlass  @bci org/apache/kafka/common/requests/FetchRequest fetchData (Ljava/util/Map;)Ljava/util/Map; 43 <appendix> form vmentry <vmtarget> ; # java/lang/invoke/LambdaForm$DMH+0x0000021901409400
instanceKlass  @bci kafka/controller/AbstractControllerBrokerRequestBatch $anonfun$sendLeaderAndIsrRequest$1 (Lkafka/controller/AbstractControllerBrokerRequestBatch;Lkafka/controller/StateChangeLogger;SIILscala/collection/mutable/Map;)V 85 <appendix> member <vmtarget> ; # kafka/controller/AbstractControllerBrokerRequestBatch$$Lambda+0x000002190140f708
instanceKlass  @bci kafka/controller/AbstractControllerBrokerRequestBatch $anonfun$sendLeaderAndIsrRequest$1 (Lkafka/controller/AbstractControllerBrokerRequestBatch;Lkafka/controller/StateChangeLogger;SIILscala/collection/mutable/Map;)V 65 <appendix> member <vmtarget> ; # kafka/controller/AbstractControllerBrokerRequestBatch$$Lambda+0x000002190140ef38
instanceKlass kafka/server/QuotaConfigHandler
instanceKlass  @bci kafka/controller/AbstractControllerBrokerRequestBatch $anonfun$sendLeaderAndIsrRequest$1 (Lkafka/controller/AbstractControllerBrokerRequestBatch;Lkafka/controller/StateChangeLogger;SIILscala/collection/mutable/Map;)V 54 <adapter> ; # java/lang/invoke/LambdaForm$MH+0x0000021901409000
# instanceKlass java/lang/invoke/LambdaForm$DMH+0x0000021901408c00
instanceKlass  @bci kafka/controller/AbstractControllerBrokerRequestBatch $anonfun$sendLeaderAndIsrRequest$1 (Lkafka/controller/AbstractControllerBrokerRequestBatch;Lkafka/controller/StateChangeLogger;SIILscala/collection/mutable/Map;)V 54 <appendix> form vmentry <vmtarget> ; # java/lang/invoke/LambdaForm$DMH+0x0000021901408800
instanceKlass  @bci kafka/controller/AbstractControllerBrokerRequestBatch $anonfun$sendLeaderAndIsrRequest$1 (Lkafka/controller/AbstractControllerBrokerRequestBatch;Lkafka/controller/StateChangeLogger;SIILscala/collection/mutable/Map;)V 54 <appendix> member <vmtarget> ; # kafka/controller/AbstractControllerBrokerRequestBatch$$Lambda+0x000002190140e568
instanceKlass kafka/server/TopicConfigHandler
instanceKlass  @cpi kafka/controller/AbstractControllerBrokerRequestBatch 1214 form vmentry <vmtarget> ; # java/lang/invoke/LambdaForm$DMH+0x0000021901408400
instanceKlass kafka/server/ConfigHandler
instanceKlass  @bci kafka/controller/AbstractControllerBrokerRequestBatch addUpdateMetadataRequestForBrokers (Lscala/collection/Seq;ILorg/apache/kafka/common/TopicPartition;IIILscala/collection/immutable/List;Lscala/collection/Seq;Lscala/collection/Seq;)V 118 <appendix> argL0 ; # kafka/controller/AbstractControllerBrokerRequestBatch$$Lambda+0x000002190140dc40
instanceKlass  @bci kafka/controller/AbstractControllerBrokerRequestBatch addUpdateMetadataRequestForBrokers (Lscala/collection/Seq;ILorg/apache/kafka/common/TopicPartition;IIILscala/collection/immutable/List;Lscala/collection/Seq;Lscala/collection/Seq;)V 91 <appendix> argL0 ; # kafka/controller/AbstractControllerBrokerRequestBatch$$Lambda+0x000002190140d888
instanceKlass  @bci kafka/controller/AbstractControllerBrokerRequestBatch addUpdateMetadataRequestForBrokers (Lscala/collection/Seq;ILorg/apache/kafka/common/TopicPartition;IIILscala/collection/immutable/List;Lscala/collection/Seq;Lscala/collection/Seq;)V 64 <appendix> argL0 ; # kafka/controller/AbstractControllerBrokerRequestBatch$$Lambda+0x000002190140d4d0
instanceKlass  @bci kafka/controller/AbstractControllerBrokerRequestBatch addUpdateMetadataRequestForBrokers (Lscala/collection/Seq;ILorg/apache/kafka/common/TopicPartition;IIILscala/collection/immutable/List;Lscala/collection/Seq;Lscala/collection/Seq;)V 5 <appendix> argL0 ; # kafka/controller/AbstractControllerBrokerRequestBatch$$Lambda+0x000002190140d0f8
instanceKlass  @bci kafka/server/KafkaServer startup ()V 2843 <appendix> member <vmtarget> ; # kafka/server/KafkaServer$$Lambda+0x000002190140cd38
instanceKlass  @bci kafka/controller/AbstractControllerBrokerRequestBatch $anonfun$addUpdateMetadataRequestForBrokers$2 (Lkafka/controller/AbstractControllerBrokerRequestBatch;Lscala/collection/Seq;Lorg/apache/kafka/common/TopicPartition;)V 82 <appendix> member <vmtarget> ; # kafka/controller/AbstractControllerBrokerRequestBatch$$Lambda+0x000002190140c958
instanceKlass  @bci kafka/controller/AbstractControllerBrokerRequestBatch $anonfun$addLeaderAndIsrRequestForBrokers$2 (Lkafka/controller/AbstractControllerBrokerRequestBatch;Lorg/apache/kafka/common/TopicPartition;Lkafka/controller/LeaderIsrAndControllerEpoch;Lkafka/controller/ReplicaAssignment;ZI)Lscala/Option; 190 <appendix> argL0 ; # kafka/controller/AbstractControllerBrokerRequestBatch$$Lambda+0x000002190140c3b8
instanceKlass kafka/server/DynamicRemoteLogConfig
instanceKlass  @bci kafka/controller/AbstractControllerBrokerRequestBatch $anonfun$addLeaderAndIsrRequestForBrokers$2 (Lkafka/controller/AbstractControllerBrokerRequestBatch;Lorg/apache/kafka/common/TopicPartition;Lkafka/controller/LeaderIsrAndControllerEpoch;Lkafka/controller/ReplicaAssignment;ZI)Lscala/Option; 161 <appendix> argL0 ; # kafka/controller/AbstractControllerBrokerRequestBatch$$Lambda+0x000002190140c000
instanceKlass kafka/server/DynamicProducerStateManagerConfig
instanceKlass  @bci kafka/controller/AbstractControllerBrokerRequestBatch $anonfun$addLeaderAndIsrRequestForBrokers$2 (Lkafka/controller/AbstractControllerBrokerRequestBatch;Lorg/apache/kafka/common/TopicPartition;Lkafka/controller/LeaderIsrAndControllerEpoch;Lkafka/controller/ReplicaAssignment;ZI)Lscala/Option; 132 <appendix> argL0 ; # kafka/controller/AbstractControllerBrokerRequestBatch$$Lambda+0x0000021901403510
instanceKlass  @bci kafka/controller/AbstractControllerBrokerRequestBatch $anonfun$addLeaderAndIsrRequestForBrokers$2 (Lkafka/controller/AbstractControllerBrokerRequestBatch;Lorg/apache/kafka/common/TopicPartition;Lkafka/controller/LeaderIsrAndControllerEpoch;Lkafka/controller/ReplicaAssignment;ZI)Lscala/Option; 100 <appendix> argL0 ; # kafka/controller/AbstractControllerBrokerRequestBatch$$Lambda+0x0000021901403158
instanceKlass  @bci kafka/api/LeaderAndIsr isr ()Lscala/collection/immutable/List; 4 <appendix> argL0 ; # kafka/api/LeaderAndIsr$$Lambda+0x0000021901402da0
instanceKlass kafka/server/DynamicListenerConfig
instanceKlass  @bci kafka/controller/AbstractControllerBrokerRequestBatch $anonfun$addLeaderAndIsrRequestForBrokers$2 (Lkafka/controller/AbstractControllerBrokerRequestBatch;Lorg/apache/kafka/common/TopicPartition;Lkafka/controller/LeaderIsrAndControllerEpoch;Lkafka/controller/ReplicaAssignment;ZI)Lscala/Option; 32 <appendix> argL0 ; # kafka/controller/AbstractControllerBrokerRequestBatch$$Lambda+0x0000021901402668
instanceKlass  @bci kafka/controller/AbstractControllerBrokerRequestBatch $anonfun$addLeaderAndIsrRequestForBrokers$2 (Lkafka/controller/AbstractControllerBrokerRequestBatch;Lorg/apache/kafka/common/TopicPartition;Lkafka/controller/LeaderIsrAndControllerEpoch;Lkafka/controller/ReplicaAssignment;ZI)Lscala/Option; 9 <appendix> argL0 ; # kafka/controller/AbstractControllerBrokerRequestBatch$$Lambda+0x00000219014023c0
instanceKlass  @bci kafka/controller/AbstractControllerBrokerRequestBatch addLeaderAndIsrRequestForBrokers (Lscala/collection/Seq;Lorg/apache/kafka/common/TopicPartition;Lkafka/controller/LeaderIsrAndControllerEpoch;Lkafka/controller/ReplicaAssignment;Z)V 21 <adapter> ; # java/lang/invoke/LambdaForm$MH+0x0000021901408000
# instanceKlass java/lang/invoke/LambdaForm$DMH+0x0000021901401c00
instanceKlass  @bci kafka/controller/AbstractControllerBrokerRequestBatch addLeaderAndIsrRequestForBrokers (Lscala/collection/Seq;Lorg/apache/kafka/common/TopicPartition;Lkafka/controller/LeaderIsrAndControllerEpoch;Lkafka/controller/ReplicaAssignment;Z)V 21 <appendix> form vmentry <vmtarget> ; # java/lang/invoke/LambdaForm$DMH+0x0000021901401800
instanceKlass scala/collection/immutable/HashSet$
instanceKlass  @bci kafka/controller/AbstractControllerBrokerRequestBatch addLeaderAndIsrRequestForBrokers (Lscala/collection/Seq;Lorg/apache/kafka/common/TopicPartition;Lkafka/controller/LeaderIsrAndControllerEpoch;Lkafka/controller/ReplicaAssignment;Z)V 21 <appendix> member <vmtarget> ; # kafka/controller/AbstractControllerBrokerRequestBatch$$Lambda+0x0000021901402000
instanceKlass  @cpi kafka/controller/AbstractControllerBrokerRequestBatch 368 form vmentry <vmtarget> ; # java/lang/invoke/LambdaForm$DMH+0x0000021901401400
instanceKlass scala/collection/immutable/SetNode$
instanceKlass  @bci kafka/controller/AbstractControllerBrokerRequestBatch addLeaderAndIsrRequestForBrokers (Lscala/collection/Seq;Lorg/apache/kafka/common/TopicPartition;Lkafka/controller/LeaderIsrAndControllerEpoch;Lkafka/controller/ReplicaAssignment;Z)V 1 <appendix> argL0 ; # kafka/controller/AbstractControllerBrokerRequestBatch$$Lambda+0x00000219014076f0
instanceKlass kafka/server/DynamicLogConfig
instanceKlass kafka/server/BrokerDynamicThreadPool
instanceKlass  @bci kafka/server/DynamicClientQuotaCallback reconfigurableConfigs ()Ljava/util/Set; 16 <appendix> member <vmtarget> ; # kafka/server/DynamicClientQuotaCallback$$Lambda+0x0000021901406378
instanceKlass  @bci kafka/controller/ZkReplicaStateMachine doHandleStateChanges (ILscala/collection/Seq;Lkafka/controller/ReplicaState;)V 144 <adapter> ; # java/lang/invoke/LambdaForm$MH+0x0000021901401000
instanceKlass kafka/server/DynamicClientQuotaCallback
# instanceKlass java/lang/invoke/LambdaForm$DMH+0x0000021901400c00
instanceKlass  @bci kafka/controller/ZkReplicaStateMachine doHandleStateChanges (ILscala/collection/Seq;Lkafka/controller/ReplicaState;)V 144 <appendix> form vmentry <vmtarget> ; # java/lang/invoke/LambdaForm$DMH+0x0000021901400800
instanceKlass  @bci kafka/controller/ZkReplicaStateMachine doHandleStateChanges (ILscala/collection/Seq;Lkafka/controller/ReplicaState;)V 144 <appendix> member <vmtarget> ; # kafka/controller/ZkReplicaStateMachine$$Lambda+0x0000021901405d58
instanceKlass  @bci kafka/server/DynamicMetricsReporters reconfigurableConfigs ()Ljava/util/Set; 29 <appendix> member <vmtarget> ; # kafka/server/DynamicMetricsReporters$$Lambda+0x0000021901405998
instanceKlass  @cpi kafka/controller/ZkReplicaStateMachine 269 form vmentry <vmtarget> ; # java/lang/invoke/LambdaForm$DMH+0x0000021901400400
instanceKlass org/apache/kafka/common/ClusterResourceListener
instanceKlass org/apache/kafka/server/telemetry/ClientTelemetry
instanceKlass  @bci kafka/controller/ZkReplicaStateMachine doHandleStateChanges (ILscala/collection/Seq;Lkafka/controller/ReplicaState;)V 87 <appendix> member <vmtarget> ; # kafka/controller/ZkReplicaStateMachine$$Lambda+0x00000219014051f8
instanceKlass  @bci scala/collection/immutable/List partition (Lscala/Function1;)Lscala/Tuple2; 41 <appendix> member <vmtarget> ; # scala/collection/immutable/List$$Lambda+0x0000021901404e38
instanceKlass  @bci org/apache/kafka/common/metrics/JmxReporter init (Ljava/util/List;)V 48 <appendix> member <vmtarget> ; # org/apache/kafka/common/metrics/JmxReporter$$Lambda+0x0000021901404c10
instanceKlass  @bci kafka/controller/ControllerContext checkValidReplicaStateChange (Lscala/collection/Seq;Lkafka/controller/ReplicaState;)Lscala/Tuple2; 3 <appendix> member <vmtarget> ; # kafka/controller/ControllerContext$$Lambda+0x0000021901404850
instanceKlass  @bci kafka/controller/ControllerContext putReplicaStateIfNotExists (Lkafka/controller/PartitionAndReplica;Lkafka/controller/ReplicaState;)V 6 <appendix> member <vmtarget> ; # kafka/controller/ControllerContext$$Lambda+0x00000219014045a0
instanceKlass  @bci kafka/controller/ZkReplicaStateMachine doHandleStateChanges (ILscala/collection/Seq;Lkafka/controller/ReplicaState;)V 25 <appendix> member <vmtarget> ; # kafka/controller/ZkReplicaStateMachine$$Lambda+0x00000219013ffaa8
instanceKlass  @bci kafka/controller/ZkReplicaStateMachine handleStateChanges (Lscala/collection/Seq;Lkafka/controller/ReplicaState;)V 42 <appendix> member <vmtarget> ; # kafka/controller/ZkReplicaStateMachine$$Lambda+0x0000021901404000
instanceKlass  @bci kafka/server/DynamicMetricReporterState createReporters (Lkafka/server/KafkaConfig;Ljava/lang/String;Ljava/util/List;Ljava/util/Map;)V 91 <appendix> member <vmtarget> ; # kafka/server/DynamicMetricReporterState$$Lambda+0x00000219013ff880
instanceKlass  @bci kafka/controller/ZkReplicaStateMachine handleStateChanges (Lscala/collection/Seq;Lkafka/controller/ReplicaState;)V 37 <appendix> member <vmtarget> ; # kafka/controller/ZkReplicaStateMachine$$Lambda+0x00000219013ff2e0
instanceKlass  @bci kafka/server/KafkaBroker$ notifyMetricsReporters (Ljava/lang/String;Lkafka/server/KafkaConfig;Lscala/collection/Seq;)V 13 <appendix> member <vmtarget> ; # kafka/server/KafkaBroker$$$Lambda+0x00000219013fef20
instanceKlass  @bci org/apache/kafka/common/metrics/JmxReporter reconfigure (Ljava/util/Map;)V 19 <appendix> member <vmtarget> ; # org/apache/kafka/common/metrics/JmxReporter$$Lambda+0x00000219013fecf8
instanceKlass  @bci kafka/controller/ZkReplicaStateMachine handleStateChanges (Lscala/collection/Seq;Lkafka/controller/ReplicaState;)V 25 <appendix> argL0 ; # kafka/controller/ZkReplicaStateMachine$$Lambda+0x00000219013fe940
instanceKlass org/apache/kafka/common/metrics/JmxReporter$KafkaMbean
instanceKlass  @bci kafka/controller/ControllerContext $anonfun$onlineAndOfflineReplicas$4 (Lkafka/controller/ControllerContext;Ljava/lang/String;Lscala/collection/mutable/Set;Lscala/collection/mutable/Set;Lscala/Tuple2;)V 44 <appendix> member <vmtarget> ; # kafka/controller/ControllerContext$$Lambda+0x00000219013fe2d8
instanceKlass  @bci org/apache/kafka/common/metrics/JmxReporter <init> (Ljava/lang/String;)V 16 <appendix> argL0 ; # org/apache/kafka/common/metrics/JmxReporter$$Lambda+0x00000219013fe098
instanceKlass  @cpi kafka/controller/ControllerContext 1255 form vmentry <vmtarget> ; # java/lang/invoke/LambdaForm$DMH+0x0000021901400000
instanceKlass  @bci kafka/controller/ControllerContext $anonfun$onlineAndOfflineReplicas$2 (Lkafka/controller/ControllerContext;Lscala/collection/mutable/Set;Lscala/collection/mutable/Set;Lscala/Tuple2;)V 35 <appendix> member <vmtarget> ; # kafka/controller/ControllerContext$$Lambda+0x00000219013fdcd8
instanceKlass  @bci kafka/controller/ControllerContext $anonfun$onlineAndOfflineReplicas$2 (Lkafka/controller/ControllerContext;Lscala/collection/mutable/Set;Lscala/collection/mutable/Set;Lscala/Tuple2;)V 20 <appendix> argL0 ; # kafka/controller/ControllerContext$$Lambda+0x00000219013fd500
instanceKlass org/apache/kafka/common/network/ChannelState
instanceKlass  @bci kafka/server/DynamicMetricReporterState createReporters (Lkafka/server/KafkaConfig;Ljava/lang/String;Ljava/util/List;Ljava/util/Map;)V 42 <appendix> member <vmtarget> ; # kafka/server/DynamicMetricReporterState$$Lambda+0x00000219013fcd48
instanceKlass  @bci kafka/controller/ControllerContext onlineAndOfflineReplicas ()Lscala/Tuple2; 37 <appendix> member <vmtarget> ; # kafka/controller/ControllerContext$$Lambda+0x00000219013fc988
instanceKlass  @bci kafka/server/DynamicMetricReporterState createReporters (Lkafka/server/KafkaConfig;Ljava/lang/String;Ljava/util/List;Ljava/util/Map;)V 37 <appendix> member <vmtarget> ; # kafka/server/DynamicMetricReporterState$$Lambda+0x00000219013fbfc8
instanceKlass  @bci kafka/controller/ControllerContext onlineAndOfflineReplicas ()Lscala/Tuple2; 24 <appendix> argL0 ; # kafka/controller/ControllerContext$$Lambda+0x00000219013fbc10
instanceKlass  @bci kafka/server/DynamicMetricReporterState createReporters (Lkafka/server/KafkaConfig;Ljava/lang/String;Ljava/util/List;Ljava/util/Map;)V 13 <appendix> member <vmtarget> ; # kafka/server/DynamicMetricReporterState$$Lambda+0x00000219013fb798
instanceKlass  @bci scala/collection/SeqOps contains (Ljava/lang/Object;)Z 2 <appendix> member <vmtarget> ; # scala/collection/SeqOps$$Lambda+0x00000219013fb130
instanceKlass  @bci kafka/controller/ReplicaStateMachine startup ()V 14 <appendix> argL0 ; # kafka/controller/ReplicaStateMachine$$Lambda+0x00000219013fb4f0
instanceKlass org/apache/kafka/common/security/auth/AuthenticationContext
instanceKlass org/apache/kafka/common/network/PlaintextChannelBuilder$PlaintextAuthenticator
instanceKlass kafka/controller/ReplicaDeletionIneligible$
instanceKlass kafka/controller/OfflineReplica$
instanceKlass kafka/server/DynamicMetricReporterState
instanceKlass org/apache/kafka/common/network/KafkaChannel
instanceKlass kafka/controller/ReplicaDeletionStarted$
instanceKlass kafka/server/DynamicMetricsReporters
instanceKlass kafka/controller/ReplicaDeletionSuccessful$
instanceKlass kafka/controller/NonExistentReplica$
instanceKlass  @bci org/apache/kafka/common/network/PlaintextChannelBuilder buildChannel (Ljava/lang/String;Ljava/nio/channels/SelectionKey;ILorg/apache/kafka/common/memory/MemoryPool;Lorg/apache/kafka/common/network/ChannelMetadataRegistry;)Lorg/apache/kafka/common/network/KafkaChannel; 10 <appendix> member <vmtarget> ; # org/apache/kafka/common/network/PlaintextChannelBuilder$$Lambda+0x00000219013f9128
instanceKlass kafka/utils/Mx4jLoader$
instanceKlass kafka/controller/NewReplica$
instanceKlass org/apache/kafka/common/security/auth/KafkaPrincipal
instanceKlass org/apache/kafka/common/network/PlaintextTransportLayer
instanceKlass kafka/server/KafkaRequestHandler$
instanceKlass  @bci kafka/server/KafkaServer startup ()V 2803 <appendix> member <vmtarget> ; # kafka/server/KafkaServer$$Lambda+0x00000219013f8000
instanceKlass kafka/controller/OnlineReplica$
instanceKlass org/apache/kafka/common/network/Selector$SelectorChannelMetadataRegistry
instanceKlass  @bci kafka/controller/ReplicaStateMachine $anonfun$initializeReplicaState$1 (Lkafka/controller/ReplicaStateMachine;Lorg/apache/kafka/common/TopicPartition;)V 10 <appendix> member <vmtarget> ; # kafka/controller/ReplicaStateMachine$$Lambda+0x00000219013f34a0
instanceKlass  @bci kafka/controller/ControllerContext partitionReplicaAssignment (Lorg/apache/kafka/common/TopicPartition;)Lscala/collection/Seq; 8 <appendix> argL0 ; # kafka/controller/ControllerContext$$Lambda+0x00000219013f31f8
instanceKlass scala/runtime/RichChar$
instanceKlass  @bci kafka/controller/ReplicaStateMachine initializeReplicaState ()V 8 <appendix> member <vmtarget> ; # kafka/controller/ReplicaStateMachine$$Lambda+0x00000219013f7c30
instanceKlass org/apache/kafka/clients/ClientUtils
instanceKlass  @bci kafka/controller/ReplicaStateMachine startup ()V 1 <appendix> argL0 ; # kafka/controller/ReplicaStateMachine$$Lambda+0x00000219013f7790
instanceKlass kafka/server/KafkaRequestHandler
instanceKlass  @bci kafka/controller/AbstractControllerBrokerRequestBatch sendStopReplicaRequests (ILkafka/controller/StateChangeLogger;)V 105 <appendix> member <vmtarget> ; # kafka/controller/AbstractControllerBrokerRequestBatch$$Lambda+0x00000219013f6e60
instanceKlass  @bci kafka/controller/AbstractControllerBrokerRequestBatch sendStopReplicaRequests (ILkafka/controller/StateChangeLogger;)V 100 <adapter> ; # java/lang/invoke/LambdaForm$MH+0x00000219013f2c00
# instanceKlass java/lang/invoke/LambdaForm$DMH+0x00000219013f2800
instanceKlass  @bci kafka/server/KafkaRequestHandlerPool <init> (ILkafka/network/RequestChannel;Lkafka/server/ApiRequestHandler;Lorg/apache/kafka/common/utils/Time;ILjava/lang/String;Ljava/lang/String;Ljava/lang/String;)V 161 <appendix> member <vmtarget> ; # kafka/server/KafkaRequestHandlerPool$$Lambda+0x00000219013f6660
instanceKlass org/apache/kafka/clients/ClusterConnectionStates$NodeConnectionState
instanceKlass  @bci kafka/controller/AbstractControllerBrokerRequestBatch sendStopReplicaRequests (ILkafka/controller/StateChangeLogger;)V 100 <appendix> form vmentry <vmtarget> ; # java/lang/invoke/LambdaForm$DMH+0x00000219013f2400
instanceKlass kafka/server/KafkaRequestHandlerPool$
instanceKlass  @bci kafka/controller/AbstractControllerBrokerRequestBatch sendStopReplicaRequests (ILkafka/controller/StateChangeLogger;)V 100 <appendix> member <vmtarget> ; # kafka/controller/AbstractControllerBrokerRequestBatch$$Lambda+0x00000219013f5cc0
instanceKlass org/apache/kafka/clients/NetworkClientUtils
instanceKlass  @cpi kafka/controller/AbstractControllerBrokerRequestBatch 733 form vmentry <vmtarget> ; # java/lang/invoke/LambdaForm$DMH+0x00000219013f2000
instanceKlass kafka/server/KafkaRequestHandlerPool
instanceKlass kafka/controller/QueueItem
instanceKlass  @bci kafka/controller/AbstractControllerBrokerRequestBatch $anonfun$sendUpdateMetadataRequests$4 (Lkafka/controller/AbstractControllerBrokerRequestBatch;Lscala/collection/mutable/Buffer;SILscala/collection/mutable/Buffer;I)V 160 <appendix> member <vmtarget> ; # kafka/controller/AbstractControllerBrokerRequestBatch$$Lambda+0x00000219013f5098
instanceKlass  @bci kafka/server/logger/RuntimeLoggerManager <clinit> ()V 12 <appendix> argL0 ; # kafka/server/logger/RuntimeLoggerManager$$Lambda+0x00000219013f4e10
instanceKlass org/apache/kafka/common/config/LogLevelConfig
instanceKlass kafka/server/logger/RuntimeLoggerManager
instanceKlass  @bci kafka/controller/AbstractControllerBrokerRequestBatch $anonfun$sendUpdateMetadataRequests$4 (Lkafka/controller/AbstractControllerBrokerRequestBatch;Lscala/collection/mutable/Buffer;SILscala/collection/mutable/Buffer;I)V 69 <appendix> member <vmtarget> ; # kafka/controller/AbstractControllerBrokerRequestBatch$$Lambda+0x00000219013f4378
instanceKlass kafka/server/ConfigAdminManager
instanceKlass  @bci kafka/controller/AbstractControllerBrokerRequestBatch $anonfun$sendUpdateMetadataRequests$4 (Lkafka/controller/AbstractControllerBrokerRequestBatch;Lscala/collection/mutable/Buffer;SILscala/collection/mutable/Buffer;I)V 55 <appendix> member <vmtarget> ; # kafka/controller/AbstractControllerBrokerRequestBatch$$Lambda+0x00000219013ef968
instanceKlass  @bci kafka/controller/AbstractControllerBrokerRequestBatch $anonfun$sendUpdateMetadataRequests$4 (Lkafka/controller/AbstractControllerBrokerRequestBatch;Lscala/collection/mutable/Buffer;SILscala/collection/mutable/Buffer;I)V 25 <appendix> argL0 ; # kafka/controller/AbstractControllerBrokerRequestBatch$$Lambda+0x00000219013ef5b0
instanceKlass kafka/server/DelayedFuturePurgatory$$anon$1
instanceKlass  @bci kafka/controller/AbstractControllerBrokerRequestBatch sendUpdateMetadataRequests (ILkafka/controller/StateChangeLogger;)V 223 <adapter> ; # java/lang/invoke/LambdaForm$MH+0x00000219013f1c00
# instanceKlass java/lang/invoke/LambdaForm$DMH+0x00000219013f1800
instanceKlass  @bci kafka/controller/AbstractControllerBrokerRequestBatch sendUpdateMetadataRequests (ILkafka/controller/StateChangeLogger;)V 223 <appendix> form vmentry <vmtarget> ; # java/lang/invoke/LambdaForm$DMH+0x00000219013f1400
instanceKlass  @bci kafka/controller/AbstractControllerBrokerRequestBatch sendUpdateMetadataRequests (ILkafka/controller/StateChangeLogger;)V 223 <appendix> member <vmtarget> ; # kafka/controller/AbstractControllerBrokerRequestBatch$$Lambda+0x00000219013eefb8
instanceKlass  @cpi kafka/controller/AbstractControllerBrokerRequestBatch 707 form vmentry <vmtarget> ; # java/lang/invoke/LambdaForm$DMH+0x00000219013f1000
instanceKlass kafka/server/DelayedFuturePurgatory
instanceKlass  @bci kafka/controller/AbstractControllerBrokerRequestBatch $anonfun$sendUpdateMetadataRequests$2 (SLkafka/cluster/Broker;)Lorg/apache/kafka/common/message/UpdateMetadataRequestData$UpdateMetadataBroker; 78 <appendix> argL0 ; # kafka/controller/AbstractControllerBrokerRequestBatch$$Lambda+0x00000219013ee620
instanceKlass  @bci kafka/controller/AbstractControllerBrokerRequestBatch sendUpdateMetadataRequests (ILkafka/controller/StateChangeLogger;)V 181 <appendix> member <vmtarget> ; # kafka/controller/AbstractControllerBrokerRequestBatch$$Lambda+0x00000219013ee268
instanceKlass kafka/server/AclApis
instanceKlass kafka/controller/StateChangeLogger$
instanceKlass  @bci kafka/controller/AbstractControllerBrokerRequestBatch sendUpdateMetadataRequests (ILkafka/controller/StateChangeLogger;)V 2 <appendix> member <vmtarget> ; # kafka/controller/AbstractControllerBrokerRequestBatch$$Lambda+0x00000219013eda58
instanceKlass  @bci kafka/controller/AbstractControllerBrokerRequestBatch sendLeaderAndIsrRequest (ILkafka/controller/StateChangeLogger;)V 138 <appendix> member <vmtarget> ; # kafka/controller/AbstractControllerBrokerRequestBatch$$Lambda+0x00000219013ed4b8
instanceKlass  @bci kafka/controller/AbstractControllerBrokerRequestBatch sendLeaderAndIsrRequest (ILkafka/controller/StateChangeLogger;)V 133 <adapter> ; # java/lang/invoke/LambdaForm$MH+0x00000219013f0c00
instanceKlass kafka/server/RequestHandlerHelper
# instanceKlass java/lang/invoke/LambdaForm$DMH+0x00000219013f0800
instanceKlass  @bci kafka/controller/AbstractControllerBrokerRequestBatch sendLeaderAndIsrRequest (ILkafka/controller/StateChangeLogger;)V 133 <appendix> form vmentry <vmtarget> ; # java/lang/invoke/LambdaForm$DMH+0x00000219013f0400
instanceKlass  @bci kafka/controller/AbstractControllerBrokerRequestBatch sendLeaderAndIsrRequest (ILkafka/controller/StateChangeLogger;)V 133 <appendix> member <vmtarget> ; # kafka/controller/AbstractControllerBrokerRequestBatch$$Lambda+0x00000219013ecac0
instanceKlass org/apache/kafka/server/authorizer/AuthorizableRequestContext
instanceKlass  @cpi kafka/controller/AbstractControllerBrokerRequestBatch 614 form vmentry <vmtarget> ; # java/lang/invoke/LambdaForm$DMH+0x00000219013f0000
instanceKlass kafka/server/AuthHelper
instanceKlass  @bci kafka/controller/AbstractControllerBrokerRequestBatch addUpdateMetadataRequestForBrokers (Lscala/collection/Seq;Lscala/collection/Set;)V 27 <appendix> member <vmtarget> ; # kafka/controller/AbstractControllerBrokerRequestBatch$$Lambda+0x00000219013ec478
instanceKlass  @bci kafka/controller/AbstractControllerBrokerRequestBatch addUpdateMetadataRequestForBrokers (Lscala/collection/Seq;Lscala/collection/Set;)V 5 <appendix> argL0 ; # kafka/controller/AbstractControllerBrokerRequestBatch$$Lambda+0x00000219013ec0a0
instanceKlass scala/runtime/java8/JFunction1$mcZI$sp
instanceKlass  @bci kafka/controller/KafkaController onControllerFailover ()V 242 <appendix> argL0 ; # kafka/controller/KafkaController$$Lambda+0x00000219013eb908
instanceKlass  @bci kafka/controller/ControllerContext queueTopicDeletion (Lscala/collection/Set;)V 27 <appendix> member <vmtarget> ; # kafka/controller/ControllerContext$$Lambda+0x00000219013ea698
instanceKlass  @bci kafka/controller/TopicDeletionManager init (Lscala/collection/Set;Lscala/collection/Set;)V 3 <appendix> member <vmtarget> ; # kafka/controller/TopicDeletionManager$$Lambda+0x00000219013e9ee8
instanceKlass  @bci kafka/controller/KafkaController onControllerFailover ()V 224 <appendix> argL0 ; # kafka/controller/KafkaController$$Lambda+0x00000219013e9c40
instanceKlass  @bci kafka/controller/KafkaController fetchTopicDeletionsInProgress ()Lscala/Tuple2; 81 <appendix> member <vmtarget> ; # kafka/controller/KafkaController$$Lambda+0x00000219013e9490
instanceKlass  @bci kafka/controller/KafkaController fetchTopicDeletionsInProgress ()Lscala/Tuple2; 70 <appendix> member <vmtarget> ; # kafka/controller/KafkaController$$Lambda+0x00000219013e8f40
instanceKlass  @bci kafka/controller/KafkaController fetchTopicDeletionsInProgress ()Lscala/Tuple2; 42 <appendix> argL0 ; # kafka/controller/KafkaController$$Lambda+0x00000219013e8b88
instanceKlass  @bci kafka/controller/ControllerContext isReplicaOnline (ILorg/apache/kafka/common/TopicPartition;Z)Z 44 <appendix> argL0 ; # kafka/controller/ControllerContext$$Lambda+0x00000219013e8658
instanceKlass  @bci kafka/controller/KafkaController $anonfun$fetchTopicDeletionsInProgress$1 (Lkafka/controller/KafkaController;Ljava/lang/String;)Z 9 <appendix> member <vmtarget> ; # kafka/controller/KafkaController$$Lambda+0x00000219013e8298
instanceKlass  @bci kafka/controller/ControllerContext $anonfun$replicasForTopic$2 (Ljava/lang/String;Lscala/Tuple2;)Lscala/collection/Seq; 21 <appendix> member <vmtarget> ; # kafka/controller/ControllerContext$$Lambda+0x00000219013e7a18
instanceKlass kafka/controller/PartitionAndReplica
instanceKlass  @bci kafka/controller/ControllerContext replicasForTopic (Ljava/lang/String;)Lscala/collection/Set; 19 <appendix> member <vmtarget> ; # kafka/controller/ControllerContext$$Lambda+0x00000219013e7118
instanceKlass  @bci kafka/controller/ControllerContext replicasForTopic (Ljava/lang/String;)Lscala/collection/Set; 5 <appendix> argL0 ; # kafka/controller/ControllerContext$$Lambda+0x00000219013e6bf8
instanceKlass  @bci kafka/controller/KafkaController fetchTopicDeletionsInProgress ()Lscala/Tuple2; 21 <appendix> member <vmtarget> ; # kafka/controller/KafkaController$$Lambda+0x00000219013e6838
instanceKlass  @bci kafka/controller/KafkaController onControllerFailover ()V 178 <appendix> argL0 ; # kafka/controller/KafkaController$$Lambda+0x00000219013e5908
instanceKlass  @bci kafka/controller/KafkaController initializeControllerContext ()V 231 <appendix> member <vmtarget> ; # kafka/controller/KafkaController$$Lambda+0x00000219013e5658
instanceKlass  @bci kafka/controller/KafkaController initializeControllerContext ()V 221 <appendix> member <vmtarget> ; # kafka/controller/KafkaController$$Lambda+0x00000219013e5118
instanceKlass  @bci scala/collection/IterableOps view ()Lscala/collection/View; 5 <appendix> member <vmtarget> ; # scala/collection/IterableOps$$Lambda+0x00000219013e40f0
instanceKlass scala/collection/View$
instanceKlass  @bci kafka/controller/KafkaController initializeControllerContext ()V 211 <appendix> member <vmtarget> ; # kafka/controller/KafkaController$$Lambda+0x00000219013e3418
instanceKlass  @bci kafka/controller/ControllerChannelManager startup (Lscala/collection/Set;)V 24 <appendix> member <vmtarget> ; # kafka/controller/ControllerChannelManager$$Lambda+0x00000219013e2dd8
instanceKlass kafka/controller/ControllerBrokerStateInfo
instanceKlass kafka/controller/ControllerChannelManager$
instanceKlass kafka/server/DelayedOperationKey
instanceKlass org/apache/kafka/common/requests/AbstractRequest
instanceKlass  @bci kafka/cluster/Broker node (Lorg/apache/kafka/common/network/ListenerName;)Lorg/apache/kafka/common/Node; 7 <appendix> member <vmtarget> ; # kafka/cluster/Broker$$Lambda+0x00000219013e08f8
instanceKlass  @bci kafka/cluster/Broker getNode (Lorg/apache/kafka/common/network/ListenerName;)Lscala/Option; 11 <appendix> member <vmtarget> ; # kafka/cluster/Broker$$Lambda+0x00000219013e0538
instanceKlass  @bci kafka/controller/ControllerChannelManager addNewBroker (Lkafka/cluster/Broker;)V 47 <appendix> member <vmtarget> ; # kafka/controller/ControllerChannelManager$$Lambda+0x00000219013e0000
instanceKlass  @bci kafka/controller/ControllerChannelManager addNewBroker (Lkafka/cluster/Broker;)V 27 <appendix> member <vmtarget> ; # kafka/controller/ControllerChannelManager$$Lambda+0x00000219013dfd30
instanceKlass kafka/server/KafkaApis
instanceKlass  @bci kafka/controller/ControllerChannelManager addNewBroker (Lkafka/cluster/Broker;)V 11 <appendix> member <vmtarget> ; # kafka/controller/ControllerChannelManager$$Lambda+0x00000219013df180
instanceKlass  @bci kafka/controller/ControllerChannelManager startup (Lscala/collection/Set;)V 2 <appendix> member <vmtarget> ; # kafka/controller/ControllerChannelManager$$Lambda+0x00000219013dedc0
instanceKlass  @bci kafka/controller/ControllerContext $anonfun$updatePreferredReplicaImbalanceMetric$1 (Lkafka/controller/ControllerContext;Lscala/Option;Lkafka/controller/ReplicaAssignment;)V 3 <appendix> member <vmtarget> ; # kafka/controller/ControllerContext$$Lambda+0x00000219013dea00
instanceKlass  @bci kafka/controller/ControllerContext partitionFullReplicaAssignment (Lorg/apache/kafka/common/TopicPartition;)Lkafka/controller/ReplicaAssignment; 28 <appendix> argL0 ; # kafka/controller/ControllerContext$$Lambda+0x00000219013de758
instanceKlass  @bci kafka/controller/ControllerContext partitionFullReplicaAssignment (Lorg/apache/kafka/common/TopicPartition;)Lkafka/controller/ReplicaAssignment; 8 <appendix> argL0 ; # kafka/controller/ControllerContext$$Lambda+0x00000219013de4b0
instanceKlass  @bci kafka/controller/KafkaController updateLeaderAndIsrCache (Lscala/collection/Seq;)V 26 <appendix> member <vmtarget> ; # kafka/controller/KafkaController$$Lambda+0x00000219013ddf10
instanceKlass  @bci kafka/controller/KafkaController updateLeaderAndIsrCache (Lscala/collection/Seq;)V 18 <appendix> member <vmtarget> ; # kafka/controller/KafkaController$$Lambda+0x00000219013dd970
instanceKlass  @bci kafka/zk/KafkaZkClient $anonfun$getTopicPartitionStates$1 (Lkafka/zookeeper/GetDataResponse;)Lscala/Option; 41 <appendix> member <vmtarget> ; # kafka/zk/KafkaZkClient$$Lambda+0x00000219013dd5b0
instanceKlass  @bci kafka/api/LeaderAndIsr$ apply (IILscala/collection/immutable/List;Lorg/apache/kafka/metadata/LeaderRecoveryState;I)Lkafka/api/LeaderAndIsr; 9 <appendix> argL0 ; # kafka/api/LeaderAndIsr$$$Lambda+0x00000219013dd1f8
instanceKlass kafka/api/LeaderAndIsr
instanceKlass kafka/api/LeaderAndIsr$
instanceKlass  @bci kafka/zk/TopicPartitionStateZNode$ $anonfun$decode$16 (Lorg/apache/zookeeper/data/Stat;Lkafka/utils/json/JsonValue;)Lkafka/controller/LeaderIsrAndControllerEpoch; 108 <appendix> argL0 ; # kafka/zk/TopicPartitionStateZNode$$$Lambda+0x00000219013dc830
instanceKlass  @bci kafka/zk/TopicPartitionStateZNode$ $anonfun$decode$16 (Lorg/apache/zookeeper/data/Stat;Lkafka/utils/json/JsonValue;)Lkafka/controller/LeaderIsrAndControllerEpoch; 100 <appendix> argL0 ; # kafka/zk/TopicPartitionStateZNode$$$Lambda+0x00000219013dc478
instanceKlass  @bci kafka/zk/TopicPartitionStateZNode$ decode ([BLorg/apache/zookeeper/data/Stat;)Lscala/Option; 8 <appendix> member <vmtarget> ; # kafka/zk/TopicPartitionStateZNode$$$Lambda+0x00000219013dbe80
instanceKlass  @bci kafka/zk/KafkaZkClient getTopicPartitionStates (Lscala/collection/Seq;)Lscala/collection/Map; 5 <appendix> argL0 ; # kafka/zk/KafkaZkClient$$Lambda+0x00000219013dbac8
instanceKlass kafka/zk/TopicPartitionsZNode$
instanceKlass kafka/zk/TopicPartitionZNode$
instanceKlass kafka/zk/TopicPartitionStateZNode$
instanceKlass  @bci kafka/zk/KafkaZkClient getTopicPartitionStatesRaw (Lscala/collection/Seq;)Lscala/collection/Seq; 1 <appendix> argL0 ; # kafka/zk/KafkaZkClient$$Lambda+0x00000219013db128
instanceKlass  @bci kafka/controller/ControllerContext $anonfun$allPartitions$1 (Lscala/Tuple2;)Lscala/collection/mutable/Iterable; 20 <appendix> member <vmtarget> ; # kafka/controller/ControllerContext$$Lambda+0x00000219013dad68
instanceKlass  @bci kafka/controller/ControllerContext allPartitions ()Lscala/collection/Set; 4 <appendix> argL0 ; # kafka/controller/ControllerContext$$Lambda+0x00000219013da660
instanceKlass kafka/server/ZkSupport
instanceKlass  @bci kafka/server/KafkaServer startup ()V 2641 <appendix> member <vmtarget> ; # kafka/server/KafkaServer$$Lambda+0x00000219013d9f28
instanceKlass kafka/log/remote/RemoteLogManager
instanceKlass kafka/controller/BrokerModificationsHandler
instanceKlass  @bci kafka/controller/KafkaController registerBrokerModificationsHandler (Lscala/collection/Iterable;)V 12 <appendix> member <vmtarget> ; # kafka/controller/KafkaController$$Lambda+0x00000219013d9648
instanceKlass kafka/server/FetchSession$
instanceKlass  @bci kafka/controller/KafkaController registerBrokerModificationsHandler (Lscala/collection/Iterable;)V 2 <appendix> member <vmtarget> ; # kafka/controller/KafkaController$$Lambda+0x00000219013d85b8
instanceKlass kafka/server/FetchSessionCache
instanceKlass  @bci kafka/controller/ControllerContext $anonfun$updatePreferredReplicaImbalanceMetric$3 (Lkafka/controller/ControllerContext;Lscala/Option;Lkafka/controller/ReplicaAssignment;)V 3 <appendix> member <vmtarget> ; # kafka/controller/ControllerContext$$Lambda+0x00000219013d7b10
instanceKlass kafka/controller/LeaderIsrAndControllerEpoch
instanceKlass  @bci kafka/controller/ControllerContext updatePreferredReplicaImbalanceMetric (Lorg/apache/kafka/common/TopicPartition;Lscala/Option;Lscala/Option;Lscala/Option;Lscala/Option;)V 27 <appendix> member <vmtarget> ; # kafka/controller/ControllerContext$$Lambda+0x00000219013d7488
instanceKlass  @bci kafka/controller/ControllerContext updatePreferredReplicaImbalanceMetric (Lorg/apache/kafka/common/TopicPartition;Lscala/Option;Lscala/Option;Lscala/Option;Lscala/Option;)V 14 <appendix> member <vmtarget> ; # kafka/controller/ControllerContext$$Lambda+0x00000219013d70c8
instanceKlass  @bci kafka/controller/ControllerContext updatePartitionFullReplicaAssignment (Lorg/apache/kafka/common/TopicPartition;Lkafka/controller/ReplicaAssignment;)V 8 <appendix> argL0 ; # kafka/controller/ControllerContext$$Lambda+0x00000219013d6e20
instanceKlass  @bci kafka/controller/KafkaController $anonfun$initializeControllerContext$4 (Lkafka/controller/KafkaController;Lkafka/zk/TopicZNode$TopicIdReplicaAssignment;)V 9 <appendix> member <vmtarget> ; # kafka/controller/KafkaController$$Lambda+0x00000219013d6a60
instanceKlass  @bci kafka/controller/KafkaController initializeControllerContext ()V 147 <appendix> member <vmtarget> ; # kafka/controller/KafkaController$$Lambda+0x00000219013d66a0
instanceKlass  @bci kafka/controller/ControllerContext addTopicId (Ljava/lang/String;Lorg/apache/kafka/common/Uuid;)V 79 <appendix> member <vmtarget> ; # kafka/controller/ControllerContext$$Lambda+0x00000219013d62e0
instanceKlass  @bci kafka/controller/ControllerContext addTopicId (Ljava/lang/String;Lorg/apache/kafka/common/Uuid;)V 59 <appendix> member <vmtarget> ; # kafka/controller/ControllerContext$$Lambda+0x00000219013d5f20
instanceKlass  @bci kafka/controller/KafkaController $anonfun$processTopicIds$2 (Lkafka/controller/KafkaController;Lkafka/zk/TopicZNode$TopicIdReplicaAssignment;)V 6 <appendix> member <vmtarget> ; # kafka/controller/KafkaController$$Lambda+0x00000219013d5b60
instanceKlass  @bci kafka/controller/KafkaController processTopicIds (Lscala/collection/Set;)V 85 <appendix> member <vmtarget> ; # kafka/controller/KafkaController$$Lambda+0x00000219013d57a0
instanceKlass kafka/server/FetchContext
instanceKlass  @bci kafka/zk/KafkaZkClient setTopicIds (Lscala/collection/Set;I)Lscala/collection/immutable/Set; 21 <appendix> argL0 ; # kafka/zk/KafkaZkClient$$Lambda+0x00000219013d51f8
instanceKlass kafka/server/FetchManager
instanceKlass scala/collection/convert/AsJavaExtensions$IterableHasAsJava
instanceKlass  @bci kafka/zk/KafkaZkClient setTopicIds (Lscala/collection/Set;I)Lscala/collection/immutable/Set; 1 <appendix> argL0 ; # kafka/zk/KafkaZkClient$$Lambda+0x00000219013d48d8
instanceKlass  @bci kafka/controller/KafkaController processTopicIds (Lscala/collection/Set;)V 11 <appendix> argL0 ; # kafka/controller/KafkaController$$Lambda+0x00000219013d4520
instanceKlass  @bci kafka/coordinator/transaction/TransactionMarkerChannelManager generateRequests ()Ljava/util/Collection; 104 <appendix> member <vmtarget> ; # kafka/coordinator/transaction/TransactionMarkerChannelManager$$Lambda+0x00000219013d4160
instanceKlass  @bci kafka/zk/TopicZNode$ decode (Ljava/lang/String;[B)Lkafka/zk/TopicZNode$TopicIdReplicaAssignment; 17 <appendix> member <vmtarget> ; # kafka/zk/TopicZNode$$$Lambda+0x00000219013d3eb0
instanceKlass  @bci kafka/coordinator/transaction/TransactionMarkerChannelManager generateRequests ()Ljava/util/Collection; 89 <appendix> argL0 ; # kafka/coordinator/transaction/TransactionMarkerChannelManager$$Lambda+0x00000219013d3af8
instanceKlass  @bci kafka/zk/TopicZNode$ $anonfun$decode$6 (Ljava/lang/String;Lkafka/utils/json/JsonValue;)Lkafka/zk/TopicZNode$TopicIdReplicaAssignment; 90 <appendix> argL0 ; # kafka/zk/TopicZNode$$$Lambda+0x00000219013d3850
instanceKlass org/apache/kafka/common/Endpoint
instanceKlass  @bci kafka/coordinator/transaction/TransactionMarkerChannelManager generateRequests ()Ljava/util/Collection; 76 <appendix> argL0 ; # kafka/coordinator/transaction/TransactionMarkerChannelManager$$Lambda+0x00000219013d3278
instanceKlass  @bci kafka/coordinator/transaction/TransactionMarkerChannelManager generateRequests ()Ljava/util/Collection; 46 <appendix> member <vmtarget> ; # kafka/coordinator/transaction/TransactionMarkerChannelManager$$Lambda+0x00000219013d2eb8
instanceKlass kafka/controller/ReplicaAssignment
instanceKlass  @bci kafka/server/KafkaServer startup ()V 2557 <appendix> argL0 ; # kafka/server/KafkaServer$$Lambda+0x00000219013d2800
instanceKlass  @bci kafka/coordinator/transaction/TransactionMarkerChannelManager generateRequests ()Ljava/util/Collection; 35 <appendix> argL0 ; # kafka/coordinator/transaction/TransactionMarkerChannelManager$$Lambda+0x00000219013d2448
instanceKlass kafka/coordinator/transaction/TxnIdAndMarkerEntry
instanceKlass  @bci kafka/server/KafkaServer startup ()V 2455 <appendix> member <vmtarget> ; # kafka/server/KafkaServer$$Lambda+0x00000219013d1dc0
instanceKlass kafka/controller/ReplicaAssignment$
instanceKlass  @bci kafka/zk/TopicZNode$ $anonfun$decode$12 (Ljava/lang/String;Lscala/Option;Lscala/Option;Lkafka/utils/json/JsonObject;)Lscala/collection/immutable/Map; 7 <appendix> member <vmtarget> ; # kafka/zk/TopicZNode$$$Lambda+0x00000219013d1808
instanceKlass  @bci kafka/coordinator/transaction/TxnMarkerQueue forEachTxnTopicPartition (Lscala/Function2;)V 18 <appendix> member <vmtarget> ; # kafka/coordinator/transaction/TxnMarkerQueue$$Lambda+0x00000219013d1268
instanceKlass kafka/server/DefaultAutoTopicCreationManager
instanceKlass  @bci kafka/zk/TopicZNode$ $anonfun$decode$6 (Ljava/lang/String;Lkafka/utils/json/JsonValue;)Lkafka/zk/TopicZNode$TopicIdReplicaAssignment; 82 <appendix> member <vmtarget> ; # kafka/zk/TopicZNode$$$Lambda+0x00000219013d0b40
instanceKlass  @bci kafka/coordinator/transaction/TxnMarkerQueue forEachTxnTopicPartition (Lscala/Function2;)V 13 <appendix> member <vmtarget> ; # kafka/coordinator/transaction/TxnMarkerQueue$$Lambda+0x00000219013d05a0
instanceKlass  @bci kafka/zk/TopicZNode$ $anonfun$decode$6 (Ljava/lang/String;Lkafka/utils/json/JsonValue;)Lkafka/zk/TopicZNode$TopicIdReplicaAssignment; 69 <appendix> argL0 ; # kafka/zk/TopicZNode$$$Lambda+0x00000219013cfb20
instanceKlass  @bci kafka/coordinator/transaction/TransactionMarkerChannelManager generateRequests ()Ljava/util/Collection; 17 <appendix> member <vmtarget> ; # kafka/coordinator/transaction/TransactionMarkerChannelManager$$Lambda+0x00000219013d0000
instanceKlass  @bci kafka/zk/TopicZNode$ $anonfun$decode$6 (Ljava/lang/String;Lkafka/utils/json/JsonValue;)Lkafka/zk/TopicZNode$TopicIdReplicaAssignment; 53 <appendix> argL0 ; # kafka/zk/TopicZNode$$$Lambda+0x00000219013cf768
instanceKlass  @bci kafka/coordinator/transaction/TransactionMarkerChannelManager retryLogAppends ()V 19 <appendix> member <vmtarget> ; # kafka/coordinator/transaction/TransactionMarkerChannelManager$$Lambda+0x00000219013cf540
instanceKlass kafka/coordinator/transaction/PendingCompleteTxn
instanceKlass  @bci kafka/zk/TopicZNode$ $anonfun$decode$6 (Ljava/lang/String;Lkafka/utils/json/JsonValue;)Lkafka/zk/TopicZNode$TopicIdReplicaAssignment; 37 <appendix> argL0 ; # kafka/zk/TopicZNode$$$Lambda+0x00000219013ceea0
instanceKlass  @bci kafka/zk/TopicZNode$ $anonfun$decode$6 (Ljava/lang/String;Lkafka/utils/json/JsonValue;)Lkafka/zk/TopicZNode$TopicIdReplicaAssignment; 22 <appendix> argL0 ; # kafka/zk/TopicZNode$$$Lambda+0x00000219013ceae8
instanceKlass kafka/server/AutoTopicCreationManager
instanceKlass  @bci kafka/zk/TopicZNode$ $anonfun$decode$6 (Ljava/lang/String;Lkafka/utils/json/JsonValue;)Lkafka/zk/TopicZNode$TopicIdReplicaAssignment; 14 <appendix> argL0 ; # kafka/zk/TopicZNode$$$Lambda+0x00000219013ce540
instanceKlass kafka/server/AutoTopicCreationManager$
instanceKlass  @bci kafka/zk/TopicZNode$ decode (Ljava/lang/String;[B)Lkafka/zk/TopicZNode$TopicIdReplicaAssignment; 8 <appendix> member <vmtarget> ; # kafka/zk/TopicZNode$$$Lambda+0x00000219013cdf88
instanceKlass  @bci kafka/coordinator/transaction/TransactionCoordinator startup (Lscala/Function0;Z)V 78 <appendix> argL0 ; # kafka/coordinator/transaction/TransactionCoordinator$$Lambda+0x00000219013cdce0
instanceKlass  @bci kafka/zk/KafkaZkClient getReplicaAssignmentAndTopicIdForTopics (Lscala/collection/immutable/Set;)Lscala/collection/immutable/Set; 25 <appendix> argL0 ; # kafka/zk/KafkaZkClient$$Lambda+0x00000219013cd928
instanceKlass  @bci kafka/coordinator/transaction/TransactionStateManager enableTransactionalIdExpiration ()V 8 <appendix> member <vmtarget> ; # kafka/coordinator/transaction/TransactionStateManager$$Lambda+0x00000219013cd710
instanceKlass  @bci kafka/server/KafkaServer $anonfun$startup$17 (Lkafka/server/KafkaServer;)I 11 <appendix> member <vmtarget> ; # kafka/server/KafkaServer$$Lambda+0x00000219013cd440
instanceKlass kafka/zk/TopicZNode$TopicIdReplicaAssignment
instanceKlass  @bci kafka/coordinator/transaction/TransactionCoordinator startup (Lscala/Function0;Z)V 26 <appendix> member <vmtarget> ; # kafka/coordinator/transaction/TransactionCoordinator$$Lambda+0x00000219013ccf50
instanceKlass  @bci kafka/zk/KafkaZkClient getReplicaAssignmentAndTopicIdForTopics (Lscala/collection/immutable/Set;)Lscala/collection/immutable/Set; 1 <appendix> argL0 ; # kafka/zk/KafkaZkClient$$Lambda+0x00000219013ccb98
instanceKlass  @bci kafka/coordinator/transaction/TransactionCoordinator startup (Lscala/Function0;Z)V 1 <appendix> argL0 ; # kafka/coordinator/transaction/TransactionCoordinator$$Lambda+0x00000219013cbf30
instanceKlass  @bci kafka/controller/KafkaController registerPartitionModificationsHandlers (Lscala/collection/Seq;)V 22 <appendix> member <vmtarget> ; # kafka/controller/KafkaController$$Lambda+0x00000219013cbb70
instanceKlass  @bci kafka/server/KafkaServer startup ()V 2362 <appendix> member <vmtarget> ; # kafka/server/KafkaServer$$Lambda+0x00000219013cb8a0
instanceKlass kafka/controller/PartitionModificationsHandler
instanceKlass kafka/coordinator/transaction/TransactionState
instanceKlass  @bci kafka/controller/KafkaController registerPartitionModificationsHandlers (Lscala/collection/Seq;)V 2 <appendix> member <vmtarget> ; # kafka/controller/KafkaController$$Lambda+0x00000219013cb0a0
instanceKlass kafka/coordinator/transaction/TransactionCoordinator
instanceKlass  @bci scala/collection/MapOps addString (Lscala/collection/mutable/StringBuilder;Ljava/lang/String;Ljava/lang/String;Ljava/lang/String;)Lscala/collection/mutable/StringBuilder; 6 <appendix> argL0 ; # scala/collection/MapOps$$Lambda+0x00000219013ca918
instanceKlass  @bci kafka/controller/KafkaController initializeControllerContext ()V 78 <appendix> member <vmtarget> ; # kafka/controller/KafkaController$$Lambda+0x00000219013ca668
instanceKlass kafka/coordinator/transaction/TxnMarkerQueue
instanceKlass  @bci kafka/controller/ControllerContext addLiveBrokers (Lscala/collection/Map;)V 21 <appendix> argL0 ; # kafka/controller/ControllerContext$$Lambda+0x00000219013ca078
instanceKlass scala/util/hashing/MurmurHash3$ArrayHashing
instanceKlass scala/util/hashing/Hashing
instanceKlass  @bci kafka/controller/KafkaController $anonfun$partitionOnFeatureCompatibility$2 (Lkafka/cluster/Broker;Lorg/apache/kafka/server/common/Features;)Z 20 <appendix> argL0 ; # kafka/controller/KafkaController$$Lambda+0x00000219013c7700
instanceKlass  @bci kafka/controller/KafkaController $anonfun$partitionOnFeatureCompatibility$1 (Lkafka/controller/KafkaController;Lscala/Tuple2;)Z 32 <appendix> member <vmtarget> ; # kafka/controller/KafkaController$$Lambda+0x00000219013c7340
instanceKlass  @bci kafka/controller/KafkaController partitionOnFeatureCompatibility (Lscala/collection/Map;)Lscala/Tuple2; 2 <appendix> member <vmtarget> ; # kafka/controller/KafkaController$$Lambda+0x00000219013c6f80
instanceKlass  @bci org/apache/kafka/common/feature/Features fromFeaturesMap (Ljava/util/Map;Lorg/apache/kafka/common/feature/Features$MapToBaseVersionRangeConverter;)Lorg/apache/kafka/common/feature/Features; 21 <appendix> member <vmtarget> ; # org/apache/kafka/common/feature/Features$$Lambda+0x00000219013c6d48
instanceKlass  @bci org/apache/kafka/common/feature/Features fromFeaturesMap (Ljava/util/Map;Lorg/apache/kafka/common/feature/Features$MapToBaseVersionRangeConverter;)Lorg/apache/kafka/common/feature/Features; 15 <appendix> argL0 ; # org/apache/kafka/common/feature/Features$$Lambda+0x00000219013c6b18
instanceKlass  @bci org/apache/kafka/common/feature/Features fromSupportedFeaturesMap (Ljava/util/Map;)Lorg/apache/kafka/common/feature/Features; 1 <appendix> argL0 ; # org/apache/kafka/common/feature/Features$$Lambda+0x00000219013c6908
instanceKlass org/apache/kafka/common/feature/BaseVersionRange
instanceKlass org/apache/kafka/common/feature/Features$MapToBaseVersionRangeConverter
instanceKlass  @bci kafka/zk/FeatureZNode$ asJavaMap (Lscala/collection/Map;)Ljava/util/Map; 4 <appendix> argL0 ; # kafka/zk/FeatureZNode$$$Lambda+0x00000219013c5f28
instanceKlass  @bci kafka/zk/BrokerIdZNode$ featuresAsJavaMap (Lkafka/utils/json/JsonObject;)Ljava/util/Map; 27 <appendix> argL0 ; # kafka/zk/BrokerIdZNode$$$Lambda+0x00000219013c5c80
instanceKlass  @bci kafka/zk/BrokerIdZNode$ $anonfun$featuresAsJavaMap$2 (Lscala/collection/Map;)Lscala/collection/immutable/Map; 1 <appendix> argL0 ; # kafka/zk/BrokerIdZNode$$$Lambda+0x00000219013c58c8
instanceKlass  @bci kafka/zk/BrokerIdZNode$ featuresAsJavaMap (Lkafka/utils/json/JsonObject;)Ljava/util/Map; 19 <appendix> argL0 ; # kafka/zk/BrokerIdZNode$$$Lambda+0x00000219013c5510
instanceKlass  @bci kafka/zk/BrokerIdZNode$ featuresAsJavaMap (Lkafka/utils/json/JsonObject;)Ljava/util/Map; 11 <appendix> argL0 ; # kafka/zk/BrokerIdZNode$$$Lambda+0x00000219013c5158
instanceKlass  @bci kafka/zk/BrokerIdZNode$ decode (I[B)Lkafka/zk/BrokerInfo; 309 <appendix> argL0 ; # kafka/zk/BrokerIdZNode$$$Lambda+0x00000219013c4ba8
instanceKlass kafka/coordinator/transaction/TransactionMarkerChannelManager$
instanceKlass  @bci kafka/zk/BrokerIdZNode$ decode (I[B)Lkafka/zk/BrokerInfo; 285 <appendix> member <vmtarget> ; # kafka/zk/BrokerIdZNode$$$Lambda+0x00000219013c47e8
instanceKlass kafka/utils/json/DecodeJson$$anonfun$decodeSeq$3
instanceKlass scala/collection/IterableFactory$ToFactory
instanceKlass scala/collection/IterableFactory$
instanceKlass kafka/utils/json/JsonArray
instanceKlass kafka/coordinator/transaction/TransactionStateManager
instanceKlass  @bci kafka/zk/BrokerIdZNode$ $anonfun$decode$2 (Lkafka/utils/json/JsonValue;)Lscala/collection/Map; 37 <appendix> argL0 ; # kafka/zk/BrokerIdZNode$$$Lambda+0x00000219013c3760
instanceKlass  @bci kafka/utils/json/DecodeJson$ $anonfun$decodeMap$2 (Lkafka/utils/json/DecodeJson;Ljava/util/Map$Entry;)Lscala/util/Either; 16 <appendix> member <vmtarget> ; # kafka/utils/json/DecodeJson$$$Lambda+0x00000219013c33a0
instanceKlass  @bci kafka/zk/BrokerIdZNode$ decode (I[B)Lkafka/zk/BrokerInfo; 222 <appendix> argL0 ; # kafka/zk/BrokerIdZNode$$$Lambda+0x00000219013c2fe8
instanceKlass  @bci kafka/coordinator/group/GroupMetadataManager cleanupGroupMetadata (Lscala/collection/Iterable;Lkafka/server/RequestLocal;Lscala/Function1;)I 12 <appendix> member <vmtarget> ; # kafka/coordinator/group/GroupMetadataManager$$Lambda+0x00000219013c2c28
instanceKlass  @bci kafka/zk/KafkaZkClient getAllBrokerAndEpochsInCluster ()Lscala/collection/Map; 23 <appendix> argL0 ; # kafka/zk/KafkaZkClient$$Lambda+0x00000219013c2870
instanceKlass  @bci kafka/coordinator/group/GroupMetadataManager cleanupGroupMetadata ()V 26 <appendix> member <vmtarget> ; # kafka/coordinator/group/GroupMetadataManager$$Lambda+0x00000219013c24b0
instanceKlass kafka/coordinator/transaction/TransactionConfig
instanceKlass kafka/coordinator/group/GroupMetadata
instanceKlass  @bci kafka/zk/KafkaZkClient getAllBrokerAndEpochsInCluster ()Lscala/collection/Map; 4 <appendix> argL0 ; # kafka/zk/KafkaZkClient$$Lambda+0x00000219013c17d0
instanceKlass  @bci kafka/server/KafkaServer startup ()V 2063 <appendix> member <vmtarget> ; # kafka/server/KafkaServer$$Lambda+0x00000219013c1520
instanceKlass kafka/coordinator/transaction/TransactionCoordinator$
instanceKlass org/apache/kafka/server/common/ProducerIdsBlock
instanceKlass kafka/server/RequestLocal
instanceKlass kafka/coordinator/transaction/RPCProducerIdManager
instanceKlass  @bci kafka/controller/KafkaController onControllerFailover ()V 165 <appendix> argL0 ; # kafka/controller/KafkaController$$Lambda+0x00000219013c05b0
instanceKlass kafka/server/RequestLocal$
instanceKlass  @bci kafka/zk/KafkaZkClient deleteIsrChangeNotifications (Lscala/collection/Seq;I)V 1 <appendix> argL0 ; # kafka/zk/KafkaZkClient$$Lambda+0x00000219013c0000
instanceKlass  @bci kafka/server/KafkaServer startup ()V 1973 <appendix> member <vmtarget> ; # kafka/server/KafkaServer$$Lambda+0x00000219013b8ca0
instanceKlass  @bci kafka/zk/KafkaZkClient deleteIsrChangeNotifications (I)V 66 <appendix> argL0 ; # kafka/zk/KafkaZkClient$$Lambda+0x00000219013b8400
instanceKlass kafka/coordinator/transaction/ProducerIdManager$
instanceKlass  @bci kafka/coordinator/group/GroupCoordinator startup (Lscala/Function0;Z)V 27 <appendix> argL0 ; # kafka/coordinator/group/GroupCoordinator$$Lambda+0x00000219013b8800
instanceKlass  @bci kafka/coordinator/group/GroupMetadataManager startup (Lscala/Function0;Z)V 29 <appendix> member <vmtarget> ; # kafka/coordinator/group/GroupMetadataManager$$Lambda+0x00000219013b9ce8
instanceKlass  @bci kafka/server/KafkaServer $anonfun$startup$13 (Lkafka/server/KafkaServer;)I 11 <appendix> member <vmtarget> ; # kafka/server/KafkaServer$$Lambda+0x00000219013b9a18
instanceKlass  @bci kafka/zk/KafkaZkClient getReplicaAssignmentForTopics (Lscala/collection/immutable/Set;)Lscala/collection/Map; 5 <appendix> argL0 ; # kafka/zk/KafkaZkClient$$Lambda+0x00000219013b9660
instanceKlass  @bci kafka/zk/KafkaZkClient getFullReplicaAssignmentForTopics (Lscala/collection/immutable/Set;)Lscala/collection/Map; 25 <appendix> argL0 ; # kafka/zk/KafkaZkClient$$Lambda+0x00000219013b92a8
instanceKlass  @bci kafka/controller/KafkaController onControllerFailover ()V 142 <appendix> argL0 ; # kafka/controller/KafkaController$$Lambda+0x00000219013b9000
instanceKlass  @bci kafka/zk/KafkaZkClient retryRequestsUntilConnected (Lscala/collection/Seq;I)Lscala/collection/Seq; 40 <appendix> argL0 ; # kafka/zk/KafkaZkClient$$Lambda+0x00000219013bbb10
instanceKlass  @bci kafka/zk/KafkaZkClient retryRequestsUntilConnected (Lscala/collection/Seq;I)Lscala/collection/Seq; 24 <appendix> member <vmtarget> ; # kafka/zk/KafkaZkClient$$Lambda+0x00000219013bb758
instanceKlass  @bci kafka/zk/KafkaZkClient deleteLogDirEventNotifications (Lscala/collection/Seq;I)V 1 <appendix> argL0 ; # kafka/zk/KafkaZkClient$$Lambda+0x00000219013bb3a0
instanceKlass  @bci kafka/zk/KafkaZkClient deleteLogDirEventNotifications (I)V 66 <appendix> argL0 ; # kafka/zk/KafkaZkClient$$Lambda+0x00000219013bafe8
instanceKlass kafka/zk/TopicZNode$
instanceKlass  @bci kafka/zk/KafkaZkClient getFullReplicaAssignmentForTopics (Lscala/collection/immutable/Set;)Lscala/collection/Map; 1 <appendix> argL0 ; # kafka/zk/KafkaZkClient$$Lambda+0x00000219013baa38
instanceKlass  @bci kafka/controller/KafkaController onControllerFailover ()V 119 <appendix> argL0 ; # kafka/controller/KafkaController$$Lambda+0x00000219013ba790
instanceKlass  @bci kafka/coordinator/group/GroupCoordinator startup (Lscala/Function0;Z)V 1 <appendix> argL0 ; # kafka/coordinator/group/GroupCoordinator$$Lambda+0x00000219013ba4e8
instanceKlass  @bci kafka/coordinator/group/GroupCoordinatorAdapter startup (Ljava/util/function/IntSupplier;)V 5 <appendix> member <vmtarget> ; # kafka/coordinator/group/GroupCoordinatorAdapter$$Lambda+0x00000219013ba218
instanceKlass  @bci kafka/server/KafkaServer startup ()V 1934 <appendix> member <vmtarget> ; # kafka/server/KafkaServer$$Lambda+0x00000219013ba000
instanceKlass java/util/function/IntSupplier
instanceKlass  @bci kafka/controller/KafkaController onControllerFailover ()V 108 <appendix> member <vmtarget> ; # kafka/controller/KafkaController$$Lambda+0x00000219013bf840
instanceKlass  @bci kafka/controller/KafkaController onControllerFailover ()V 72 <appendix> member <vmtarget> ; # kafka/controller/KafkaController$$Lambda+0x00000219013bf480
instanceKlass  @bci kafka/controller/KafkaController onControllerFailover ()V 5 <appendix> argL0 ; # kafka/controller/KafkaController$$Lambda+0x00000219013bea60
instanceKlass kafka/coordinator/group/GroupCoordinator
instanceKlass  @bci kafka/controller/KafkaController elect ()V 111 <appendix> member <vmtarget> ; # kafka/controller/KafkaController$$Lambda+0x00000219013bdba8
instanceKlass  @bci kafka/zookeeper/ZooKeeperClient$ZooKeeperClientWatcher$ process (Lorg/apache/zookeeper/WatchedEvent;)V 379 <appendix> argL0 ; # kafka/zookeeper/ZooKeeperClient$ZooKeeperClientWatcher$$$Lambda+0x00000219013bd7f0
instanceKlass  @bci org/apache/zookeeper/server/watch/PathParentIterator asIterable ()Ljava/lang/Iterable; 1 <appendix> member <vmtarget> ; # org/apache/zookeeper/server/watch/PathParentIterator$$Lambda+0x00000219013bd5b8
instanceKlass org/apache/zookeeper/server/watch/PathParentIterator
instanceKlass org/apache/zookeeper/proto/WatcherEvent
instanceKlass kafka/coordinator/group/BaseKey
instanceKlass kafka/coordinator/group/GroupMetadataManager$
instanceKlass kafka/coordinator/group/GroupMetadataManager
instanceKlass  @bci kafka/zk/KafkaZkClient registerControllerAndIncrementControllerEpoch (I)Lscala/Tuple2; 78 <appendix> member <vmtarget> ; # kafka/zk/KafkaZkClient$$Lambda+0x00000219013b72c8
instanceKlass  @cpi kafka/zk/KafkaZkClient 398 form vmentry <vmtarget> ; # java/lang/invoke/LambdaForm$DMH+0x00000219013b8000
instanceKlass  @bci kafka/zk/KafkaZkClient registerControllerAndIncrementControllerEpoch (I)Lscala/Tuple2; 23 <appendix> member <vmtarget> ; # kafka/zk/KafkaZkClient$$Lambda+0x00000219013b7018
instanceKlass  @bci kafka/zk/KafkaZkClient registerControllerAndIncrementControllerEpoch (I)Lscala/Tuple2; 14 <appendix> argL0 ; # kafka/zk/KafkaZkClient$$Lambda+0x00000219013b6c60
instanceKlass kafka/coordinator/group/GroupConfig
instanceKlass  @bci kafka/controller/KafkaController elect ()V 8 <appendix> argL0 ; # kafka/controller/KafkaController$$Lambda+0x00000219013b66b8
instanceKlass kafka/coordinator/group/OffsetConfig
instanceKlass kafka/coordinator/group/Empty$
instanceKlass kafka/coordinator/group/PreparingRebalance$
instanceKlass kafka/controller/AllocateProducerIds
instanceKlass kafka/coordinator/group/CompletingRebalance$
instanceKlass kafka/controller/AlterPartitionReceived
instanceKlass kafka/coordinator/group/Stable$
instanceKlass kafka/controller/IsrChangeNotification$
instanceKlass kafka/controller/PartitionReassignmentIsrChange
instanceKlass kafka/coordinator/group/Dead$
instanceKlass kafka/coordinator/group/GroupState
instanceKlass kafka/controller/UpdateFeatures
instanceKlass kafka/controller/ListPartitionReassignments
instanceKlass kafka/coordinator/group/GroupSummary
instanceKlass kafka/coordinator/group/GroupCoordinator$
instanceKlass kafka/controller/ZkPartitionReassignment$
instanceKlass kafka/controller/ApiPartitionReassignment
instanceKlass kafka/controller/TopicDeletion$
instanceKlass kafka/controller/PartitionModifications
instanceKlass kafka/coordinator/group/GroupCoordinatorAdapter
instanceKlass kafka/controller/LogDirEventNotification$
instanceKlass kafka/controller/TopicChange$
instanceKlass kafka/controller/Expire$
instanceKlass kafka/controller/RegisterBrokerAndReelect$
instanceKlass kafka/coordinator/group/GroupCoordinatorAdapter$
instanceKlass kafka/controller/Reelect$
instanceKlass org/apache/kafka/server/policy/AlterConfigPolicy
instanceKlass org/apache/kafka/server/policy/CreateTopicPolicy
instanceKlass kafka/controller/ControllerChange$
instanceKlass kafka/controller/BrokerModifications
instanceKlass kafka/controller/BrokerChange$
instanceKlass kafka/server/ConfigHelper
instanceKlass kafka/controller/TopicDeletionStopReplicaResponseReceived
instanceKlass kafka/controller/UpdateMetadataResponseReceived
instanceKlass kafka/controller/LeaderAndIsrResponseReceived
instanceKlass kafka/controller/ControlledShutdown
instanceKlass kafka/server/ZkAdminManager
instanceKlass kafka/controller/TopicUncleanLeaderElectionEnable
instanceKlass kafka/controller/UncleanLeaderElectionEnable$
instanceKlass kafka/controller/ReplicaLeaderElection
instanceKlass kafka/controller/AutoPreferredReplicaLeaderElection$
instanceKlass kafka/controller/MockEvent
instanceKlass  @bci kafka/controller/ControllerEventManager$ControllerEventThread doWork ()V 103 <appendix> member <vmtarget> ; # kafka/controller/ControllerEventManager$ControllerEventThread$$Lambda+0x00000219013aea20
instanceKlass kafka/controller/ShutdownEventThread$
instanceKlass kafka/server/ZkBrokerEpochManager
instanceKlass kafka/controller/QueuedEvent
instanceKlass kafka/controller/Startup$
instanceKlass kafka/zk/StateChangeHandlers$
instanceKlass kafka/controller/KafkaController$$anon$1
instanceKlass kafka/controller/LogDirEventNotificationHandler
instanceKlass kafka/controller/IsrChangeNotificationHandler
instanceKlass kafka/zk/PreferredReplicaElectionZNode$
instanceKlass kafka/controller/PreferredReplicaElectionHandler
instanceKlass kafka/zk/ReassignPartitionsZNode$
instanceKlass kafka/controller/PartitionReassignmentHandler
instanceKlass kafka/controller/TopicDeletionHandler
instanceKlass kafka/controller/TopicChangeHandler
instanceKlass kafka/controller/BrokerChangeHandler
instanceKlass kafka/zookeeper/ZNodeChildChangeHandler
instanceKlass kafka/controller/ControllerChangeHandler
instanceKlass kafka/controller/ControllerDeletionClient
instanceKlass kafka/controller/TopicDeletionManager
instanceKlass kafka/controller/AbstractControllerBrokerRequestBatch$
instanceKlass scala/runtime/AbstractFunction0
instanceKlass kafka/controller/AbstractControllerBrokerRequestBatch
instanceKlass kafka/controller/ControllerEventManager$
instanceKlass kafka/controller/ControllerEventManager
instanceKlass  @bci kafka/controller/KafkaController <init> (Lkafka/server/KafkaConfig;Lkafka/zk/KafkaZkClient;Lorg/apache/kafka/common/utils/Time;Lorg/apache/kafka/common/metrics/Metrics;Lkafka/zk/BrokerInfo;JLkafka/server/DelegationTokenManager;Lkafka/server/BrokerFeatures;Lkafka/server/metadata/ZkFinalizedFeatureCache;Lscala/Option;)V 146 <appendix> member <vmtarget> ; # kafka/controller/KafkaController$$Lambda+0x00000219013a9200
instanceKlass kafka/controller/ControllerChannelManager
instanceKlass  @bci kafka/controller/ControllerStats $anonfun$rateAndTimeMetrics$1 (Lkafka/controller/ControllerStats;Lkafka/controller/ControllerState;)Lscala/Option; 6 <appendix> member <vmtarget> ; # kafka/controller/ControllerStats$$Lambda+0x00000219013a8670
instanceKlass  @bci kafka/controller/ControllerStats <init> ()V 45 <appendix> member <vmtarget> ; # kafka/controller/ControllerStats$$Lambda+0x00000219013a82b0
instanceKlass kafka/controller/ControllerState
instanceKlass kafka/controller/ControllerState$
instanceKlass kafka/controller/ControllerStats
instanceKlass kafka/controller/ControllerContext
instanceKlass kafka/controller/ControllerChannelContext
instanceKlass kafka/controller/PartitionState
instanceKlass kafka/controller/ElectionTrigger
instanceKlass kafka/controller/ReplicaState
instanceKlass kafka/controller/ControllerEvent
instanceKlass kafka/controller/DeletionClient
instanceKlass kafka/controller/PartitionStateMachine
instanceKlass kafka/controller/ReplicaStateMachine
instanceKlass kafka/controller/KafkaController
instanceKlass kafka/controller/ControllerEventProcessor
instanceKlass kafka/common/NotificationHandler
instanceKlass  @bci kafka/zk/KafkaZkClient $anonfun$registerBroker$1 (Lkafka/zk/BrokerInfo;Ljava/lang/String;Lorg/apache/zookeeper/data/Stat;)Ljava/lang/String; 49 <appendix> argL0 ; # kafka/zk/KafkaZkClient$$Lambda+0x00000219013a0000
instanceKlass  @bci kafka/zk/KafkaZkClient registerBroker (Lkafka/zk/BrokerInfo;)J 19 <appendix> member <vmtarget> ; # kafka/zk/KafkaZkClient$$Lambda+0x000002190139dc30
instanceKlass org/apache/jute/ToStringOutputArchive
instanceKlass  @bci kafka/zk/KafkaZkClient checkedEphemeralCreate (Ljava/lang/String;[B)Lorg/apache/zookeeper/data/Stat; 32 <appendix> member <vmtarget> ; # kafka/zk/KafkaZkClient$$Lambda+0x000002190139d680
instanceKlass  @bci kafka/zookeeper/ZooKeeperClient $anonfun$send$8 (Lscala/collection/Seq;Ljava/util/List;)Lscala/collection/Seq; 19 <appendix> argL0 ; # kafka/zookeeper/ZooKeeperClient$$Lambda+0x000002190139d2c8
instanceKlass kafka/zookeeper/ZkOpResult
instanceKlass  @bci kafka/zookeeper/ZooKeeperClient toZkOpResult$1 (Ljava/util/List;Lscala/collection/Seq;)Lscala/collection/Seq; 8 <appendix> member <vmtarget> ; # kafka/zookeeper/ZooKeeperClient$$Lambda+0x000002190139faa8
instanceKlass org/apache/zookeeper/proto/Create2Response
instanceKlass org/apache/zookeeper/proto/SetDataRequest
instanceKlass org/apache/zookeeper/proto/MultiHeader
instanceKlass org/apache/zookeeper/MultiResponse
instanceKlass org/apache/zookeeper/ZooKeeper$1
instanceKlass org/apache/zookeeper/MultiOperationRecord
instanceKlass org/apache/zookeeper/OpResult
instanceKlass  @bci kafka/zookeeper/ZooKeeperClient send (Lkafka/zookeeper/AsyncRequest;Lscala/Function1;)V 630 <adapter> ; # java/lang/invoke/LambdaForm$MH+0x000002190139cc00
# instanceKlass java/lang/invoke/LambdaForm$DMH+0x000002190139c800
instanceKlass  @bci kafka/zookeeper/ZooKeeperClient send (Lkafka/zookeeper/AsyncRequest;Lscala/Function1;)V 630 <appendix> form vmentry <vmtarget> ; # java/lang/invoke/LambdaForm$DMH+0x000002190139c400
instanceKlass  @bci kafka/zookeeper/ZooKeeperClient send (Lkafka/zookeeper/AsyncRequest;Lscala/Function1;)V 630 <appendix> member <vmtarget> ; # kafka/zookeeper/ZooKeeperClient$$Lambda+0x000002190139bc38
instanceKlass  @cpi kafka/zookeeper/ZooKeeperClient 606 form vmentry <vmtarget> ; # java/lang/invoke/LambdaForm$DMH+0x000002190139c000
instanceKlass org/apache/zookeeper/AsyncCallback$MultiCallback
instanceKlass  @bci kafka/zookeeper/ZooKeeperClient send (Lkafka/zookeeper/AsyncRequest;Lscala/Function1;)V 606 <appendix> argL0 ; # kafka/zookeeper/ZooKeeperClient$$Lambda+0x000002190139a2b0
instanceKlass org/apache/zookeeper/Op
instanceKlass kafka/zookeeper/SetAclRequest
instanceKlass kafka/zookeeper/GetAclRequest
instanceKlass kafka/zookeeper/DeleteRequest
instanceKlass kafka/zookeeper/SetDataRequest
instanceKlass kafka/zookeeper/SetDataOp
instanceKlass kafka/zookeeper/CreateOp
instanceKlass kafka/zookeeper/MultiRequest
instanceKlass  @bci kafka/zk/KafkaZkClient checkedEphemeralCreate (Ljava/lang/String;[B)Lorg/apache/zookeeper/data/Stat; 14 <appendix> member <vmtarget> ; # kafka/zk/KafkaZkClient$$Lambda+0x0000021901398350
instanceKlass kafka/zk/KafkaZkClient$CheckedEphemeral
instanceKlass com/fasterxml/jackson/core/io/NumberOutput
instanceKlass com/fasterxml/jackson/databind/ser/std/NumberSerializers$1
instanceKlass com/fasterxml/jackson/databind/ser/impl/PropertySerializerMap$TypeAndSerializer
instanceKlass java/util/stream/LongStream
instanceKlass java/util/stream/DoubleStream
instanceKlass java/util/function/UnaryOperator
instanceKlass com/fasterxml/jackson/databind/ser/impl/PropertySerializerMap$SerializerAndMapResult
instanceKlass com/fasterxml/jackson/databind/ser/std/StdKeySerializers
instanceKlass com/fasterxml/jackson/annotation/JsonInclude
instanceKlass com/fasterxml/jackson/databind/util/IgnorePropertiesUtil
instanceKlass com/fasterxml/jackson/databind/ser/impl/PropertySerializerMap
instanceKlass com/fasterxml/jackson/annotation/JsonIncludeProperties$Value
instanceKlass com/fasterxml/jackson/annotation/JsonIncludeProperties
instanceKlass com/fasterxml/jackson/annotation/JsonIgnoreProperties$Value
instanceKlass com/fasterxml/jackson/annotation/JsonIgnoreProperties
instanceKlass com/fasterxml/jackson/annotation/JsonFilter
instanceKlass com/fasterxml/jackson/databind/PropertyMetadata
instanceKlass com/fasterxml/jackson/annotation/JsonPropertyDescription
instanceKlass com/fasterxml/jackson/annotation/JsonPropertyOrder
instanceKlass com/fasterxml/jackson/databind/annotation/JsonNaming
instanceKlass com/fasterxml/jackson/annotation/JacksonInject
instanceKlass com/fasterxml/jackson/databind/introspect/POJOPropertyBuilder$6
instanceKlass com/fasterxml/jackson/databind/introspect/POJOPropertyBuilder$5
instanceKlass com/fasterxml/jackson/annotation/JsonSetter
instanceKlass com/fasterxml/jackson/databind/introspect/AnnotatedMethodMap
instanceKlass com/fasterxml/jackson/databind/introspect/AnnotatedMethodCollector$MethodBuilder
instanceKlass com/fasterxml/jackson/databind/introspect/MemberKey
instanceKlass com/fasterxml/jackson/databind/introspect/POJOPropertyBuilder$Linked
instanceKlass com/fasterxml/jackson/databind/AnnotationIntrospector$ReferenceProperty
instanceKlass com/fasterxml/jackson/databind/introspect/POJOPropertyBuilder$WithMember
instanceKlass com/fasterxml/jackson/annotation/JsonIgnore
instanceKlass com/fasterxml/jackson/annotation/JsonAutoDetect$1
instanceKlass com/fasterxml/jackson/annotation/JsonProperty
instanceKlass com/fasterxml/jackson/annotation/JsonGetter
instanceKlass com/fasterxml/jackson/annotation/JsonAnySetter
instanceKlass com/fasterxml/jackson/annotation/JsonAnyGetter
instanceKlass com/fasterxml/jackson/annotation/JsonValue
instanceKlass com/fasterxml/jackson/annotation/JsonKey
instanceKlass com/fasterxml/jackson/databind/introspect/AnnotatedFieldCollector$FieldBuilder
instanceKlass com/fasterxml/jackson/databind/introspect/TypeResolutionContext$Basic
instanceKlass com/fasterxml/jackson/databind/introspect/AnnotationMap
instanceKlass com/fasterxml/jackson/databind/introspect/CollectorBase
instanceKlass com/fasterxml/jackson/annotation/JsonIdentityInfo
instanceKlass com/fasterxml/jackson/annotation/JsonAutoDetect
instanceKlass com/fasterxml/jackson/databind/introspect/POJOPropertiesCollector
instanceKlass com/fasterxml/jackson/databind/type/TypeBindings$AsKey
instanceKlass com/fasterxml/jackson/databind/type/TypeBindings$TypeParamStash
instanceKlass scala/collection/convert/JavaCollectionWrappers
instanceKlass com/fasterxml/jackson/databind/type/ClassStack
instanceKlass com/fasterxml/jackson/databind/util/internal/PrivateMaxEntriesMap$EntryIterator
instanceKlass  @bci com/fasterxml/jackson/databind/ser/impl/ReadOnlyClassToSerializerMap <init> (Lcom/fasterxml/jackson/databind/util/LookupCache;)V 38 <appendix> member <vmtarget> ; # com/fasterxml/jackson/databind/ser/impl/ReadOnlyClassToSerializerMap$$Lambda+0x000002190138efa8
instanceKlass com/fasterxml/jackson/databind/util/TypeKey
instanceKlass com/fasterxml/jackson/databind/ser/impl/ReadOnlyClassToSerializerMap$Bucket
instanceKlass com/fasterxml/jackson/databind/ser/impl/ReadOnlyClassToSerializerMap
instanceKlass  @bci org/apache/kafka/common/feature/Features toMap ()Ljava/util/Map; 19 <appendix> argL0 ; # org/apache/kafka/common/feature/Features$$Lambda+0x000002190138b8f8
instanceKlass  @bci org/apache/kafka/common/feature/Features toMap ()Ljava/util/Map; 14 <appendix> argL0 ; # org/apache/kafka/common/feature/Features$$Lambda+0x000002190138b6c8
instanceKlass  @bci kafka/zk/BrokerIdZNode$ encode (ILjava/lang/String;ILscala/collection/Seq;ILscala/Option;Lorg/apache/kafka/common/feature/Features;)[B 228 <appendix> argL0 ; # kafka/zk/BrokerIdZNode$$$Lambda+0x000002190138b310
instanceKlass  @bci kafka/server/KafkaApis processResponseCallback$1 (Lscala/collection/Seq;SLkafka/network/RequestChannel$Request;Lscala/collection/mutable/ArrayBuffer;Ljava/lang/String;Lorg/apache/kafka/common/requests/FetchRequest;Lkafka/server/FetchContext;)V 542 <appendix> form vmentry <vmtarget> ; # java/lang/invoke/LambdaForm$DMH+0x000002190138c400
instanceKlass  @bci kafka/zk/BrokerIdZNode$ encode (ILjava/lang/String;ILscala/collection/Seq;ILscala/Option;Lorg/apache/kafka/common/feature/Features;)[B 195 <appendix> member <vmtarget> ; # kafka/zk/BrokerIdZNode$$$Lambda+0x000002190138af50
instanceKlass  @cpi kafka/controller/AbstractControllerBrokerRequestBatch 1222 form vmentry <vmtarget> ; # java/lang/invoke/LambdaForm$DMH+0x000002190138c000
instanceKlass  @bci kafka/zk/BrokerIdZNode$ encode (ILjava/lang/String;ILscala/collection/Seq;ILscala/Option;Lorg/apache/kafka/common/feature/Features;)[B 97 <appendix> argL0 ; # kafka/zk/BrokerIdZNode$$$Lambda+0x000002190138ab98
instanceKlass  @bci kafka/zk/BrokerIdZNode$ encode (Lkafka/zk/BrokerInfo;)[B 19 <appendix> argL0 ; # kafka/zk/BrokerIdZNode$$$Lambda+0x000002190138a8f0
instanceKlass  @bci kafka/zk/BrokerIdZNode$ encode (Lkafka/zk/BrokerInfo;)[B 9 <appendix> argL0 ; # kafka/zk/BrokerIdZNode$$$Lambda+0x000002190138a538
instanceKlass kafka/zk/BrokerIdZNode$
instanceKlass kafka/zk/BrokerInfo
instanceKlass  @bci kafka/cluster/Broker <init> (ILscala/collection/Seq;Lscala/Option;Lorg/apache/kafka/common/feature/Features;)V 31 <appendix> argL0 ; # kafka/cluster/Broker$$Lambda+0x0000021901389ca0
instanceKlass org/apache/kafka/server/authorizer/AuthorizerServerInfo
instanceKlass kafka/zk/BrokerInfo$
instanceKlass  @bci kafka/server/KafkaServer createBrokerInfo ()Lkafka/zk/BrokerInfo; 74 <appendix> argL0 ; # kafka/server/KafkaServer$$Lambda+0x00000219013892b0
instanceKlass  @bci kafka/server/KafkaServer createBrokerInfo ()Lkafka/zk/BrokerInfo; 61 <appendix> member <vmtarget> ; # kafka/server/KafkaServer$$Lambda+0x0000021901388ef0
instanceKlass  @bci kafka/server/KafkaServer createBrokerInfo ()Lkafka/zk/BrokerInfo; 43 <appendix> member <vmtarget> ; # kafka/server/KafkaServer$$Lambda+0x0000021901388b30
instanceKlass  @bci kafka/server/KafkaServer createBrokerInfo ()Lkafka/zk/BrokerInfo; 29 <appendix> member <vmtarget> ; # kafka/server/KafkaServer$$Lambda+0x0000021901388770
instanceKlass kafka/cluster/Broker
instanceKlass  @bci kafka/zk/KafkaZkClient getAllBrokersInCluster ()Lscala/collection/Seq; 23 <appendix> argL0 ; # kafka/zk/KafkaZkClient$$Lambda+0x00000219013883b8
instanceKlass  @bci kafka/zk/KafkaZkClient getAllBrokersInCluster ()Lscala/collection/Seq; 4 <appendix> argL0 ; # kafka/zk/KafkaZkClient$$Lambda+0x0000021901388000
instanceKlass scala/math/Ordering$Reverse
instanceKlass scala/math/Ordering$Int$
instanceKlass scala/math/Ordering$IntOrdering
instanceKlass  @bci kafka/zk/KafkaZkClient getSortedBrokerList ()Lscala/collection/Seq; 10 <appendix> argL0 ; # kafka/zk/KafkaZkClient$$Lambda+0x0000021901386e90
instanceKlass  @bci kafka/server/AddPartitionsToTxnManager generateRequests ()Ljava/util/Collection; 62 <appendix> member <vmtarget> ; # kafka/server/AddPartitionsToTxnManager$$Lambda+0x0000021901386ad0
instanceKlass  @bci kafka/server/KafkaServer createBrokerInfo ()Lkafka/zk/BrokerInfo; 7 <appendix> argL0 ; # kafka/server/KafkaServer$$Lambda+0x0000021901386718
instanceKlass  @bci kafka/server/AddPartitionsToTxnManager generateRequests ()Ljava/util/Collection; 49 <appendix> member <vmtarget> ; # kafka/server/AddPartitionsToTxnManager$$Lambda+0x0000021901386350
instanceKlass  @bci kafka/server/ReplicaManager startup ()V 103 <appendix> argL0 ; # kafka/server/ReplicaManager$$Lambda+0x0000021901385f98
instanceKlass  @bci kafka/server/AbstractFetcherManager shutdownIdleFetcherThreads ()V 28 <appendix> member <vmtarget> ; # kafka/server/AbstractFetcherManager$$Lambda+0x0000021901385bd8
instanceKlass  @bci kafka/server/ReplicaManager maybeShrinkIsr ()V 17 <appendix> member <vmtarget> ; # kafka/server/ReplicaManager$$Lambda+0x00000219013854b8
instanceKlass  @bci kafka/server/AbstractFetcherManager shutdownIdleFetcherThreads ()V 19 <appendix> argL0 ; # kafka/server/AbstractFetcherManager$$Lambda+0x0000021901385100
instanceKlass  @bci kafka/server/ReplicaManager maybeShrinkIsr ()V 1 <appendix> argL0 ; # kafka/server/ReplicaManager$$Lambda+0x0000021901384e58
instanceKlass  @bci kafka/server/ReplicaManager startup ()V 45 <appendix> member <vmtarget> ; # kafka/server/ReplicaManager$$Lambda+0x0000021901384c40
instanceKlass  @bci kafka/server/ReplicaManager startup ()V 8 <appendix> member <vmtarget> ; # kafka/server/ReplicaManager$$Lambda+0x0000021901384a28
instanceKlass kafka/server/DelayedActionQueue
instanceKlass  @bci kafka/server/ReplicaManager createReplicaSelector ()Lscala/Option; 8 <appendix> member <vmtarget> ; # kafka/server/ReplicaManager$$Lambda+0x00000219013842f8
instanceKlass org/apache/kafka/common/replica/ReplicaSelector
instanceKlass  @bci kafka/server/ReplicaManager <init> (Lkafka/server/KafkaConfig;Lorg/apache/kafka/common/metrics/Metrics;Lorg/apache/kafka/common/utils/Time;Lorg/apache/kafka/server/util/Scheduler;Lkafka/log/LogManager;Lscala/Option;Lkafka/server/QuotaFactory$QuotaManagers;Lkafka/server/MetadataCache;Lorg/apache/kafka/storage/internals/log/LogDirFailureChannel;Lkafka/server/AlterPartitionManager;Lkafka/server/BrokerTopicStats;Ljava/util/concurrent/atomic/AtomicBoolean;Lscala/Option;Lscala/Option;Lscala/Option;Lscala/Option;Lscala/Option;Lscala/Option;Lscala/Option;Lscala/Function0;Lscala/Option;Lorg/apache/kafka/server/common/DirectoryEventHandler;)V 299 <appendix> member <vmtarget> ; # kafka/server/ReplicaManager$$Lambda+0x0000021901383d48
instanceKlass  @bci kafka/server/KafkaConfig getNumReplicaAlterLogDirsThreads ()I 17 <appendix> member <vmtarget> ; # kafka/server/KafkaConfig$$Lambda+0x0000021901383a98
instanceKlass kafka/server/FailedPartitions
instanceKlass  @bci kafka/server/ReplicaManager createReplicaFetcherManager (Lorg/apache/kafka/common/metrics/Metrics;Lorg/apache/kafka/common/utils/Time;Lscala/Option;Lkafka/server/ReplicationQuotaManager;)Lkafka/server/ReplicaFetcherManager; 15 <appendix> member <vmtarget> ; # kafka/server/ReplicaManager$$Lambda+0x0000021901382c70
instanceKlass kafka/server/LeaderEndPoint
instanceKlass kafka/server/BlockingSend
instanceKlass kafka/server/AbstractFetcherManager
instanceKlass  @bci kafka/server/ReplicaManager <init> (Lkafka/server/KafkaConfig;Lorg/apache/kafka/common/metrics/Metrics;Lorg/apache/kafka/common/utils/Time;Lorg/apache/kafka/server/util/Scheduler;Lkafka/log/LogManager;Lscala/Option;Lkafka/server/QuotaFactory$QuotaManagers;Lkafka/server/MetadataCache;Lorg/apache/kafka/storage/internals/log/LogDirFailureChannel;Lkafka/server/AlterPartitionManager;Lkafka/server/BrokerTopicStats;Ljava/util/concurrent/atomic/AtomicBoolean;Lscala/Option;Lscala/Option;Lscala/Option;Lscala/Option;Lscala/Option;Lscala/Option;Lscala/Option;Lscala/Function0;Lscala/Option;Lorg/apache/kafka/server/common/DirectoryEventHandler;)V 223 <appendix> member <vmtarget> ; # kafka/server/ReplicaManager$$Lambda+0x00000219013809a8
instanceKlass kafka/server/HostedPartition$Online
instanceKlass kafka/server/HostedPartition
instanceKlass kafka/controller/KafkaController$
instanceKlass  @bci kafka/server/ReplicaManager <init> (Lkafka/server/KafkaConfig;Lorg/apache/kafka/common/metrics/Metrics;Lorg/apache/kafka/common/utils/Time;Lorg/apache/kafka/server/util/Scheduler;Lkafka/log/LogManager;Lscala/Option;Lkafka/server/QuotaFactory$QuotaManagers;Lkafka/server/MetadataCache;Lorg/apache/kafka/storage/internals/log/LogDirFailureChannel;Lkafka/server/AlterPartitionManager;Lkafka/server/BrokerTopicStats;Ljava/util/concurrent/atomic/AtomicBoolean;Lscala/Option;Lscala/Option;Lscala/Option;Lscala/Option;Lscala/Option;Lscala/Option;Lscala/Option;Lscala/Function0;Lscala/Option;Lorg/apache/kafka/server/common/DirectoryEventHandler;)V 181 <appendix> member <vmtarget> ; # kafka/server/ReplicaManager$$Lambda+0x0000021901380000
instanceKlass  @bci kafka/server/ReplicaManager <init> (Lkafka/server/KafkaConfig;Lorg/apache/kafka/common/metrics/Metrics;Lorg/apache/kafka/common/utils/Time;Lorg/apache/kafka/server/util/Scheduler;Lkafka/log/LogManager;Lscala/Option;Lkafka/server/QuotaFactory$QuotaManagers;Lkafka/server/MetadataCache;Lorg/apache/kafka/storage/internals/log/LogDirFailureChannel;Lkafka/server/AlterPartitionManager;Lkafka/server/BrokerTopicStats;Ljava/util/concurrent/atomic/AtomicBoolean;Lscala/Option;Lscala/Option;Lscala/Option;Lscala/Option;Lscala/Option;Lscala/Option;Lscala/Option;Lscala/Function0;Lscala/Option;Lorg/apache/kafka/server/common/DirectoryEventHandler;)V 163 <appendix> member <vmtarget> ; # kafka/server/ReplicaManager$$Lambda+0x000002190137fcc8
instanceKlass  @bci kafka/server/ReplicaManager <init> (Lkafka/server/KafkaConfig;Lorg/apache/kafka/common/metrics/Metrics;Lorg/apache/kafka/common/utils/Time;Lorg/apache/kafka/server/util/Scheduler;Lkafka/log/LogManager;Lscala/Option;Lkafka/server/QuotaFactory$QuotaManagers;Lkafka/server/MetadataCache;Lorg/apache/kafka/storage/internals/log/LogDirFailureChannel;Lkafka/server/AlterPartitionManager;Lkafka/server/BrokerTopicStats;Ljava/util/concurrent/atomic/AtomicBoolean;Lscala/Option;Lscala/Option;Lscala/Option;Lscala/Option;Lscala/Option;Lscala/Option;Lscala/Option;Lscala/Function0;Lscala/Option;Lorg/apache/kafka/server/common/DirectoryEventHandler;)V 145 <appendix> member <vmtarget> ; # kafka/server/ReplicaManager$$Lambda+0x000002190137fa18
instanceKlass  @bci kafka/server/ReplicaManager <init> (Lkafka/server/KafkaConfig;Lorg/apache/kafka/common/metrics/Metrics;Lorg/apache/kafka/common/utils/Time;Lorg/apache/kafka/server/util/Scheduler;Lkafka/log/LogManager;Lscala/Option;Lkafka/server/QuotaFactory$QuotaManagers;Lkafka/server/MetadataCache;Lorg/apache/kafka/storage/internals/log/LogDirFailureChannel;Lkafka/server/AlterPartitionManager;Lkafka/server/BrokerTopicStats;Ljava/util/concurrent/atomic/AtomicBoolean;Lscala/Option;Lscala/Option;Lscala/Option;Lscala/Option;Lscala/Option;Lscala/Option;Lscala/Option;Lscala/Function0;Lscala/Option;Lorg/apache/kafka/server/common/DirectoryEventHandler;)V 127 <appendix> member <vmtarget> ; # kafka/server/ReplicaManager$$Lambda+0x000002190137f768
instanceKlass  @bci kafka/server/DelayedOperationPurgatory$WatcherList <init> (Lkafka/server/DelayedOperationPurgatory;)V 25 <appendix> member <vmtarget> ; # kafka/server/DelayedOperationPurgatory$WatcherList$$Lambda+0x000002190137f048
instanceKlass kafka/server/DelayedOperationPurgatory$Watchers
instanceKlass  @bci kafka/server/DelayedOperationPurgatory <init> (Ljava/lang/String;Lorg/apache/kafka/server/util/timer/Timer;IIZZ)V 67 <appendix> member <vmtarget> ; # kafka/server/DelayedOperationPurgatory$$Lambda+0x000002190137e970
instanceKlass kafka/server/DelayedOperationPurgatory$WatcherList
instanceKlass org/apache/kafka/server/util/timer/TimerTaskEntry
instanceKlass org/apache/kafka/server/util/timer/TimerTaskList
instanceKlass org/apache/kafka/server/util/timer/TimingWheel
instanceKlass  @bci org/apache/kafka/server/util/timer/SystemTimer <init> (Ljava/lang/String;JIJ)V 40 <appendix> member <vmtarget> ; # org/apache/kafka/server/util/timer/SystemTimer$$Lambda+0x000002190137d378
instanceKlass org/apache/kafka/server/util/timer/SystemTimer
instanceKlass org/apache/kafka/server/util/timer/Timer
instanceKlass kafka/server/DelayedOperationPurgatory$
instanceKlass  @bci kafka/server/ReplicaManager <init> (Lkafka/server/KafkaConfig;Lorg/apache/kafka/common/metrics/Metrics;Lorg/apache/kafka/common/utils/Time;Lorg/apache/kafka/server/util/Scheduler;Lkafka/log/LogManager;Lscala/Option;Lkafka/server/QuotaFactory$QuotaManagers;Lkafka/server/MetadataCache;Lorg/apache/kafka/storage/internals/log/LogDirFailureChannel;Lkafka/server/AlterPartitionManager;Lkafka/server/BrokerTopicStats;Ljava/util/concurrent/atomic/AtomicBoolean;Lscala/Option;Lscala/Option;Lscala/Option;Lscala/Option;Lscala/Option;Lscala/Option;Lscala/Option;Lscala/Function0;Lscala/Option;Lorg/apache/kafka/server/common/DirectoryEventHandler;)V 109 <appendix> member <vmtarget> ; # kafka/server/ReplicaManager$$Lambda+0x000002190137ca80
instanceKlass kafka/server/DelayedOperationPurgatory
instanceKlass kafka/server/checkpoints/OffsetCheckpoints
instanceKlass org/apache/kafka/common/replica/PartitionView
instanceKlass org/apache/kafka/common/replica/ReplicaView
instanceKlass kafka/server/ActionQueue
instanceKlass org/apache/kafka/server/util/timer/TimerTask
instanceKlass kafka/server/ReplicaManager
instanceKlass org/apache/kafka/server/common/DirectoryEventHandler$1
instanceKlass org/apache/kafka/server/common/DirectoryEventHandler
instanceKlass kafka/server/ReplicaManager$
instanceKlass  @bci kafka/server/KafkaServer createReplicaManager (Ljava/util/concurrent/atomic/AtomicBoolean;)Lkafka/server/ReplicaManager; 182 <appendix> member <vmtarget> ; # kafka/server/KafkaServer$$Lambda+0x00000219013749f8
instanceKlass kafka/server/AddPartitionsToTxnManager$
instanceKlass  @bci kafka/server/KafkaServer createReplicaManager (Ljava/util/concurrent/atomic/AtomicBoolean;)Lkafka/server/ReplicaManager; 77 <appendix> member <vmtarget> ; # kafka/server/KafkaServer$$Lambda+0x0000021901375bc8
instanceKlass kafka/server/NetworkUtils
instanceKlass  @bci kafka/server/KafkaServer startup ()V 1214 <appendix> member <vmtarget> ; # kafka/server/KafkaServer$$Lambda+0x0000021901375000
instanceKlass org/apache/kafka/server/ControllerRequestCompletionHandler
instanceKlass org/apache/kafka/clients/RequestCompletionHandler
instanceKlass kafka/server/DefaultAlterPartitionManager
instanceKlass  @bci kafka/server/KafkaServer startup ()V 1151 <appendix> member <vmtarget> ; # kafka/server/KafkaServer$$Lambda+0x0000021901377298
instanceKlass  @cpi kafka/cluster/Partition 2277 form vmentry <vmtarget> ; # java/lang/invoke/LambdaForm$DMH+0x0000021901374400
instanceKlass kafka/server/AlterPartitionManager$
instanceKlass  @bci kafka/network/SocketServer createDataPlaneAcceptorAndProcessors (Lkafka/cluster/EndPoint;)V 138 <appendix> member <vmtarget> ; # kafka/network/SocketServer$$Lambda+0x0000021901376df0
instanceKlass org/apache/kafka/common/network/Selector$IdleExpiryManager
instanceKlass  @bci kafka/network/Processor <init> (ILorg/apache/kafka/common/utils/Time;ILkafka/network/RequestChannel;Lkafka/network/ConnectionQuotas;JILorg/apache/kafka/common/network/ListenerName;Lorg/apache/kafka/common/security/auth/SecurityProtocol;Lkafka/server/KafkaConfig;Lorg/apache/kafka/common/metrics/Metrics;Lkafka/security/CredentialProvider;Lorg/apache/kafka/common/memory/MemoryPool;Lorg/apache/kafka/common/utils/LogContext;IZLkafka/server/ApiVersionManager;Ljava/lang/String;)V 427 <appendix> member <vmtarget> ; # kafka/network/Processor$$Lambda+0x00000219013769c0
instanceKlass org/apache/kafka/common/requests/AbstractResponse
instanceKlass org/apache/kafka/common/requests/AbstractRequestResponse
instanceKlass scala/collection/convert/AsJavaExtensions$MutableMapHasAsJava
instanceKlass scala/collection/mutable/LinkedHashMap$LinkedEntry
instanceKlass scala/collection/mutable/LinkedHashMap$
instanceKlass kafka/network/Processor
instanceKlass  @bci kafka/network/Acceptor addProcessors (I)V 46 <appendix> member <vmtarget> ; # kafka/network/Acceptor$$Lambda+0x0000021901371fd0
instanceKlass  @cpi kafka/network/Acceptor 843 form vmentry <vmtarget> ; # java/lang/invoke/LambdaForm$DMH+0x0000021901374000
instanceKlass scala/math/LowPriorityOrderingImplicits$$anon$2
instanceKlass kafka/network/Acceptor
instanceKlass  @bci kafka/network/ConnectionQuotas $anonfun$updateConnectionRateQuota$1 (Lkafka/network/ConnectionQuotas;ILkafka/network/ConnectionQuotaEntity;Lorg/apache/kafka/common/metrics/KafkaMetric;)V 12 <appendix> member <vmtarget> ; # kafka/network/ConnectionQuotas$$Lambda+0x000002190136e688
instanceKlass  @bci kafka/network/ConnectionQuotas kafka$network$ConnectionQuotas$$updateConnectionRateQuota (ILkafka/network/ConnectionQuotaEntity;)V 21 <appendix> member <vmtarget> ; # kafka/network/ConnectionQuotas$$Lambda+0x000002190136e2c8
instanceKlass  @bci kafka/network/ConnectionQuotas$ListenerConnectionQuota maxConnectionCreationRate (Ljava/util/Map;)I 26 <appendix> argL0 ; # kafka/network/ConnectionQuotas$ListenerConnectionQuota$$Lambda+0x000002190136e000
instanceKlass  @bci kafka/network/ConnectionQuotas$ListenerConnectionQuota maxConnectionCreationRate (Ljava/util/Map;)I 18 <appendix> argL0 ; # kafka/network/ConnectionQuotas$ListenerConnectionQuota$$Lambda+0x000002190136bb80
instanceKlass  @bci kafka/network/ConnectionQuotas$ListenerConnectionQuota maxConnections (Ljava/util/Map;)I 26 <appendix> argL0 ; # kafka/network/ConnectionQuotas$ListenerConnectionQuota$$Lambda+0x000002190136b8b8
instanceKlass  @cpi kafka/server/TopicConfigHandler 432 form vmentry <vmtarget> ; # java/lang/invoke/LambdaForm$DMH+0x000002190136cc00
instanceKlass  @bci kafka/network/ConnectionQuotas$ListenerConnectionQuota maxConnections (Ljava/util/Map;)I 18 <appendix> argL0 ; # kafka/network/ConnectionQuotas$ListenerConnectionQuota$$Lambda+0x000002190136b500
instanceKlass  @bci kafka/server/DynamicBrokerConfig $anonfun$verifyReconfigurableConfigs$1 (Lscala/collection/Set;)V 25 <appendix> member <vmtarget> ; # kafka/server/DynamicBrokerConfig$$Lambda+0x000002190136b250
instanceKlass scala/collection/convert/JavaCollectionWrappers$SetWrapper$$anon$1
instanceKlass  @bci kafka/server/DynamicBrokerConfig $anonfun$verifyReconfigurableConfigs$1 (Lscala/collection/Set;)V 1 <appendix> argL0 ; # kafka/server/DynamicBrokerConfig$$Lambda+0x000002190136ac68
instanceKlass scala/collection/convert/AsJavaExtensions$SetHasAsJava
instanceKlass kafka/network/Processor$
instanceKlass kafka/network/ConnectionQuotas$ListenerQuotaEntity
instanceKlass kafka/network/ConnectionQuotas$ListenerConnectionQuota
instanceKlass org/apache/kafka/common/network/ListenerReconfigurable
instanceKlass  @bci kafka/network/SocketServer <init> (Lkafka/server/KafkaConfig;Lorg/apache/kafka/common/metrics/Metrics;Lorg/apache/kafka/common/utils/Time;Lkafka/security/CredentialProvider;Lkafka/server/ApiVersionManager;)V 668 <appendix> member <vmtarget> ; # kafka/network/SocketServer$$Lambda+0x0000021901369ce0
instanceKlass  @bci kafka/server/KafkaConfig dataPlaneListeners ()Lscala/collection/Seq; 5 <appendix> member <vmtarget> ; # kafka/server/KafkaConfig$$Lambda+0x0000021901369920
instanceKlass  @bci kafka/network/SocketServer <init> (Lkafka/server/KafkaConfig;Lorg/apache/kafka/common/metrics/Metrics;Lorg/apache/kafka/common/utils/Time;Lkafka/security/CredentialProvider;Lkafka/server/ApiVersionManager;)V 655 <appendix> member <vmtarget> ; # kafka/network/SocketServer$$Lambda+0x0000021901369560
instanceKlass  @bci kafka/server/KafkaConfig controlPlaneListener ()Lscala/Option; 5 <appendix> member <vmtarget> ; # kafka/server/KafkaConfig$$Lambda+0x00000219013691a0
instanceKlass kafka/network/ControlPlaneAcceptor$
instanceKlass java/util/concurrent/ForkJoinTask
instanceKlass java/util/concurrent/CompletableFuture$AsynchronousCompletionTask
instanceKlass java/util/concurrent/CompletableFuture$AltResult
instanceKlass java/util/concurrent/CompletableFuture
instanceKlass java/util/concurrent/CompletionStage
instanceKlass org/apache/kafka/common/metrics/Quota
instanceKlass  @bci kafka/network/ConnectionQuotas kafka$network$ConnectionQuotas$$getOrCreateConnectionRateQuotaSensor (ILkafka/network/ConnectionQuotaEntity;)Lorg/apache/kafka/common/metrics/Sensor; 22 <adapter> ; # java/lang/invoke/LambdaForm$MH+0x000002190136c800
# instanceKlass java/lang/invoke/LambdaForm$DMH+0x000002190136c400
instanceKlass  @bci kafka/network/ConnectionQuotas kafka$network$ConnectionQuotas$$getOrCreateConnectionRateQuotaSensor (ILkafka/network/ConnectionQuotaEntity;)Lorg/apache/kafka/common/metrics/Sensor; 22 <appendix> form vmentry <vmtarget> ; # java/lang/invoke/LambdaForm$DMH+0x000002190136c000
instanceKlass  @bci kafka/network/ConnectionQuotas kafka$network$ConnectionQuotas$$getOrCreateConnectionRateQuotaSensor (ILkafka/network/ConnectionQuotaEntity;)Lorg/apache/kafka/common/metrics/Sensor; 22 <appendix> member <vmtarget> ; # kafka/network/ConnectionQuotas$$Lambda+0x0000021901368b00
instanceKlass kafka/network/ConnectionQuotas$
instanceKlass kafka/network/ConnectionQuotas$BrokerQuotaEntity$
instanceKlass  @bci kafka/network/ConnectionQuotas <init> (Lkafka/server/KafkaConfig;Lorg/apache/kafka/common/utils/Time;Lorg/apache/kafka/common/metrics/Metrics;)V 42 <appendix> argL0 ; # kafka/network/ConnectionQuotas$$Lambda+0x0000021901368268
instanceKlass kafka/network/ConnectionQuotaEntity
instanceKlass kafka/network/ConnectionQuotas
instanceKlass  @bci kafka/network/SocketServer <init> (Lkafka/server/KafkaConfig;Lorg/apache/kafka/common/metrics/Metrics;Lorg/apache/kafka/common/utils/Time;Lkafka/security/CredentialProvider;Lkafka/server/ApiVersionManager;)V 337 <appendix> member <vmtarget> ; # kafka/network/SocketServer$$Lambda+0x0000021901367458
instanceKlass kafka/network/RequestChannel$
instanceKlass kafka/network/RequestMetrics$ErrorMeter
instanceKlass  @bci kafka/network/RequestMetrics <init> (Ljava/lang/String;)V 503 <appendix> member <vmtarget> ; # kafka/network/RequestMetrics$$Lambda+0x0000021901366be0
instanceKlass  @bci org/apache/kafka/common/protocol/Errors <clinit> ()V 2999 <appendix> argL0 ; # org/apache/kafka/common/protocol/Errors$$Lambda+0x00000219013669b0
instanceKlass  @bci org/apache/kafka/common/protocol/Errors <clinit> ()V 2974 <appendix> argL0 ; # org/apache/kafka/common/protocol/Errors$$Lambda+0x0000021901366530
instanceKlass  @bci org/apache/kafka/common/protocol/Errors <clinit> ()V 2949 <appendix> argL0 ; # org/apache/kafka/common/protocol/Errors$$Lambda+0x00000219013660b0
instanceKlass  @bci org/apache/kafka/common/protocol/Errors <clinit> ()V 2924 <appendix> argL0 ; # org/apache/kafka/common/protocol/Errors$$Lambda+0x0000021901365c30
instanceKlass  @bci org/apache/kafka/common/protocol/Errors <clinit> ()V 2899 <appendix> argL0 ; # org/apache/kafka/common/protocol/Errors$$Lambda+0x00000219013657b0
instanceKlass  @bci org/apache/kafka/common/protocol/Errors <clinit> ()V 2874 <appendix> argL0 ; # org/apache/kafka/common/protocol/Errors$$Lambda+0x0000021901365330
instanceKlass  @bci org/apache/kafka/common/protocol/Errors <clinit> ()V 2849 <appendix> argL0 ; # org/apache/kafka/common/protocol/Errors$$Lambda+0x0000021901364eb0
instanceKlass  @bci org/apache/kafka/common/protocol/Errors <clinit> ()V 2824 <appendix> argL0 ; # org/apache/kafka/common/protocol/Errors$$Lambda+0x0000021901364a30
instanceKlass  @bci org/apache/kafka/common/protocol/Errors <clinit> ()V 2799 <appendix> argL0 ; # org/apache/kafka/common/protocol/Errors$$Lambda+0x00000219013645b0
instanceKlass  @bci org/apache/kafka/common/protocol/Errors <clinit> ()V 2774 <appendix> argL0 ; # org/apache/kafka/common/protocol/Errors$$Lambda+0x0000021901364130
instanceKlass  @bci org/apache/kafka/common/protocol/Errors <clinit> ()V 2749 <appendix> argL0 ; # org/apache/kafka/common/protocol/Errors$$Lambda+0x0000021901363cb0
instanceKlass  @bci org/apache/kafka/common/protocol/Errors <clinit> ()V 2724 <appendix> argL0 ; # org/apache/kafka/common/protocol/Errors$$Lambda+0x0000021901363830
instanceKlass  @bci org/apache/kafka/common/protocol/Errors <clinit> ()V 2699 <appendix> argL0 ; # org/apache/kafka/common/protocol/Errors$$Lambda+0x00000219013633b0
instanceKlass  @bci org/apache/kafka/common/protocol/Errors <clinit> ()V 2674 <appendix> argL0 ; # org/apache/kafka/common/protocol/Errors$$Lambda+0x0000021901362f30
instanceKlass  @bci org/apache/kafka/common/protocol/Errors <clinit> ()V 2649 <appendix> argL0 ; # org/apache/kafka/common/protocol/Errors$$Lambda+0x0000021901362ab0
instanceKlass  @bci org/apache/kafka/common/protocol/Errors <clinit> ()V 2624 <appendix> argL0 ; # org/apache/kafka/common/protocol/Errors$$Lambda+0x0000021901362630
instanceKlass  @bci org/apache/kafka/common/protocol/Errors <clinit> ()V 2599 <appendix> argL0 ; # org/apache/kafka/common/protocol/Errors$$Lambda+0x00000219013621b0
instanceKlass  @bci org/apache/kafka/common/protocol/Errors <clinit> ()V 2574 <appendix> argL0 ; # org/apache/kafka/common/protocol/Errors$$Lambda+0x0000021901361f80
instanceKlass  @bci org/apache/kafka/common/protocol/Errors <clinit> ()V 2549 <appendix> argL0 ; # org/apache/kafka/common/protocol/Errors$$Lambda+0x0000021901361b00
instanceKlass  @bci org/apache/kafka/common/protocol/Errors <clinit> ()V 2524 <appendix> argL0 ; # org/apache/kafka/common/protocol/Errors$$Lambda+0x0000021901361680
instanceKlass  @bci org/apache/kafka/common/protocol/Errors <clinit> ()V 2499 <appendix> argL0 ; # org/apache/kafka/common/protocol/Errors$$Lambda+0x0000021901361200
instanceKlass  @bci org/apache/kafka/common/protocol/Errors <clinit> ()V 2474 <appendix> argL0 ; # org/apache/kafka/common/protocol/Errors$$Lambda+0x0000021901360d80
instanceKlass  @bci org/apache/kafka/common/protocol/Errors <clinit> ()V 2449 <appendix> argL0 ; # org/apache/kafka/common/protocol/Errors$$Lambda+0x0000021901360900
instanceKlass  @bci org/apache/kafka/common/protocol/Errors <clinit> ()V 2424 <appendix> argL0 ; # org/apache/kafka/common/protocol/Errors$$Lambda+0x0000021901360480
instanceKlass  @bci org/apache/kafka/common/protocol/Errors <clinit> ()V 2399 <appendix> argL0 ; # org/apache/kafka/common/protocol/Errors$$Lambda+0x0000021901360000
instanceKlass  @bci org/apache/kafka/common/protocol/Errors <clinit> ()V 2374 <appendix> argL0 ; # org/apache/kafka/common/protocol/Errors$$Lambda+0x000002190135f998
instanceKlass  @bci org/apache/kafka/common/protocol/Errors <clinit> ()V 2349 <appendix> argL0 ; # org/apache/kafka/common/protocol/Errors$$Lambda+0x000002190135f518
instanceKlass  @bci org/apache/kafka/common/protocol/Errors <clinit> ()V 2324 <appendix> argL0 ; # org/apache/kafka/common/protocol/Errors$$Lambda+0x000002190135f098
instanceKlass  @bci org/apache/kafka/common/protocol/Errors <clinit> ()V 2299 <appendix> argL0 ; # org/apache/kafka/common/protocol/Errors$$Lambda+0x000002190135ec10
instanceKlass  @bci org/apache/kafka/common/protocol/Errors <clinit> ()V 2274 <appendix> argL0 ; # org/apache/kafka/common/protocol/Errors$$Lambda+0x000002190135e788
instanceKlass  @bci org/apache/kafka/common/protocol/Errors <clinit> ()V 2249 <appendix> argL0 ; # org/apache/kafka/common/protocol/Errors$$Lambda+0x000002190135e308
instanceKlass  @bci org/apache/kafka/common/protocol/Errors <clinit> ()V 2224 <appendix> argL0 ; # org/apache/kafka/common/protocol/Errors$$Lambda+0x000002190135de80
instanceKlass  @bci org/apache/kafka/common/protocol/Errors <clinit> ()V 2199 <appendix> argL0 ; # org/apache/kafka/common/protocol/Errors$$Lambda+0x000002190135da00
instanceKlass  @bci org/apache/kafka/common/protocol/Errors <clinit> ()V 2174 <appendix> argL0 ; # org/apache/kafka/common/protocol/Errors$$Lambda+0x000002190135d7d0
instanceKlass  @bci org/apache/kafka/common/protocol/Errors <clinit> ()V 2149 <appendix> argL0 ; # org/apache/kafka/common/protocol/Errors$$Lambda+0x000002190135d350
instanceKlass  @bci org/apache/kafka/common/protocol/Errors <clinit> ()V 2124 <appendix> argL0 ; # org/apache/kafka/common/protocol/Errors$$Lambda+0x000002190135ced0
instanceKlass  @bci org/apache/kafka/common/protocol/Errors <clinit> ()V 2099 <appendix> argL0 ; # org/apache/kafka/common/protocol/Errors$$Lambda+0x000002190135ca50
instanceKlass  @bci org/apache/kafka/common/protocol/Errors <clinit> ()V 2074 <appendix> argL0 ; # org/apache/kafka/common/protocol/Errors$$Lambda+0x000002190135c5d0
instanceKlass  @bci org/apache/kafka/common/protocol/Errors <clinit> ()V 2049 <appendix> argL0 ; # org/apache/kafka/common/protocol/Errors$$Lambda+0x000002190135c150
instanceKlass  @bci org/apache/kafka/common/protocol/Errors <clinit> ()V 2024 <appendix> argL0 ; # org/apache/kafka/common/protocol/Errors$$Lambda+0x000002190135bcd0
instanceKlass  @bci org/apache/kafka/common/protocol/Errors <clinit> ()V 1999 <appendix> argL0 ; # org/apache/kafka/common/protocol/Errors$$Lambda+0x000002190135b850
instanceKlass  @bci org/apache/kafka/common/protocol/Errors <clinit> ()V 1974 <appendix> argL0 ; # org/apache/kafka/common/protocol/Errors$$Lambda+0x000002190135b3d0
instanceKlass  @bci org/apache/kafka/common/protocol/Errors <clinit> ()V 1949 <appendix> argL0 ; # org/apache/kafka/common/protocol/Errors$$Lambda+0x000002190135af50
instanceKlass  @bci org/apache/kafka/common/protocol/Errors <clinit> ()V 1924 <appendix> argL0 ; # org/apache/kafka/common/protocol/Errors$$Lambda+0x000002190135aad0
instanceKlass  @bci org/apache/kafka/common/protocol/Errors <clinit> ()V 1899 <appendix> argL0 ; # org/apache/kafka/common/protocol/Errors$$Lambda+0x000002190135a650
instanceKlass  @bci org/apache/kafka/common/protocol/Errors <clinit> ()V 1874 <appendix> argL0 ; # org/apache/kafka/common/protocol/Errors$$Lambda+0x000002190135a1d0
instanceKlass  @bci org/apache/kafka/common/protocol/Errors <clinit> ()V 1849 <appendix> argL0 ; # org/apache/kafka/common/protocol/Errors$$Lambda+0x0000021901359d50
instanceKlass  @bci org/apache/kafka/common/protocol/Errors <clinit> ()V 1824 <appendix> argL0 ; # org/apache/kafka/common/protocol/Errors$$Lambda+0x00000219013598d0
instanceKlass  @bci org/apache/kafka/common/protocol/Errors <clinit> ()V 1799 <appendix> argL0 ; # org/apache/kafka/common/protocol/Errors$$Lambda+0x0000021901359450
instanceKlass  @bci org/apache/kafka/common/protocol/Errors <clinit> ()V 1774 <appendix> argL0 ; # org/apache/kafka/common/protocol/Errors$$Lambda+0x0000021901358fd0
instanceKlass  @bci org/apache/kafka/common/protocol/Errors <clinit> ()V 1749 <appendix> argL0 ; # org/apache/kafka/common/protocol/Errors$$Lambda+0x0000021901358b50
instanceKlass  @bci org/apache/kafka/common/protocol/Errors <clinit> ()V 1724 <appendix> argL0 ; # org/apache/kafka/common/protocol/Errors$$Lambda+0x00000219013586d0
instanceKlass  @bci org/apache/kafka/common/protocol/Errors <clinit> ()V 1699 <appendix> argL0 ; # org/apache/kafka/common/protocol/Errors$$Lambda+0x0000021901358250
instanceKlass  @bci org/apache/kafka/common/protocol/Errors <clinit> ()V 1674 <appendix> argL0 ; # org/apache/kafka/common/protocol/Errors$$Lambda+0x0000021901357d60
instanceKlass  @bci org/apache/kafka/common/protocol/Errors <clinit> ()V 1649 <appendix> argL0 ; # org/apache/kafka/common/protocol/Errors$$Lambda+0x00000219013578e0
instanceKlass  @bci org/apache/kafka/common/protocol/Errors <clinit> ()V 1624 <appendix> argL0 ; # org/apache/kafka/common/protocol/Errors$$Lambda+0x0000021901357460
instanceKlass  @bci org/apache/kafka/common/protocol/Errors <clinit> ()V 1599 <appendix> argL0 ; # org/apache/kafka/common/protocol/Errors$$Lambda+0x0000021901356fe0
instanceKlass  @bci org/apache/kafka/common/protocol/Errors <clinit> ()V 1574 <appendix> argL0 ; # org/apache/kafka/common/protocol/Errors$$Lambda+0x0000021901356b60
instanceKlass  @bci org/apache/kafka/common/protocol/Errors <clinit> ()V 1549 <appendix> argL0 ; # org/apache/kafka/common/protocol/Errors$$Lambda+0x00000219013566e0
instanceKlass  @bci org/apache/kafka/common/protocol/Errors <clinit> ()V 1524 <appendix> argL0 ; # org/apache/kafka/common/protocol/Errors$$Lambda+0x0000021901356260
instanceKlass  @bci org/apache/kafka/common/protocol/Errors <clinit> ()V 1499 <appendix> argL0 ; # org/apache/kafka/common/protocol/Errors$$Lambda+0x0000021901355de0
instanceKlass  @bci org/apache/kafka/common/protocol/Errors <clinit> ()V 1474 <appendix> argL0 ; # org/apache/kafka/common/protocol/Errors$$Lambda+0x0000021901355960
instanceKlass  @bci org/apache/kafka/common/protocol/Errors <clinit> ()V 1449 <appendix> argL0 ; # org/apache/kafka/common/protocol/Errors$$Lambda+0x00000219013554e0
instanceKlass  @bci org/apache/kafka/common/protocol/Errors <clinit> ()V 1424 <appendix> argL0 ; # org/apache/kafka/common/protocol/Errors$$Lambda+0x00000219013552b0
instanceKlass  @bci org/apache/kafka/common/protocol/Errors <clinit> ()V 1399 <appendix> argL0 ; # org/apache/kafka/common/protocol/Errors$$Lambda+0x0000021901355080
instanceKlass  @bci org/apache/kafka/common/protocol/Errors <clinit> ()V 1374 <appendix> argL0 ; # org/apache/kafka/common/protocol/Errors$$Lambda+0x0000021901354c00
instanceKlass  @bci org/apache/kafka/common/protocol/Errors <clinit> ()V 1349 <appendix> argL0 ; # org/apache/kafka/common/protocol/Errors$$Lambda+0x0000021901354780
instanceKlass  @bci org/apache/kafka/common/protocol/Errors <clinit> ()V 1324 <appendix> argL0 ; # org/apache/kafka/common/protocol/Errors$$Lambda+0x0000021901354300
instanceKlass  @bci org/apache/kafka/common/protocol/Errors <clinit> ()V 1299 <appendix> argL0 ; # org/apache/kafka/common/protocol/Errors$$Lambda+0x0000021901353e80
instanceKlass  @bci org/apache/kafka/common/protocol/Errors <clinit> ()V 1274 <appendix> argL0 ; # org/apache/kafka/common/protocol/Errors$$Lambda+0x0000021901353a00
instanceKlass  @bci org/apache/kafka/common/protocol/Errors <clinit> ()V 1249 <appendix> argL0 ; # org/apache/kafka/common/protocol/Errors$$Lambda+0x0000021901353580
instanceKlass  @bci org/apache/kafka/common/protocol/Errors <clinit> ()V 1224 <appendix> argL0 ; # org/apache/kafka/common/protocol/Errors$$Lambda+0x0000021901353100
instanceKlass  @bci org/apache/kafka/common/protocol/Errors <clinit> ()V 1199 <appendix> argL0 ; # org/apache/kafka/common/protocol/Errors$$Lambda+0x0000021901352ed0
instanceKlass  @bci org/apache/kafka/common/protocol/Errors <clinit> ()V 1174 <appendix> argL0 ; # org/apache/kafka/common/protocol/Errors$$Lambda+0x0000021901352a50
instanceKlass  @bci org/apache/kafka/common/protocol/Errors <clinit> ()V 1149 <appendix> argL0 ; # org/apache/kafka/common/protocol/Errors$$Lambda+0x00000219013525d0
instanceKlass  @bci org/apache/kafka/common/protocol/Errors <clinit> ()V 1124 <appendix> argL0 ; # org/apache/kafka/common/protocol/Errors$$Lambda+0x0000021901352150
instanceKlass  @bci org/apache/kafka/common/protocol/Errors <clinit> ()V 1099 <appendix> argL0 ; # org/apache/kafka/common/protocol/Errors$$Lambda+0x0000021901351cd0
instanceKlass  @bci org/apache/kafka/common/protocol/Errors <clinit> ()V 1074 <appendix> argL0 ; # org/apache/kafka/common/protocol/Errors$$Lambda+0x0000021901351aa0
instanceKlass  @bci org/apache/kafka/common/protocol/Errors <clinit> ()V 1049 <appendix> argL0 ; # org/apache/kafka/common/protocol/Errors$$Lambda+0x0000021901351870
instanceKlass  @bci org/apache/kafka/common/protocol/Errors <clinit> ()V 1024 <appendix> argL0 ; # org/apache/kafka/common/protocol/Errors$$Lambda+0x00000219013513f0
instanceKlass  @bci org/apache/kafka/common/protocol/Errors <clinit> ()V 999 <appendix> argL0 ; # org/apache/kafka/common/protocol/Errors$$Lambda+0x00000219013511c0
instanceKlass  @bci org/apache/kafka/common/protocol/Errors <clinit> ()V 974 <appendix> argL0 ; # org/apache/kafka/common/protocol/Errors$$Lambda+0x0000021901350f90
instanceKlass  @bci org/apache/kafka/common/protocol/Errors <clinit> ()V 949 <appendix> argL0 ; # org/apache/kafka/common/protocol/Errors$$Lambda+0x0000021901350b10
instanceKlass  @bci org/apache/kafka/common/protocol/Errors <clinit> ()V 924 <appendix> argL0 ; # org/apache/kafka/common/protocol/Errors$$Lambda+0x00000219013508e0
instanceKlass  @bci org/apache/kafka/common/protocol/Errors <clinit> ()V 899 <appendix> argL0 ; # org/apache/kafka/common/protocol/Errors$$Lambda+0x00000219013506b0
instanceKlass  @bci org/apache/kafka/common/protocol/Errors <clinit> ()V 874 <appendix> argL0 ; # org/apache/kafka/common/protocol/Errors$$Lambda+0x0000021901350480
instanceKlass  @bci org/apache/kafka/common/protocol/Errors <clinit> ()V 849 <appendix> argL0 ; # org/apache/kafka/common/protocol/Errors$$Lambda+0x0000021901350000
instanceKlass  @bci org/apache/kafka/common/protocol/Errors <clinit> ()V 824 <appendix> argL0 ; # org/apache/kafka/common/protocol/Errors$$Lambda+0x000002190134f720
instanceKlass  @bci org/apache/kafka/common/protocol/Errors <clinit> ()V 799 <appendix> argL0 ; # org/apache/kafka/common/protocol/Errors$$Lambda+0x000002190134f2a0
instanceKlass  @bci org/apache/kafka/common/protocol/Errors <clinit> ()V 774 <appendix> argL0 ; # org/apache/kafka/common/protocol/Errors$$Lambda+0x000002190134ee20
instanceKlass  @bci org/apache/kafka/common/protocol/Errors <clinit> ()V 749 <appendix> argL0 ; # org/apache/kafka/common/protocol/Errors$$Lambda+0x000002190134e998
instanceKlass  @bci org/apache/kafka/common/protocol/Errors <clinit> ()V 724 <appendix> argL0 ; # org/apache/kafka/common/protocol/Errors$$Lambda+0x000002190134e2c0
instanceKlass  @bci org/apache/kafka/common/protocol/Errors <clinit> ()V 699 <appendix> argL0 ; # org/apache/kafka/common/protocol/Errors$$Lambda+0x000002190134de40
instanceKlass  @bci org/apache/kafka/common/protocol/Errors <clinit> ()V 674 <appendix> argL0 ; # org/apache/kafka/common/protocol/Errors$$Lambda+0x000002190134d9c0
instanceKlass  @bci org/apache/kafka/common/protocol/Errors <clinit> ()V 649 <appendix> argL0 ; # org/apache/kafka/common/protocol/Errors$$Lambda+0x000002190134d540
instanceKlass  @bci org/apache/kafka/common/protocol/Errors <clinit> ()V 624 <appendix> argL0 ; # org/apache/kafka/common/protocol/Errors$$Lambda+0x000002190134d0c0
instanceKlass  @bci org/apache/kafka/common/protocol/Errors <clinit> ()V 599 <appendix> argL0 ; # org/apache/kafka/common/protocol/Errors$$Lambda+0x000002190134cc40
instanceKlass  @bci org/apache/kafka/common/protocol/Errors <clinit> ()V 574 <appendix> argL0 ; # org/apache/kafka/common/protocol/Errors$$Lambda+0x000002190134c7c0
instanceKlass  @bci org/apache/kafka/common/protocol/Errors <clinit> ()V 549 <appendix> argL0 ; # org/apache/kafka/common/protocol/Errors$$Lambda+0x000002190134c340
instanceKlass  @bci org/apache/kafka/common/protocol/Errors <clinit> ()V 524 <appendix> argL0 ; # org/apache/kafka/common/protocol/Errors$$Lambda+0x000002190134bec0
instanceKlass  @bci org/apache/kafka/common/protocol/Errors <clinit> ()V 499 <appendix> argL0 ; # org/apache/kafka/common/protocol/Errors$$Lambda+0x000002190134ba40
instanceKlass  @bci org/apache/kafka/common/protocol/Errors <clinit> ()V 474 <appendix> argL0 ; # org/apache/kafka/common/protocol/Errors$$Lambda+0x000002190134b5c0
instanceKlass  @bci org/apache/kafka/common/protocol/Errors <clinit> ()V 449 <appendix> argL0 ; # org/apache/kafka/common/protocol/Errors$$Lambda+0x000002190134b390
instanceKlass  @bci org/apache/kafka/common/protocol/Errors <clinit> ()V 424 <appendix> argL0 ; # org/apache/kafka/common/protocol/Errors$$Lambda+0x000002190134b160
instanceKlass  @bci org/apache/kafka/common/protocol/Errors <clinit> ()V 399 <appendix> argL0 ; # org/apache/kafka/common/protocol/Errors$$Lambda+0x000002190134ace0
instanceKlass  @bci org/apache/kafka/common/protocol/Errors <clinit> ()V 374 <appendix> argL0 ; # org/apache/kafka/common/protocol/Errors$$Lambda+0x000002190134a860
instanceKlass  @bci org/apache/kafka/common/protocol/Errors <clinit> ()V 349 <appendix> argL0 ; # org/apache/kafka/common/protocol/Errors$$Lambda+0x000002190134a3e0
instanceKlass  @bci org/apache/kafka/common/protocol/Errors <clinit> ()V 324 <appendix> argL0 ; # org/apache/kafka/common/protocol/Errors$$Lambda+0x0000021901349f60
instanceKlass  @bci org/apache/kafka/common/protocol/Errors <clinit> ()V 299 <appendix> argL0 ; # org/apache/kafka/common/protocol/Errors$$Lambda+0x0000021901349ae0
instanceKlass  @bci org/apache/kafka/common/protocol/Errors <clinit> ()V 274 <appendix> argL0 ; # org/apache/kafka/common/protocol/Errors$$Lambda+0x00000219013498b0
instanceKlass  @bci org/apache/kafka/common/protocol/Errors <clinit> ()V 249 <appendix> argL0 ; # org/apache/kafka/common/protocol/Errors$$Lambda+0x0000021901349680
instanceKlass  @bci org/apache/kafka/common/protocol/Errors <clinit> ()V 224 <appendix> argL0 ; # org/apache/kafka/common/protocol/Errors$$Lambda+0x0000021901349200
instanceKlass  @bci org/apache/kafka/common/protocol/Errors <clinit> ()V 199 <appendix> argL0 ; # org/apache/kafka/common/protocol/Errors$$Lambda+0x0000021901348fd0
instanceKlass  @bci org/apache/kafka/common/protocol/Errors <clinit> ()V 174 <appendix> argL0 ; # org/apache/kafka/common/protocol/Errors$$Lambda+0x0000021901348da0
instanceKlass  @bci org/apache/kafka/common/protocol/Errors <clinit> ()V 149 <appendix> argL0 ; # org/apache/kafka/common/protocol/Errors$$Lambda+0x00000219013486d0
instanceKlass  @bci org/apache/kafka/common/protocol/Errors <clinit> ()V 125 <appendix> argL0 ; # org/apache/kafka/common/protocol/Errors$$Lambda+0x0000021901348250
instanceKlass  @bci org/apache/kafka/common/protocol/Errors <clinit> ()V 102 <appendix> argL0 ; # org/apache/kafka/common/protocol/Errors$$Lambda+0x0000021901344400
instanceKlass  @bci org/apache/kafka/common/protocol/Errors <clinit> ()V 79 <appendix> argL0 ; # org/apache/kafka/common/protocol/Errors$$Lambda+0x0000021901344c60
instanceKlass  @bci org/apache/kafka/common/protocol/Errors <clinit> ()V 56 <appendix> argL0 ; # org/apache/kafka/common/protocol/Errors$$Lambda+0x0000021901344a30
instanceKlass  @bci org/apache/kafka/common/protocol/Errors <clinit> ()V 33 <appendix> argL0 ; # org/apache/kafka/common/protocol/Errors$$Lambda+0x0000021901344800
instanceKlass  @bci org/apache/kafka/common/protocol/Errors <clinit> ()V 12 <appendix> argL0 ; # org/apache/kafka/common/protocol/Errors$$Lambda+0x0000021901345cd0
instanceKlass kafka/network/RequestMetrics
instanceKlass  @bci kafka/network/RequestChannel$Metrics <init> (Lscala/collection/Iterable;)V 85 <appendix> member <vmtarget> ; # kafka/network/RequestChannel$Metrics$$Lambda+0x00000219013451f8
instanceKlass kafka/network/RequestMetrics$
instanceKlass java/util/JumboEnumSet$EnumSetIterator
instanceKlass  @bci kafka/network/RequestChannel$Metrics <init> (Lscala/collection/Iterable;)V 21 <appendix> argL0 ; # kafka/network/RequestChannel$Metrics$$Lambda+0x0000021901347c28
instanceKlass kafka/network/RequestChannel$Metrics
instanceKlass kafka/network/DataPlaneAcceptor$
instanceKlass kafka/network/RequestChannel$Response
instanceKlass kafka/network/RequestChannel
instanceKlass kafka/network/SocketServer
instanceKlass  @bci org/apache/kafka/common/protocol/ApiKeys <clinit> ()V 2008 <appendix> argL0 ; # org/apache/kafka/common/protocol/ApiKeys$$Lambda+0x0000021901342eb0
instanceKlass  @bci org/apache/kafka/common/protocol/ApiKeys filterApisForListener (Lorg/apache/kafka/common/message/ApiMessageType$ListenerType;)Ljava/util/EnumSet; 7 <appendix> member <vmtarget> ; # org/apache/kafka/common/protocol/ApiKeys$$Lambda+0x0000021901342c68
instanceKlass  @cpi org/apache/kafka/common/protocol/ApiKeys 489 form vmentry <vmtarget> ; # java/lang/invoke/LambdaForm$DMH+0x0000021901344000
instanceKlass org/apache/kafka/common/message/ListClientMetricsResourcesResponseData$ClientMetricsResource
instanceKlass org/apache/kafka/common/message/ListClientMetricsResourcesResponseData
instanceKlass org/apache/kafka/common/message/ListClientMetricsResourcesRequestData
instanceKlass org/apache/kafka/common/message/AssignReplicasToDirsResponseData$PartitionData
instanceKlass org/apache/kafka/common/message/AssignReplicasToDirsResponseData$TopicData
instanceKlass org/apache/kafka/common/message/AssignReplicasToDirsResponseData$DirectoryData
instanceKlass org/apache/kafka/common/message/AssignReplicasToDirsResponseData
instanceKlass org/apache/kafka/common/message/AssignReplicasToDirsRequestData$PartitionData
instanceKlass org/apache/kafka/common/message/AssignReplicasToDirsRequestData$TopicData
instanceKlass org/apache/kafka/common/message/AssignReplicasToDirsRequestData$DirectoryData
instanceKlass org/apache/kafka/common/message/AssignReplicasToDirsRequestData
instanceKlass org/apache/kafka/common/message/PushTelemetryResponseData
instanceKlass org/apache/kafka/common/message/PushTelemetryRequestData
instanceKlass org/apache/kafka/common/message/GetTelemetrySubscriptionsResponseData
instanceKlass org/apache/kafka/common/message/GetTelemetrySubscriptionsRequestData
instanceKlass org/apache/kafka/common/message/ControllerRegistrationResponseData
instanceKlass org/apache/kafka/common/message/ControllerRegistrationRequestData$Feature
instanceKlass org/apache/kafka/common/message/ControllerRegistrationRequestData$Listener
instanceKlass org/apache/kafka/common/message/ControllerRegistrationRequestData
instanceKlass org/apache/kafka/common/message/ConsumerGroupDescribeResponseData$TopicPartitions
instanceKlass org/apache/kafka/common/message/ConsumerGroupDescribeResponseData$Assignment
instanceKlass org/apache/kafka/common/message/ConsumerGroupDescribeResponseData$Member
instanceKlass org/apache/kafka/common/message/ConsumerGroupDescribeResponseData$DescribedGroup
instanceKlass org/apache/kafka/common/message/ConsumerGroupDescribeResponseData
instanceKlass org/apache/kafka/common/message/ConsumerGroupDescribeRequestData
instanceKlass org/apache/kafka/common/message/ConsumerGroupHeartbeatResponseData$TopicPartitions
instanceKlass org/apache/kafka/common/message/ConsumerGroupHeartbeatResponseData$Assignment
instanceKlass org/apache/kafka/common/message/ConsumerGroupHeartbeatResponseData
instanceKlass org/apache/kafka/common/message/ConsumerGroupHeartbeatRequestData$TopicPartitions
instanceKlass org/apache/kafka/common/message/ConsumerGroupHeartbeatRequestData
instanceKlass org/apache/kafka/common/message/AllocateProducerIdsResponseData
instanceKlass org/apache/kafka/common/message/AllocateProducerIdsRequestData
instanceKlass org/apache/kafka/common/message/ListTransactionsResponseData$TransactionState
instanceKlass org/apache/kafka/common/message/ListTransactionsResponseData
instanceKlass org/apache/kafka/common/message/ListTransactionsRequestData
instanceKlass org/apache/kafka/common/message/DescribeTransactionsResponseData$TopicData
instanceKlass org/apache/kafka/common/message/DescribeTransactionsResponseData$TransactionState
instanceKlass org/apache/kafka/common/message/DescribeTransactionsResponseData
instanceKlass org/apache/kafka/common/message/DescribeTransactionsRequestData
instanceKlass org/apache/kafka/common/message/UnregisterBrokerResponseData
instanceKlass org/apache/kafka/common/message/UnregisterBrokerRequestData
instanceKlass org/apache/kafka/common/message/BrokerHeartbeatResponseData
instanceKlass org/apache/kafka/common/message/BrokerHeartbeatRequestData
instanceKlass org/apache/kafka/common/message/BrokerRegistrationResponseData
instanceKlass org/apache/kafka/common/message/BrokerRegistrationRequestData$Feature
instanceKlass org/apache/kafka/common/message/BrokerRegistrationRequestData$Listener
instanceKlass org/apache/kafka/common/message/BrokerRegistrationRequestData
instanceKlass org/apache/kafka/common/message/DescribeProducersResponseData$ProducerState
instanceKlass org/apache/kafka/common/message/DescribeProducersResponseData$PartitionResponse
instanceKlass org/apache/kafka/common/message/DescribeProducersResponseData$TopicResponse
instanceKlass org/apache/kafka/common/message/DescribeProducersResponseData
instanceKlass org/apache/kafka/common/message/DescribeProducersRequestData$TopicRequest
instanceKlass org/apache/kafka/common/message/DescribeProducersRequestData
instanceKlass org/apache/kafka/common/message/DescribeClusterResponseData$DescribeClusterBroker
instanceKlass org/apache/kafka/common/message/DescribeClusterResponseData
instanceKlass org/apache/kafka/common/message/DescribeClusterRequestData
instanceKlass org/apache/kafka/common/message/FetchSnapshotResponseData$LeaderIdAndEpoch
instanceKlass org/apache/kafka/common/message/FetchSnapshotResponseData$SnapshotId
instanceKlass org/apache/kafka/common/message/FetchSnapshotResponseData$PartitionSnapshot
instanceKlass org/apache/kafka/common/message/FetchSnapshotResponseData$TopicSnapshot
instanceKlass org/apache/kafka/common/message/FetchSnapshotResponseData
instanceKlass org/apache/kafka/common/message/FetchSnapshotRequestData$SnapshotId
instanceKlass org/apache/kafka/common/message/FetchSnapshotRequestData$PartitionSnapshot
instanceKlass org/apache/kafka/common/message/FetchSnapshotRequestData$TopicSnapshot
instanceKlass org/apache/kafka/common/message/FetchSnapshotRequestData
instanceKlass org/apache/kafka/common/message/EnvelopeResponseData
instanceKlass org/apache/kafka/common/message/EnvelopeRequestData
instanceKlass org/apache/kafka/common/message/UpdateFeaturesResponseData$UpdatableFeatureResult
instanceKlass org/apache/kafka/common/message/UpdateFeaturesResponseData
instanceKlass org/apache/kafka/common/message/UpdateFeaturesRequestData$FeatureUpdateKey
instanceKlass org/apache/kafka/common/message/UpdateFeaturesRequestData
instanceKlass org/apache/kafka/common/message/AlterPartitionResponseData$PartitionData
instanceKlass org/apache/kafka/common/message/AlterPartitionResponseData$TopicData
instanceKlass org/apache/kafka/common/message/AlterPartitionResponseData
instanceKlass org/apache/kafka/common/message/AlterPartitionRequestData$BrokerState
instanceKlass org/apache/kafka/common/message/AlterPartitionRequestData$PartitionData
instanceKlass org/apache/kafka/common/message/AlterPartitionRequestData$TopicData
instanceKlass org/apache/kafka/common/message/AlterPartitionRequestData
instanceKlass org/apache/kafka/common/message/DescribeQuorumResponseData$ReplicaState
instanceKlass org/apache/kafka/common/message/DescribeQuorumResponseData$PartitionData
instanceKlass org/apache/kafka/common/message/DescribeQuorumResponseData$TopicData
instanceKlass org/apache/kafka/common/message/DescribeQuorumResponseData
instanceKlass org/apache/kafka/common/message/DescribeQuorumRequestData$PartitionData
instanceKlass org/apache/kafka/common/message/DescribeQuorumRequestData$TopicData
instanceKlass org/apache/kafka/common/message/DescribeQuorumRequestData
instanceKlass org/apache/kafka/common/message/EndQuorumEpochResponseData$PartitionData
instanceKlass org/apache/kafka/common/message/EndQuorumEpochResponseData$TopicData
instanceKlass org/apache/kafka/common/message/EndQuorumEpochResponseData
instanceKlass org/apache/kafka/common/message/EndQuorumEpochRequestData$PartitionData
instanceKlass org/apache/kafka/common/message/EndQuorumEpochRequestData$TopicData
instanceKlass org/apache/kafka/common/message/EndQuorumEpochRequestData
instanceKlass org/apache/kafka/common/message/BeginQuorumEpochResponseData$PartitionData
instanceKlass org/apache/kafka/common/message/BeginQuorumEpochResponseData$TopicData
instanceKlass org/apache/kafka/common/message/BeginQuorumEpochResponseData
instanceKlass org/apache/kafka/common/message/BeginQuorumEpochRequestData$PartitionData
instanceKlass org/apache/kafka/common/message/BeginQuorumEpochRequestData$TopicData
instanceKlass org/apache/kafka/common/message/BeginQuorumEpochRequestData
instanceKlass org/apache/kafka/common/message/VoteResponseData$PartitionData
instanceKlass org/apache/kafka/common/message/VoteResponseData$TopicData
instanceKlass org/apache/kafka/common/message/VoteResponseData
instanceKlass org/apache/kafka/common/message/VoteRequestData$PartitionData
instanceKlass org/apache/kafka/common/message/VoteRequestData$TopicData
instanceKlass org/apache/kafka/common/message/VoteRequestData
instanceKlass org/apache/kafka/common/message/AlterUserScramCredentialsResponseData$AlterUserScramCredentialsResult
instanceKlass org/apache/kafka/common/message/AlterUserScramCredentialsResponseData
instanceKlass org/apache/kafka/common/message/AlterUserScramCredentialsRequestData$ScramCredentialUpsertion
instanceKlass org/apache/kafka/common/message/AlterUserScramCredentialsRequestData$ScramCredentialDeletion
instanceKlass org/apache/kafka/common/message/AlterUserScramCredentialsRequestData
instanceKlass org/apache/kafka/common/message/DescribeUserScramCredentialsResponseData$CredentialInfo
instanceKlass org/apache/kafka/common/message/DescribeUserScramCredentialsResponseData$DescribeUserScramCredentialsResult
instanceKlass org/apache/kafka/common/message/DescribeUserScramCredentialsResponseData
instanceKlass org/apache/kafka/common/message/DescribeUserScramCredentialsRequestData$UserName
instanceKlass org/apache/kafka/common/message/DescribeUserScramCredentialsRequestData
instanceKlass org/apache/kafka/common/message/AlterClientQuotasResponseData$EntityData
instanceKlass org/apache/kafka/common/message/AlterClientQuotasResponseData$EntryData
instanceKlass org/apache/kafka/common/message/AlterClientQuotasResponseData
instanceKlass org/apache/kafka/common/message/AlterClientQuotasRequestData$OpData
instanceKlass org/apache/kafka/common/message/AlterClientQuotasRequestData$EntityData
instanceKlass org/apache/kafka/common/message/AlterClientQuotasRequestData$EntryData
instanceKlass org/apache/kafka/common/message/AlterClientQuotasRequestData
instanceKlass org/apache/kafka/common/message/DescribeClientQuotasResponseData$ValueData
instanceKlass org/apache/kafka/common/message/DescribeClientQuotasResponseData$EntityData
instanceKlass org/apache/kafka/common/message/DescribeClientQuotasResponseData$EntryData
instanceKlass org/apache/kafka/common/message/DescribeClientQuotasResponseData
instanceKlass org/apache/kafka/common/message/DescribeClientQuotasRequestData$ComponentData
instanceKlass org/apache/kafka/common/message/DescribeClientQuotasRequestData
instanceKlass org/apache/kafka/common/message/OffsetDeleteResponseData$OffsetDeleteResponsePartition
instanceKlass org/apache/kafka/common/message/OffsetDeleteResponseData$OffsetDeleteResponseTopic
instanceKlass org/apache/kafka/common/message/OffsetDeleteResponseData
instanceKlass org/apache/kafka/common/message/OffsetDeleteRequestData$OffsetDeleteRequestPartition
instanceKlass org/apache/kafka/common/message/OffsetDeleteRequestData$OffsetDeleteRequestTopic
instanceKlass org/apache/kafka/common/message/OffsetDeleteRequestData
instanceKlass org/apache/kafka/common/message/ListPartitionReassignmentsResponseData$OngoingPartitionReassignment
instanceKlass org/apache/kafka/common/message/ListPartitionReassignmentsResponseData$OngoingTopicReassignment
instanceKlass org/apache/kafka/common/message/ListPartitionReassignmentsResponseData
instanceKlass org/apache/kafka/common/message/ListPartitionReassignmentsRequestData$ListPartitionReassignmentsTopics
instanceKlass org/apache/kafka/common/message/ListPartitionReassignmentsRequestData
instanceKlass org/apache/kafka/common/message/AlterPartitionReassignmentsResponseData$ReassignablePartitionResponse
instanceKlass org/apache/kafka/common/message/AlterPartitionReassignmentsResponseData$ReassignableTopicResponse
instanceKlass org/apache/kafka/common/message/AlterPartitionReassignmentsResponseData
instanceKlass org/apache/kafka/common/message/AlterPartitionReassignmentsRequestData$ReassignablePartition
instanceKlass org/apache/kafka/common/message/AlterPartitionReassignmentsRequestData$ReassignableTopic
instanceKlass org/apache/kafka/common/message/AlterPartitionReassignmentsRequestData
instanceKlass org/apache/kafka/common/message/IncrementalAlterConfigsResponseData$AlterConfigsResourceResponse
instanceKlass org/apache/kafka/common/message/IncrementalAlterConfigsResponseData
instanceKlass org/apache/kafka/common/message/IncrementalAlterConfigsRequestData$AlterableConfig
instanceKlass org/apache/kafka/common/message/IncrementalAlterConfigsRequestData$AlterConfigsResource
instanceKlass org/apache/kafka/common/message/IncrementalAlterConfigsRequestData
instanceKlass org/apache/kafka/common/message/ElectLeadersResponseData$PartitionResult
instanceKlass org/apache/kafka/common/message/ElectLeadersResponseData$ReplicaElectionResult
instanceKlass org/apache/kafka/common/message/ElectLeadersResponseData
instanceKlass org/apache/kafka/common/message/ElectLeadersRequestData$TopicPartitions
instanceKlass org/apache/kafka/common/message/ElectLeadersRequestData
instanceKlass org/apache/kafka/common/message/DeleteGroupsResponseData$DeletableGroupResult
instanceKlass org/apache/kafka/common/message/DeleteGroupsResponseData
instanceKlass org/apache/kafka/common/message/DeleteGroupsRequestData
instanceKlass org/apache/kafka/common/message/DescribeDelegationTokenResponseData$DescribedDelegationTokenRenewer
instanceKlass org/apache/kafka/common/message/DescribeDelegationTokenResponseData$DescribedDelegationToken
instanceKlass org/apache/kafka/common/message/DescribeDelegationTokenResponseData
instanceKlass org/apache/kafka/common/message/DescribeDelegationTokenRequestData$DescribeDelegationTokenOwner
instanceKlass org/apache/kafka/common/message/DescribeDelegationTokenRequestData
instanceKlass org/apache/kafka/common/message/ExpireDelegationTokenResponseData
instanceKlass org/apache/kafka/common/message/ExpireDelegationTokenRequestData
instanceKlass org/apache/kafka/common/message/RenewDelegationTokenResponseData
instanceKlass org/apache/kafka/common/message/RenewDelegationTokenRequestData
instanceKlass org/apache/kafka/common/message/CreateDelegationTokenResponseData
instanceKlass org/apache/kafka/common/message/CreateDelegationTokenRequestData$CreatableRenewers
instanceKlass org/apache/kafka/common/message/CreateDelegationTokenRequestData
instanceKlass org/apache/kafka/common/message/CreatePartitionsResponseData$CreatePartitionsTopicResult
instanceKlass org/apache/kafka/common/message/CreatePartitionsResponseData
instanceKlass org/apache/kafka/common/message/CreatePartitionsRequestData$CreatePartitionsAssignment
instanceKlass org/apache/kafka/common/message/CreatePartitionsRequestData$CreatePartitionsTopic
instanceKlass org/apache/kafka/common/message/CreatePartitionsRequestData
instanceKlass org/apache/kafka/common/message/SaslAuthenticateResponseData
instanceKlass org/apache/kafka/common/message/SaslAuthenticateRequestData
instanceKlass org/apache/kafka/common/message/DescribeLogDirsResponseData$DescribeLogDirsPartition
instanceKlass org/apache/kafka/common/message/DescribeLogDirsResponseData$DescribeLogDirsTopic
instanceKlass org/apache/kafka/common/message/DescribeLogDirsResponseData$DescribeLogDirsResult
instanceKlass org/apache/kafka/common/message/DescribeLogDirsResponseData
instanceKlass org/apache/kafka/common/message/DescribeLogDirsRequestData$DescribableLogDirTopic
instanceKlass org/apache/kafka/common/message/DescribeLogDirsRequestData
instanceKlass org/apache/kafka/common/message/AlterReplicaLogDirsResponseData$AlterReplicaLogDirPartitionResult
instanceKlass org/apache/kafka/common/message/AlterReplicaLogDirsResponseData$AlterReplicaLogDirTopicResult
instanceKlass org/apache/kafka/common/message/AlterReplicaLogDirsResponseData
instanceKlass org/apache/kafka/common/message/AlterReplicaLogDirsRequestData$AlterReplicaLogDirTopic
instanceKlass org/apache/kafka/common/message/AlterReplicaLogDirsRequestData$AlterReplicaLogDir
instanceKlass org/apache/kafka/common/message/AlterReplicaLogDirsRequestData
instanceKlass org/apache/kafka/common/message/AlterConfigsResponseData$AlterConfigsResourceResponse
instanceKlass org/apache/kafka/common/message/AlterConfigsResponseData
instanceKlass org/apache/kafka/common/message/AlterConfigsRequestData$AlterableConfig
instanceKlass org/apache/kafka/common/message/AlterConfigsRequestData$AlterConfigsResource
instanceKlass org/apache/kafka/common/message/AlterConfigsRequestData
instanceKlass org/apache/kafka/common/message/DescribeConfigsResponseData$DescribeConfigsSynonym
instanceKlass org/apache/kafka/common/message/DescribeConfigsResponseData$DescribeConfigsResourceResult
instanceKlass org/apache/kafka/common/message/DescribeConfigsResponseData$DescribeConfigsResult
instanceKlass org/apache/kafka/common/message/DescribeConfigsResponseData
instanceKlass org/apache/kafka/common/message/DescribeConfigsRequestData$DescribeConfigsResource
instanceKlass org/apache/kafka/common/message/DescribeConfigsRequestData
instanceKlass org/apache/kafka/common/message/DeleteAclsResponseData$DeleteAclsMatchingAcl
instanceKlass org/apache/kafka/common/message/DeleteAclsResponseData$DeleteAclsFilterResult
instanceKlass org/apache/kafka/common/message/DeleteAclsResponseData
instanceKlass org/apache/kafka/common/message/DeleteAclsRequestData$DeleteAclsFilter
instanceKlass org/apache/kafka/common/message/DeleteAclsRequestData
instanceKlass org/apache/kafka/common/message/CreateAclsResponseData$AclCreationResult
instanceKlass org/apache/kafka/common/message/CreateAclsResponseData
instanceKlass org/apache/kafka/common/message/CreateAclsRequestData$AclCreation
instanceKlass org/apache/kafka/common/message/CreateAclsRequestData
instanceKlass org/apache/kafka/common/message/DescribeAclsResponseData$AclDescription
instanceKlass org/apache/kafka/common/message/DescribeAclsResponseData$DescribeAclsResource
instanceKlass org/apache/kafka/common/message/DescribeAclsResponseData
instanceKlass org/apache/kafka/common/message/DescribeAclsRequestData
instanceKlass org/apache/kafka/common/message/TxnOffsetCommitResponseData$TxnOffsetCommitResponsePartition
instanceKlass org/apache/kafka/common/message/TxnOffsetCommitResponseData$TxnOffsetCommitResponseTopic
instanceKlass org/apache/kafka/common/message/TxnOffsetCommitResponseData
instanceKlass org/apache/kafka/common/message/TxnOffsetCommitRequestData$TxnOffsetCommitRequestPartition
instanceKlass org/apache/kafka/common/message/TxnOffsetCommitRequestData$TxnOffsetCommitRequestTopic
instanceKlass org/apache/kafka/common/message/TxnOffsetCommitRequestData
instanceKlass org/apache/kafka/common/message/WriteTxnMarkersResponseData$WritableTxnMarkerPartitionResult
instanceKlass org/apache/kafka/common/message/WriteTxnMarkersResponseData$WritableTxnMarkerTopicResult
instanceKlass org/apache/kafka/common/message/WriteTxnMarkersResponseData$WritableTxnMarkerResult
instanceKlass org/apache/kafka/common/message/WriteTxnMarkersResponseData
instanceKlass org/apache/kafka/common/message/WriteTxnMarkersRequestData$WritableTxnMarkerTopic
instanceKlass org/apache/kafka/common/message/WriteTxnMarkersRequestData$WritableTxnMarker
instanceKlass org/apache/kafka/common/message/WriteTxnMarkersRequestData
instanceKlass org/apache/kafka/common/message/EndTxnResponseData
instanceKlass org/apache/kafka/common/message/EndTxnRequestData
instanceKlass org/apache/kafka/common/message/AddOffsetsToTxnResponseData
instanceKlass org/apache/kafka/common/message/AddOffsetsToTxnRequestData
instanceKlass org/apache/kafka/common/message/AddPartitionsToTxnResponseData$AddPartitionsToTxnResult
instanceKlass org/apache/kafka/common/message/AddPartitionsToTxnResponseData$AddPartitionsToTxnPartitionResult
instanceKlass org/apache/kafka/common/message/AddPartitionsToTxnResponseData$AddPartitionsToTxnTopicResult
instanceKlass org/apache/kafka/common/message/AddPartitionsToTxnResponseData
instanceKlass org/apache/kafka/common/message/AddPartitionsToTxnRequestData$AddPartitionsToTxnTransaction
instanceKlass org/apache/kafka/common/message/AddPartitionsToTxnRequestData$AddPartitionsToTxnTopic
instanceKlass org/apache/kafka/common/message/AddPartitionsToTxnRequestData
instanceKlass org/apache/kafka/common/message/OffsetForLeaderEpochResponseData$EpochEndOffset
instanceKlass org/apache/kafka/common/message/OffsetForLeaderEpochResponseData$OffsetForLeaderTopicResult
instanceKlass org/apache/kafka/common/message/OffsetForLeaderEpochResponseData
instanceKlass org/apache/kafka/common/message/OffsetForLeaderEpochRequestData$OffsetForLeaderPartition
instanceKlass org/apache/kafka/common/message/OffsetForLeaderEpochRequestData$OffsetForLeaderTopic
instanceKlass org/apache/kafka/common/message/OffsetForLeaderEpochRequestData
instanceKlass org/apache/kafka/common/message/InitProducerIdResponseData
instanceKlass org/apache/kafka/common/message/InitProducerIdRequestData
instanceKlass org/apache/kafka/common/message/DeleteRecordsResponseData$DeleteRecordsPartitionResult
instanceKlass org/apache/kafka/common/message/DeleteRecordsResponseData$DeleteRecordsTopicResult
instanceKlass org/apache/kafka/common/message/DeleteRecordsResponseData
instanceKlass org/apache/kafka/common/message/DeleteRecordsRequestData$DeleteRecordsPartition
instanceKlass org/apache/kafka/common/message/DeleteRecordsRequestData$DeleteRecordsTopic
instanceKlass org/apache/kafka/common/message/DeleteRecordsRequestData
instanceKlass org/apache/kafka/common/message/DeleteTopicsResponseData$DeletableTopicResult
instanceKlass org/apache/kafka/common/message/DeleteTopicsResponseData
instanceKlass org/apache/kafka/common/message/DeleteTopicsRequestData$DeleteTopicState
instanceKlass org/apache/kafka/common/message/DeleteTopicsRequestData
instanceKlass org/apache/kafka/common/message/CreateTopicsResponseData$CreatableTopicConfigs
instanceKlass org/apache/kafka/common/message/CreateTopicsResponseData$CreatableTopicResult
instanceKlass org/apache/kafka/common/message/CreateTopicsResponseData
instanceKlass org/apache/kafka/common/message/CreateTopicsRequestData$CreateableTopicConfig
instanceKlass org/apache/kafka/common/message/CreateTopicsRequestData$CreatableReplicaAssignment
instanceKlass org/apache/kafka/common/message/CreateTopicsRequestData$CreatableTopic
instanceKlass org/apache/kafka/common/message/CreateTopicsRequestData
instanceKlass org/apache/kafka/common/message/ApiVersionsResponseData$FinalizedFeatureKey
instanceKlass org/apache/kafka/common/message/ApiVersionsResponseData$SupportedFeatureKey
instanceKlass org/apache/kafka/common/message/ApiVersionsResponseData$ApiVersion
instanceKlass org/apache/kafka/common/message/ApiVersionsResponseData
instanceKlass org/apache/kafka/common/message/ApiVersionsRequestData
instanceKlass org/apache/kafka/common/message/SaslHandshakeResponseData
instanceKlass org/apache/kafka/common/message/SaslHandshakeRequestData
instanceKlass org/apache/kafka/common/message/ListGroupsResponseData$ListedGroup
instanceKlass org/apache/kafka/common/message/ListGroupsResponseData
instanceKlass org/apache/kafka/common/message/ListGroupsRequestData
instanceKlass org/apache/kafka/common/message/DescribeGroupsResponseData$DescribedGroupMember
instanceKlass org/apache/kafka/common/message/DescribeGroupsResponseData$DescribedGroup
instanceKlass org/apache/kafka/common/message/DescribeGroupsResponseData
instanceKlass org/apache/kafka/common/message/DescribeGroupsRequestData
instanceKlass org/apache/kafka/common/message/SyncGroupResponseData
instanceKlass org/apache/kafka/common/message/SyncGroupRequestData$SyncGroupRequestAssignment
instanceKlass org/apache/kafka/common/message/SyncGroupRequestData
instanceKlass org/apache/kafka/common/message/LeaveGroupResponseData$MemberResponse
instanceKlass org/apache/kafka/common/message/LeaveGroupResponseData
instanceKlass org/apache/kafka/common/message/LeaveGroupRequestData$MemberIdentity
instanceKlass org/apache/kafka/common/message/LeaveGroupRequestData
instanceKlass org/apache/kafka/common/message/HeartbeatResponseData
instanceKlass org/apache/kafka/common/message/HeartbeatRequestData
instanceKlass org/apache/kafka/common/message/JoinGroupResponseData$JoinGroupResponseMember
instanceKlass org/apache/kafka/common/message/JoinGroupResponseData
instanceKlass org/apache/kafka/common/message/JoinGroupRequestData$JoinGroupRequestProtocol
instanceKlass org/apache/kafka/common/message/JoinGroupRequestData
instanceKlass org/apache/kafka/common/message/FindCoordinatorResponseData$Coordinator
instanceKlass org/apache/kafka/common/message/FindCoordinatorResponseData
instanceKlass  @bci org/apache/kafka/server/util/InterBrokerSendThread$UnsentRequests clean ()V 9 <appendix> argL0 ; # org/apache/kafka/server/util/InterBrokerSendThread$UnsentRequests$$Lambda+0x000002190130e000
instanceKlass  @cpi org/apache/kafka/server/util/InterBrokerSendThread$UnsentRequests 122 form vmentry <vmtarget> ; # java/lang/invoke/LambdaForm$DMH+0x000002190130c000
instanceKlass org/apache/kafka/common/message/FindCoordinatorRequestData
instanceKlass org/apache/kafka/common/message/OffsetFetchResponseData$OffsetFetchResponsePartitions
instanceKlass  @bci org/apache/kafka/clients/ClusterConnectionStates nodesWithConnectionSetupTimeout (J)Ljava/util/List; 11 <appendix> member <vmtarget> ; # org/apache/kafka/clients/ClusterConnectionStates$$Lambda+0x000002190130b5e8
instanceKlass org/apache/kafka/common/metrics/stats/SampledStat$Sample
instanceKlass org/apache/kafka/common/message/OffsetFetchResponseData$OffsetFetchResponseTopics
instanceKlass org/apache/kafka/common/message/OffsetFetchResponseData$OffsetFetchResponseGroup
instanceKlass org/apache/kafka/common/message/OffsetFetchResponseData$OffsetFetchResponsePartition
instanceKlass org/apache/kafka/common/message/OffsetFetchResponseData$OffsetFetchResponseTopic
instanceKlass org/apache/kafka/common/message/OffsetFetchResponseData
instanceKlass org/apache/kafka/common/message/OffsetFetchRequestData$OffsetFetchRequestTopics
instanceKlass org/apache/kafka/common/message/OffsetFetchRequestData$OffsetFetchRequestGroup
instanceKlass org/apache/kafka/common/message/OffsetFetchRequestData$OffsetFetchRequestTopic
instanceKlass org/apache/kafka/common/message/OffsetFetchRequestData
instanceKlass org/apache/kafka/common/message/OffsetCommitResponseData$OffsetCommitResponsePartition
instanceKlass org/apache/kafka/common/message/OffsetCommitResponseData$OffsetCommitResponseTopic
instanceKlass org/apache/kafka/common/message/OffsetCommitResponseData
instanceKlass org/apache/kafka/common/message/OffsetCommitRequestData$OffsetCommitRequestPartition
instanceKlass org/apache/kafka/common/message/OffsetCommitRequestData$OffsetCommitRequestTopic
instanceKlass org/apache/kafka/common/message/OffsetCommitRequestData
instanceKlass org/apache/kafka/common/message/ControlledShutdownResponseData$RemainingPartition
instanceKlass org/apache/kafka/common/message/ControlledShutdownResponseData
instanceKlass org/apache/kafka/common/message/ControlledShutdownRequestData
instanceKlass org/apache/kafka/common/message/UpdateMetadataResponseData
instanceKlass org/apache/kafka/common/message/UpdateMetadataRequestData$UpdateMetadataTopicState
instanceKlass org/apache/kafka/common/message/UpdateMetadataRequestData$UpdateMetadataEndpoint
instanceKlass org/apache/kafka/common/message/UpdateMetadataRequestData$UpdateMetadataBroker
instanceKlass org/apache/kafka/common/message/UpdateMetadataRequestData$UpdateMetadataPartitionState
instanceKlass org/apache/kafka/common/message/UpdateMetadataRequestData
instanceKlass org/apache/kafka/common/message/StopReplicaResponseData$StopReplicaPartitionError
instanceKlass org/apache/kafka/common/message/StopReplicaResponseData
instanceKlass org/apache/kafka/common/message/StopReplicaRequestData$StopReplicaPartitionState
instanceKlass org/apache/kafka/common/message/StopReplicaRequestData$StopReplicaTopicState
instanceKlass org/apache/kafka/common/message/StopReplicaRequestData$StopReplicaTopicV1
instanceKlass org/apache/kafka/common/message/StopReplicaRequestData$StopReplicaPartitionV0
instanceKlass org/apache/kafka/common/message/StopReplicaRequestData
instanceKlass org/apache/kafka/common/message/LeaderAndIsrResponseData$LeaderAndIsrTopicError
instanceKlass org/apache/kafka/common/message/LeaderAndIsrResponseData$LeaderAndIsrPartitionError
instanceKlass org/apache/kafka/common/message/LeaderAndIsrResponseData
instanceKlass org/apache/kafka/common/message/LeaderAndIsrRequestData$LeaderAndIsrTopicState
instanceKlass org/apache/kafka/common/message/LeaderAndIsrRequestData$LeaderAndIsrLiveLeader
instanceKlass org/apache/kafka/common/message/LeaderAndIsrRequestData$LeaderAndIsrPartitionState
instanceKlass org/apache/kafka/common/message/LeaderAndIsrRequestData
instanceKlass org/apache/kafka/common/message/MetadataResponseData$MetadataResponsePartition
instanceKlass org/apache/kafka/common/message/MetadataResponseData$MetadataResponseTopic
instanceKlass org/apache/kafka/common/message/MetadataResponseData$MetadataResponseBroker
instanceKlass org/apache/kafka/common/message/MetadataResponseData
instanceKlass org/apache/kafka/common/message/MetadataRequestData$MetadataRequestTopic
instanceKlass org/apache/kafka/common/message/MetadataRequestData
instanceKlass org/apache/kafka/common/message/ListOffsetsResponseData$ListOffsetsPartitionResponse
instanceKlass org/apache/kafka/common/message/ListOffsetsResponseData$ListOffsetsTopicResponse
instanceKlass org/apache/kafka/common/message/ListOffsetsResponseData
instanceKlass org/apache/kafka/common/message/ListOffsetsRequestData$ListOffsetsPartition
instanceKlass org/apache/kafka/common/message/ListOffsetsRequestData$ListOffsetsTopic
instanceKlass org/apache/kafka/common/message/ListOffsetsRequestData
instanceKlass org/apache/kafka/common/message/FetchResponseData$NodeEndpoint
instanceKlass org/apache/kafka/common/message/FetchResponseData$SnapshotId
instanceKlass org/apache/kafka/common/message/FetchResponseData$LeaderIdAndEpoch
instanceKlass org/apache/kafka/common/message/FetchResponseData$EpochEndOffset
instanceKlass org/apache/kafka/common/message/FetchResponseData$AbortedTransaction
instanceKlass org/apache/kafka/common/message/FetchResponseData$PartitionData
instanceKlass org/apache/kafka/common/message/FetchResponseData$FetchableTopicResponse
instanceKlass org/apache/kafka/common/message/FetchResponseData
instanceKlass org/apache/kafka/common/message/FetchRequestData$ReplicaState
instanceKlass org/apache/kafka/common/message/FetchRequestData$ForgottenTopic
instanceKlass org/apache/kafka/common/message/FetchRequestData$FetchPartition
instanceKlass org/apache/kafka/common/message/FetchRequestData$FetchTopic
instanceKlass org/apache/kafka/common/message/FetchRequestData
instanceKlass org/apache/kafka/common/message/ProduceResponseData$NodeEndpoint
instanceKlass org/apache/kafka/common/message/ProduceResponseData$LeaderIdAndEpoch
instanceKlass org/apache/kafka/common/message/ProduceResponseData$BatchIndexAndErrorMessage
instanceKlass org/apache/kafka/common/message/ProduceResponseData$PartitionProduceResponse
instanceKlass org/apache/kafka/common/message/ProduceResponseData$TopicProduceResponse
instanceKlass org/apache/kafka/common/message/ProduceResponseData
instanceKlass org/apache/kafka/common/message/ProduceRequestData$PartitionProduceData
instanceKlass org/apache/kafka/common/message/ProduceRequestData$TopicProduceData
instanceKlass org/apache/kafka/common/message/ProduceRequestData
instanceKlass org/apache/kafka/common/protocol/ApiMessage
instanceKlass  @bci org/apache/kafka/server/util/InterBrokerSendThread drainGeneratedRequests ()V 5 <appendix> member <vmtarget> ; # org/apache/kafka/server/util/InterBrokerSendThread$$Lambda+0x00000219012fcce8
instanceKlass org/apache/kafka/server/util/RequestAndCompletionHandler
instanceKlass org/apache/kafka/common/protocol/types/Schema$Visitor
instanceKlass java/util/concurrent/LinkedBlockingDeque$AbstractItr
instanceKlass  @bci kafka/server/NodeToControllerRequestThread doWork ()V 119 <appendix> argL0 ; # kafka/server/NodeToControllerRequestThread$$Lambda+0x00000219012fc1e0
instanceKlass kafka/server/DefaultApiVersionManager
instanceKlass  @bci kafka/server/NodeToControllerRequestThread doWork ()V 34 <appendix> argL0 ; # kafka/server/NodeToControllerRequestThread$$Lambda+0x00000219012fbca0
instanceKlass kafka/server/ApiVersionManager
instanceKlass kafka/server/ApiVersionManager$
instanceKlass org/apache/kafka/server/util/InterBrokerSendThread$UnsentRequests
instanceKlass  @bci kafka/server/NodeToControllerChannelManagerImpl newRequestThread ()Lkafka/server/NodeToControllerRequestThread; 61 <appendix> member <vmtarget> ; # kafka/server/NodeToControllerChannelManagerImpl$$Lambda+0x00000219012faed8
instanceKlass org/apache/kafka/common/utils/ExponentialBackoff
instanceKlass org/apache/kafka/clients/ClusterConnectionStates
instanceKlass org/apache/kafka/clients/InFlightRequests
instanceKlass org/apache/kafka/clients/DefaultHostResolver
instanceKlass org/apache/kafka/clients/HostResolver
instanceKlass org/apache/kafka/clients/NetworkClient
instanceKlass  @bci org/apache/kafka/common/network/Selector$SelectorMetrics <init> (Lorg/apache/kafka/common/network/Selector;Lorg/apache/kafka/common/metrics/Metrics;Ljava/lang/String;Ljava/util/Map;Z)V 1428 <appendix> member <vmtarget> ; # org/apache/kafka/common/network/Selector$SelectorMetrics$$Lambda+0x00000219012f8f58
instanceKlass  @bci org/apache/kafka/common/network/Selector$SelectorMetrics <init> (Lorg/apache/kafka/common/network/Selector;Lorg/apache/kafka/common/metrics/Metrics;Ljava/lang/String;Ljava/util/Map;Z)V 1378 <appendix> member <vmtarget> ; # org/apache/kafka/common/network/Selector$SelectorMetrics$$Lambda+0x00000219012f8d20
instanceKlass org/apache/kafka/common/network/ClientInformation
instanceKlass java/util/concurrent/ConcurrentLinkedDeque$Node
instanceKlass  @bci org/apache/kafka/common/network/Selector$SelectorMetrics <init> (Lorg/apache/kafka/common/network/Selector;Lorg/apache/kafka/common/metrics/Metrics;Ljava/lang/String;Ljava/util/Map;Z)V 1348 <appendix> member <vmtarget> ; # org/apache/kafka/common/network/Selector$SelectorMetrics$$Lambda+0x00000219012f88d8
instanceKlass org/apache/kafka/common/network/CipherInformation
instanceKlass org/apache/kafka/common/metrics/internals/IntGaugeSuite
instanceKlass  @bci org/apache/kafka/common/metrics/Metrics sensor (Ljava/lang/String;Lorg/apache/kafka/common/metrics/MetricConfig;JLorg/apache/kafka/common/metrics/Sensor$RecordingLevel;[Lorg/apache/kafka/common/metrics/Sensor;)Lorg/apache/kafka/common/metrics/Sensor; 94 <appendix> argL0 ; # org/apache/kafka/common/metrics/Metrics$$Lambda+0x00000219012f8280
instanceKlass org/apache/kafka/common/metrics/CompoundStat$NamedMeasurable
instanceKlass  @bci org/apache/kafka/common/metrics/Sensor add (Lorg/apache/kafka/common/metrics/CompoundStat;Lorg/apache/kafka/common/metrics/MetricConfig;)Z 38 <appendix> member <vmtarget> ; # org/apache/kafka/common/metrics/Sensor$$Lambda+0x00000219012f7640
instanceKlass org/apache/kafka/common/metrics/stats/Meter
instanceKlass org/apache/kafka/common/metrics/CompoundStat
instanceKlass org/apache/kafka/common/network/Selector$SelectorMetrics
instanceKlass org/apache/kafka/common/memory/MemoryPool$1
instanceKlass org/apache/kafka/common/memory/MemoryPool
instanceKlass org/apache/kafka/common/network/ChannelMetadataRegistry
instanceKlass org/apache/kafka/common/network/Selector
instanceKlass org/apache/kafka/common/network/Authenticator
instanceKlass org/apache/kafka/common/network/TransportLayer
instanceKlass org/apache/kafka/common/network/TransferableChannel
instanceKlass org/apache/kafka/common/network/PlaintextChannelBuilder
instanceKlass org/apache/kafka/common/network/ChannelBuilders$1
instanceKlass  @bci org/apache/kafka/common/network/ChannelBuilders channelBuilderConfigs (Lorg/apache/kafka/common/config/AbstractConfig;Lorg/apache/kafka/common/network/ListenerName;)Ljava/util/Map; 71 <appendix> member <vmtarget> ; # org/apache/kafka/common/network/ChannelBuilders$$Lambda+0x00000219012f5738
instanceKlass  @bci org/apache/kafka/common/network/ChannelBuilders channelBuilderConfigs (Lorg/apache/kafka/common/config/AbstractConfig;Lorg/apache/kafka/common/network/ListenerName;)Ljava/util/Map; 60 <appendix> member <vmtarget> ; # org/apache/kafka/common/network/ChannelBuilders$$Lambda+0x00000219012f54f0
instanceKlass  @bci org/apache/kafka/common/network/ChannelBuilders channelBuilderConfigs (Lorg/apache/kafka/common/config/AbstractConfig;Lorg/apache/kafka/common/network/ListenerName;)Ljava/util/Map; 48 <appendix> member <vmtarget> ; # org/apache/kafka/common/network/ChannelBuilders$$Lambda+0x00000219012f52a8
instanceKlass  @bci org/apache/kafka/common/network/ChannelBuilders channelBuilderConfigs (Lorg/apache/kafka/common/config/AbstractConfig;Lorg/apache/kafka/common/network/ListenerName;)Ljava/util/Map; 36 <appendix> member <vmtarget> ; # org/apache/kafka/common/network/ChannelBuilders$$Lambda+0x00000219012f5060
instanceKlass org/apache/kafka/common/network/ChannelBuilder
instanceKlass org/apache/kafka/common/network/ChannelBuilders
instanceKlass  @bci kafka/server/MetadataCacheControllerNodeProvider getControllerInfo ()Lkafka/server/ControllerInformation; 17 <appendix> member <vmtarget> ; # kafka/server/MetadataCacheControllerNodeProvider$$Lambda+0x00000219012f38f8
instanceKlass  @bci kafka/server/MetadataCacheControllerNodeProvider getControllerInfo ()Lkafka/server/ControllerInformation; 8 <appendix> member <vmtarget> ; # kafka/server/MetadataCacheControllerNodeProvider$$Lambda+0x00000219012f3538
instanceKlass kafka/server/CachedControllerId
instanceKlass org/apache/kafka/clients/ApiVersions
instanceKlass org/apache/kafka/clients/ManualMetadataUpdater
instanceKlass kafka/server/NodeToControllerChannelManagerImpl
instanceKlass kafka/security/CredentialProvider
instanceKlass org/apache/kafka/common/security/authenticator/CredentialCache$Cache
instanceKlass org/apache/kafka/common/security/scram/ScramCredential
instanceKlass org/apache/kafka/common/security/scram/internals/ScramCredentialUtils
instanceKlass org/apache/kafka/common/security/authenticator/CredentialCache
instanceKlass org/apache/kafka/common/security/token/delegation/internals/DelegationTokenCache
instanceKlass  @bci kafka/server/FinalizedFeatureChangeListener$FeatureCacheUpdater updateLatestOrThrow ()V 186 <appendix> argL0 ; # kafka/server/FinalizedFeatureChangeListener$FeatureCacheUpdater$$Lambda+0x00000219012f1630
instanceKlass  @bci kafka/server/metadata/ZkMetadataCache updateFeaturesOrThrow (Lscala/collection/immutable/Map;J)V 345 <appendix> member <vmtarget> ; # kafka/server/metadata/ZkMetadataCache$$Lambda+0x00000219012f1380
instanceKlass  @bci kafka/server/BrokerFeatures$ kafka$server$BrokerFeatures$$incompatibleFeatures (Lorg/apache/kafka/common/feature/Features;Lscala/collection/immutable/Map;Z)Lscala/collection/immutable/Map; 96 <appendix> argL0 ; # kafka/server/BrokerFeatures$$$Lambda+0x00000219012f0fc8
instanceKlass  @bci kafka/server/BrokerFeatures$ kafka$server$BrokerFeatures$$incompatibleFeatures (Lorg/apache/kafka/common/feature/Features;Lscala/collection/immutable/Map;Z)Lscala/collection/immutable/Map; 15 <appendix> argL0 ; # kafka/server/BrokerFeatures$$$Lambda+0x00000219012f0c10
instanceKlass  @bci kafka/server/BrokerFeatures$ kafka$server$BrokerFeatures$$incompatibleFeatures (Lorg/apache/kafka/common/feature/Features;Lscala/collection/immutable/Map;Z)Lscala/collection/immutable/Map; 2 <appendix> member <vmtarget> ; # kafka/server/BrokerFeatures$$$Lambda+0x00000219012f0850
instanceKlass scala/Tuple3
instanceKlass scala/Product3
instanceKlass  @bci kafka/server/metadata/ZkMetadataCache updateFeaturesOrThrow (Lscala/collection/immutable/Map;J)V 149 <appendix> argL0 ; # kafka/server/metadata/ZkMetadataCache$$Lambda+0x00000219012f0000
instanceKlass  @bci kafka/server/metadata/ZkMetadataCache updateFeaturesOrThrow (Lscala/collection/immutable/Map;J)V 12 <appendix> argL0 ; # kafka/server/metadata/ZkMetadataCache$$Lambda+0x00000219012e4c00
instanceKlass org/apache/kafka/server/common/Features
instanceKlass  @bci kafka/server/FinalizedFeatureChangeListener$FeatureCacheUpdater updateLatestOrThrow ()V 174 <appendix> member <vmtarget> ; # kafka/server/FinalizedFeatureChangeListener$FeatureCacheUpdater$$Lambda+0x00000219012e58b0
instanceKlass kafka/zk/FeatureZNode
instanceKlass  @bci kafka/zk/FeatureZNode$ decodeFeature (ILkafka/utils/json/JsonObject;[B)Lscala/collection/Map; 76 <appendix> member <vmtarget> ; # kafka/zk/FeatureZNode$$$Lambda+0x00000219012e5220
instanceKlass  @cpi kafka/server/KafkaApis 6921 form vmentry <vmtarget> ; # java/lang/invoke/LambdaForm$DMH+0x00000219012e4800
instanceKlass kafka/utils/json/DecodeJson$$anonfun$decodeMap$4
instanceKlass scala/collection/MapFactory$ToFactory
instanceKlass scala/collection/MapFactory$
instanceKlass  @bci kafka/zk/FeatureZNode$ decodeFeature (ILkafka/utils/json/JsonObject;[B)Lscala/collection/Map; 8 <appendix> argL0 ; # kafka/zk/FeatureZNode$$$Lambda+0x00000219012ef718
instanceKlass kafka/zk/FeatureZNodeStatus$Enabled$
instanceKlass kafka/zk/FeatureZNodeStatus$Disabled$
instanceKlass kafka/zk/FeatureZNodeStatus
instanceKlass kafka/zk/FeatureZNodeStatus$
instanceKlass  @bci kafka/utils/json/DecodeJson$ kafka$utils$json$DecodeJson$$$anonfun$decodeOption$1 (Lcom/fasterxml/jackson/databind/JsonNode;Lkafka/utils/json/DecodeJson;)Lscala/util/Either; 27 <appendix> argL0 ; # kafka/utils/json/DecodeJson$$$Lambda+0x00000219012eea08
instanceKlass kafka/utils/json/DecodeJson$$anonfun$decodeOption$3
instanceKlass kafka/utils/json/DecodeJson$
instanceKlass  @bci kafka/zk/FeatureZNode$ decode ([B)Lkafka/zk/FeatureZNode; 130 <appendix> argL0 ; # kafka/zk/FeatureZNode$$$Lambda+0x00000219012ee238
instanceKlass kafka/utils/json/DecodeJson$DecodeInt$
instanceKlass  @bci kafka/utils/Json$ tryParseBytes ([B)Lscala/util/Either; 17 <appendix> argL0 ; # kafka/utils/Json$$$Lambda+0x00000219012edc58
instanceKlass kafka/zk/ZkStat$
instanceKlass  @bci kafka/server/FinalizedFeatureChangeListener$FeatureCacheUpdater updateLatestOrThrow ()V 17 <appendix> member <vmtarget> ; # kafka/server/FinalizedFeatureChangeListener$FeatureCacheUpdater$$Lambda+0x00000219012ed7b0
instanceKlass  @bci kafka/server/FinalizedFeatureChangeListener$FeatureCacheUpdater awaitUpdateOrThrow (J)V 5 <appendix> member <vmtarget> ; # kafka/server/FinalizedFeatureChangeListener$FeatureCacheUpdater$$Lambda+0x00000219012ed3f8
instanceKlass  @cpi kafka/network/RequestChannel$Request 647 form vmentry <vmtarget> ; # java/lang/invoke/LambdaForm$DMH+0x00000219012e4400
instanceKlass  @bci kafka/server/FinalizedFeatureChangeListener$FeatureCacheUpdater updateLatestOrThrow ()V 4 <appendix> argL0 ; # kafka/server/FinalizedFeatureChangeListener$FeatureCacheUpdater$$Lambda+0x00000219012ed040
instanceKlass kafka/server/FinalizedFeatureChangeListener$FeatureCacheUpdater
instanceKlass org/apache/zookeeper/proto/ExistsRequest
instanceKlass kafka/zookeeper/ZooKeeperClient$$anon$2
instanceKlass kafka/server/FinalizedFeatureChangeListener$FeatureZNodeChangeHandler$
instanceKlass scala/util/package$chaining$
instanceKlass scala/util/ChainingSyntax
instanceKlass scala/util/ChainingOps$
instanceKlass  @bci scala/collection/convert/JavaCollectionWrappers$JMapWrapperLike put (Ljava/lang/Object;Ljava/lang/Object;)Lscala/Option; 80 <appendix> member <vmtarget> ; # scala/collection/convert/JavaCollectionWrappers$JMapWrapperLike$$Lambda+0x00000219012eb688
instanceKlass kafka/server/FinalizedFeatureChangeListener$ZkStateChangeHandler$
instanceKlass kafka/zookeeper/ZNodeChangeHandler
instanceKlass kafka/zookeeper/StateChangeHandler
instanceKlass kafka/server/FinalizedFeatureChangeListener
instanceKlass kafka/server/ControllerInformation
instanceKlass  @bci kafka/server/MetadataCacheControllerNodeProvider <init> (Lkafka/server/metadata/ZkMetadataCache;Lkafka/server/KafkaConfig;)V 113 <appendix> member <vmtarget> ; # kafka/server/MetadataCacheControllerNodeProvider$$Lambda+0x00000219012ea170
instanceKlass  @bci kafka/server/MetadataCacheControllerNodeProvider <init> (Lkafka/server/metadata/ZkMetadataCache;Lkafka/server/KafkaConfig;)V 40 <appendix> member <vmtarget> ; # kafka/server/MetadataCacheControllerNodeProvider$$Lambda+0x00000219012e9ec0
instanceKlass  @bci kafka/server/KafkaConfig controlPlaneSecurityProtocol ()Lscala/Option; 4 <appendix> argL0 ; # kafka/server/KafkaConfig$$Lambda+0x00000219012e9b08
instanceKlass  @bci kafka/server/MetadataCacheControllerNodeProvider <init> (Lkafka/server/metadata/ZkMetadataCache;Lkafka/server/KafkaConfig;)V 20 <appendix> member <vmtarget> ; # kafka/server/MetadataCacheControllerNodeProvider$$Lambda+0x00000219012e9858
instanceKlass kafka/server/MetadataCacheControllerNodeProvider
instanceKlass  @bci kafka/server/metadata/ZkMetadataCache <init> (ILorg/apache/kafka/server/common/MetadataVersion;Lkafka/server/BrokerFeatures;Lscala/collection/Seq;Z)V 165 <appendix> argL0 ; # kafka/server/metadata/ZkMetadataCache$$Lambda+0x00000219012e94a0
instanceKlass org/apache/kafka/common/Node
instanceKlass  @bci kafka/controller/StateChangeLogger <init> (IZLscala/Option;)V 61 <appendix> argL0 ; # kafka/controller/StateChangeLogger$$Lambda+0x00000219012e76d8
instanceKlass  @bci kafka/controller/StateChangeLogger <init> (IZLscala/Option;)V 56 <appendix> argL0 ; # kafka/controller/StateChangeLogger$$Lambda+0x00000219012e7430
instanceKlass kafka/controller/StateChangeLogger
instanceKlass  @bci kafka/server/metadata/MetadataSnapshot <init> (Lscala/collection/mutable/AnyRefMap;Lscala/collection/immutable/Map;Lscala/Option;Lscala/collection/mutable/LongMap;Lscala/collection/mutable/LongMap;)V 37 <appendix> argL0 ; # kafka/server/metadata/MetadataSnapshot$$Lambda+0x00000219012e6d28
instanceKlass  @bci scala/collection/mutable/LongMap$ <clinit> ()V 10 <appendix> argL0 ; # scala/collection/mutable/LongMap$$$Lambda+0x00000219012e6970
instanceKlass  @bci kafka/log/LogCleanerManager $anonfun$doneDeleting$1 (Lkafka/log/LogCleanerManager;Lscala/collection/Iterable;)V 2 <appendix> member <vmtarget> ; # kafka/log/LogCleanerManager$$Lambda+0x00000219012e63b8
instanceKlass scala/collection/mutable/LongMap$
instanceKlass  @bci kafka/log/LogCleaner$CleanerThread cleanFilthiestLog ()Z 222 <appendix> argL0 ; # kafka/log/LogCleaner$CleanerThread$$Lambda+0x00000219012e6000
instanceKlass  @bci kafka/log/LogCleaner$CleanerThread cleanFilthiestLog ()Z 170 <appendix> argL0 ; # kafka/log/LogCleaner$CleanerThread$$Lambda+0x00000219012e3b28
instanceKlass  @bci kafka/log/LogCleanerManager $anonfun$deletableLogs$1 (Lkafka/log/LogCleanerManager;)Lscala/collection/Iterable; 19 <appendix> member <vmtarget> ; # kafka/log/LogCleanerManager$$Lambda+0x00000219012e3768
instanceKlass  @bci kafka/log/LogCleanerManager $anonfun$deletableLogs$1 (Lkafka/log/LogCleanerManager;)Lscala/collection/Iterable; 5 <appendix> member <vmtarget> ; # kafka/log/LogCleanerManager$$Lambda+0x00000219012e33a8
instanceKlass  @bci kafka/log/LogCleanerManager $anonfun$grabFilthiestCompactedLog$1 (Lkafka/log/LogCleanerManager;Lorg/apache/kafka/common/utils/Time;Lkafka/log/PreCleanStats;)Lscala/Option; 125 <appendix> argL0 ; # kafka/log/LogCleanerManager$$Lambda+0x00000219012e1aa0
instanceKlass  @bci kafka/log/LogCleanerManager $anonfun$grabFilthiestCompactedLog$1 (Lkafka/log/LogCleanerManager;Lorg/apache/kafka/common/utils/Time;Lkafka/log/PreCleanStats;)Lscala/Option; 65 <appendix> argL0 ; # kafka/log/LogCleanerManager$$Lambda+0x00000219012e16e8
instanceKlass  @bci kafka/cluster/Partition maybeIncrementLeaderHW (Lkafka/log/UnifiedLog;J)Z 45 <adapter> ; # java/lang/invoke/LambdaForm$MH+0x00000219012e4000
# instanceKlass java/lang/invoke/LambdaForm$DMH+0x00000219012dcc00
instanceKlass  @bci kafka/cluster/Partition maybeIncrementLeaderHW (Lkafka/log/UnifiedLog;J)Z 45 <appendix> form vmentry <vmtarget> ; # java/lang/invoke/LambdaForm$DMH+0x00000219012dc800
instanceKlass scala/collection/mutable/AnyRefMap$ExceptionDefault
instanceKlass  @bci kafka/log/LogCleanerManager $anonfun$grabFilthiestCompactedLog$1 (Lkafka/log/LogCleanerManager;Lorg/apache/kafka/common/utils/Time;Lkafka/log/PreCleanStats;)Lscala/Option; 52 <appendix> member <vmtarget> ; # kafka/log/LogCleanerManager$$Lambda+0x00000219012e0f58
instanceKlass  @cpi kafka/cluster/Partition 1376 form vmentry <vmtarget> ; # java/lang/invoke/LambdaForm$DMH+0x00000219012dc400
instanceKlass scala/collection/mutable/AnyRefMap$
instanceKlass kafka/log/LogToClean
instanceKlass kafka/server/metadata/MetadataSnapshot
instanceKlass  @bci kafka/log/LogCleanerManager $anonfun$grabFilthiestCompactedLog$1 (Lkafka/log/LogCleanerManager;Lorg/apache/kafka/common/utils/Time;Lkafka/log/PreCleanStats;)Lscala/Option; 34 <appendix> member <vmtarget> ; # kafka/log/LogCleanerManager$$Lambda+0x00000219012dd8c8
instanceKlass kafka/utils/Pool$$anon$1
instanceKlass kafka/server/metadata/ZkMetadataCache
instanceKlass  @bci kafka/log/LogCleanerManager $anonfun$grabFilthiestCompactedLog$1 (Lkafka/log/LogCleanerManager;Lorg/apache/kafka/common/utils/Time;Lkafka/log/PreCleanStats;)Lscala/Option; 22 <appendix> argL0 ; # kafka/log/LogCleanerManager$$Lambda+0x00000219012df570
instanceKlass  @bci kafka/log/LogCleanerManager $anonfun$allCleanerCheckpoints$1 (Lkafka/log/LogCleanerManager;)Lscala/collection/immutable/Map; 10 <appendix> member <vmtarget> ; # kafka/log/LogCleanerManager$$Lambda+0x00000219012df1b0
instanceKlass kafka/server/MetadataCache$
instanceKlass kafka/log/PreCleanStats
instanceKlass kafka/log/CleanerStats$
instanceKlass kafka/log/CleanerStats
instanceKlass  @bci kafka/log/Cleaner <init> (ILorg/apache/kafka/storage/internals/log/OffsetMap;IIDLkafka/utils/Throttler;Lorg/apache/kafka/common/utils/Time;Lscala/Function1;)V 133 <appendix> argL0 ; # kafka/log/Cleaner$$Lambda+0x00000219012de5f0
instanceKlass  @bci kafka/log/LogCleaner$CleanerThread <init> (Lkafka/log/LogCleaner;I)V 169 <appendix> member <vmtarget> ; # kafka/log/LogCleaner$CleanerThread$$Lambda+0x00000219012de000
instanceKlass org/apache/kafka/storage/internals/log/SkimpyOffsetMap
instanceKlass org/apache/kafka/common/record/MemoryRecords$RecordFilter
instanceKlass kafka/log/Cleaner
instanceKlass org/apache/kafka/storage/internals/log/OffsetMap
instanceKlass  @bci kafka/log/LogCleaner startup ()V 30 <appendix> member <vmtarget> ; # kafka/log/LogCleaner$$Lambda+0x00000219012da368
instanceKlass  @cpi kafka/server/KafkaRequestHandlerPool 422 form vmentry <vmtarget> ; # java/lang/invoke/LambdaForm$DMH+0x00000219012dc000
instanceKlass  @bci kafka/log/LogCleaner startup ()V 1 <appendix> argL0 ; # kafka/log/LogCleaner$$Lambda+0x00000219012da0c0
instanceKlass kafka/utils/Throttler
instanceKlass  @bci kafka/log/LogCleanerManager $anonfun$new$7 (Lkafka/log/LogCleanerManager;Ljava/io/File;)Z 88 <appendix> argL0 ; # kafka/log/LogCleanerManager$$Lambda+0x00000219012d9b30
instanceKlass  @bci kafka/log/LogCleanerManager <init> (Lscala/collection/Seq;Lkafka/utils/Pool;Lorg/apache/kafka/storage/internals/log/LogDirFailureChannel;)V 154 <appendix> member <vmtarget> ; # kafka/log/LogCleanerManager$$Lambda+0x00000219012d9770
instanceKlass  @bci kafka/log/LogCleanerManager $anonfun$new$1 (Lkafka/log/LogCleanerManager;Ljava/io/File;)Z 88 <appendix> argL0 ; # kafka/log/LogCleanerManager$$Lambda+0x00000219012d9540
instanceKlass kafka/log/LogCleanerManager$
instanceKlass  @bci kafka/log/LogCleanerManager <init> (Lscala/collection/Seq;Lkafka/utils/Pool;Lorg/apache/kafka/storage/internals/log/LogDirFailureChannel;)V 142 <appendix> member <vmtarget> ; # kafka/log/LogCleanerManager$$Lambda+0x00000219012d8ee0
instanceKlass  @bci kafka/log/LogCleanerManager <init> (Lscala/collection/Seq;Lkafka/utils/Pool;Lorg/apache/kafka/storage/internals/log/LogDirFailureChannel;)V 48 <appendix> member <vmtarget> ; # kafka/log/LogCleanerManager$$Lambda+0x00000219012d8b20
instanceKlass kafka/log/LogCleaningState
instanceKlass kafka/log/LogCleanerManager
instanceKlass kafka/log/LogCleaner
instanceKlass  @bci kafka/log/LogManager startupWithConfigOverrides (Lorg/apache/kafka/storage/internals/log/LogConfig;Lscala/collection/Map;)V 153 <appendix> member <vmtarget> ; # kafka/log/LogManager$$Lambda+0x00000219012d6cb8
instanceKlass  @bci kafka/log/LogManager startupWithConfigOverrides (Lorg/apache/kafka/storage/internals/log/LogConfig;Lscala/collection/Map;)V 125 <appendix> member <vmtarget> ; # kafka/log/LogManager$$Lambda+0x00000219012d6aa0
instanceKlass  @bci kafka/log/LogManager startupWithConfigOverrides (Lorg/apache/kafka/storage/internals/log/LogConfig;Lscala/collection/Map;)V 97 <appendix> member <vmtarget> ; # kafka/log/LogManager$$Lambda+0x00000219012d6888
instanceKlass  @bci kafka/log/LogManager startupWithConfigOverrides (Lorg/apache/kafka/storage/internals/log/LogConfig;Lscala/collection/Map;)V 69 <appendix> member <vmtarget> ; # kafka/log/LogManager$$Lambda+0x00000219012d6670
instanceKlass  @bci kafka/log/LogManager startupWithConfigOverrides (Lorg/apache/kafka/storage/internals/log/LogConfig;Lscala/collection/Map;)V 53 <appendix> member <vmtarget> ; # kafka/log/LogManager$$Lambda+0x00000219012d63c0
instanceKlass  @bci kafka/log/LogManager startupWithConfigOverrides (Lorg/apache/kafka/storage/internals/log/LogConfig;Lscala/collection/Map;)V 31 <appendix> member <vmtarget> ; # kafka/log/LogManager$$Lambda+0x00000219012d3d30
instanceKlass  @bci scala/collection/StringOps$ format$extension (Ljava/lang/String;Lscala/collection/immutable/Seq;)Ljava/lang/String; 3 <appendix> member <vmtarget> ; # scala/collection/StringOps$$$Lambda+0x00000219012d6000
instanceKlass scala/collection/immutable/ArraySeq$
instanceKlass  @bci kafka/log/LogManager startupWithConfigOverrides (Lorg/apache/kafka/storage/internals/log/LogConfig;Lscala/collection/Map;)V 15 <appendix> member <vmtarget> ; # kafka/log/LogManager$$Lambda+0x00000219012d3750
instanceKlass  @bci kafka/log/LogManager loadLogs (Lorg/apache/kafka/storage/internals/log/LogConfig;Lscala/collection/Map;)V 267 <appendix> member <vmtarget> ; # kafka/log/LogManager$$Lambda+0x00000219012d3498
instanceKlass  @cpi kafka/coordinator/group/GroupMetadataManager 1563 form vmentry <vmtarget> ; # java/lang/invoke/LambdaForm$DMH+0x00000219012d5400
instanceKlass java/util/IdentityHashMap$IdentityHashMapIterator
instanceKlass  @bci kafka/log/LogManager loadLogs (Lorg/apache/kafka/storage/internals/log/LogConfig;Lscala/collection/Map;)V 191 <appendix> argL0 ; # kafka/log/LogManager$$Lambda+0x00000219012d30e0
instanceKlass  @bci kafka/log/LogManager $anonfun$removeLogRecoveryMetrics$2 (Lkafka/log/LogManager;Ljava/io/File;)V 79 <appendix> member <vmtarget> ; # kafka/log/LogManager$$Lambda+0x00000219012d2d00
instanceKlass  @cpi kafka/controller/ReplicaStateMachine 301 form vmentry <vmtarget> ; # java/lang/invoke/LambdaForm$DMH+0x00000219012d5000
instanceKlass scala/runtime/java8/JFunction1$mcVI$sp
instanceKlass  @bci kafka/log/LogManager removeLogRecoveryMetrics ()V 14 <appendix> member <vmtarget> ; # kafka/log/LogManager$$Lambda+0x00000219012d2750
instanceKlass  @bci kafka/log/LogManager removeLogRecoveryMetrics ()V 1 <appendix> argL0 ; # kafka/log/LogManager$$Lambda+0x00000219012d24a8
instanceKlass  @bci kafka/log/LogManager loadLogs (Lorg/apache/kafka/storage/internals/log/LogConfig;Lscala/collection/Map;)V 134 <appendix> member <vmtarget> ; # kafka/log/LogManager$$Lambda+0x00000219012d20e8
instanceKlass  @bci kafka/log/UnifiedLog toString ()Ljava/lang/String; 44 <appendix> member <vmtarget> ; # kafka/log/UnifiedLog$$Lambda+0x00000219012d1d28
instanceKlass  @bci kafka/log/LogManager $anonfun$loadLogs$15 (Lkafka/log/LogManager;Ljava/io/File;Lscala/runtime/BooleanRef;Lscala/runtime/ObjectRef;Lscala/runtime/ObjectRef;Lorg/apache/kafka/storage/internals/log/LogConfig;Lscala/collection/Map;Ljava/util/concurrent/ConcurrentMap;Ljava/lang/String;Ljava/util/concurrent/ConcurrentMap;[Ljava/io/File;Lscala/collection/mutable/Set;)V 329 <adapter> ; # java/lang/invoke/LambdaForm$MH+0x00000219012d4c00
# instanceKlass java/lang/invoke/LambdaForm$DMH+0x00000219012d4800
instanceKlass  @bci kafka/log/LogManager $anonfun$loadLogs$15 (Lkafka/log/LogManager;Ljava/io/File;Lscala/runtime/BooleanRef;Lscala/runtime/ObjectRef;Lscala/runtime/ObjectRef;Lorg/apache/kafka/storage/internals/log/LogConfig;Lscala/collection/Map;Ljava/util/concurrent/ConcurrentMap;Ljava/lang/String;Ljava/util/concurrent/ConcurrentMap;[Ljava/io/File;Lscala/collection/mutable/Set;)V 329 <appendix> form vmentry <vmtarget> ; # java/lang/invoke/LambdaForm$DMH+0x00000219012d4400
instanceKlass  @bci kafka/log/LogManager $anonfun$loadLogs$15 (Lkafka/log/LogManager;Ljava/io/File;Lscala/runtime/BooleanRef;Lscala/runtime/ObjectRef;Lscala/runtime/ObjectRef;Lorg/apache/kafka/storage/internals/log/LogConfig;Lscala/collection/Map;Ljava/util/concurrent/ConcurrentMap;Ljava/lang/String;Ljava/util/concurrent/ConcurrentMap;[Ljava/io/File;Lscala/collection/mutable/Set;)V 329 <appendix> member <vmtarget> ; # kafka/log/LogManager$$Lambda+0x00000219012d1a78
instanceKlass  @cpi kafka/log/LogManager 2800 form vmentry <vmtarget> ; # java/lang/invoke/LambdaForm$DMH+0x00000219012d4000
instanceKlass  @bci kafka/log/LogManager decNumRemainingLogs (Ljava/util/concurrent/ConcurrentMap;Ljava/lang/String;)I 22 <appendix> argL0 ; # kafka/log/LogManager$$Lambda+0x00000219012d1858
instanceKlass  @bci kafka/log/LogManager decNumRemainingLogs (Ljava/util/concurrent/ConcurrentMap;Ljava/lang/String;)I 12 <appendix> argL0 ; # kafka/log/LogManager$$Lambda+0x00000219012d15b0
instanceKlass  @bci org/apache/kafka/server/util/KafkaScheduler schedule (Ljava/lang/String;Ljava/lang/Runnable;JJ)Ljava/util/concurrent/ScheduledFuture; 47 <appendix> member <vmtarget> ; # org/apache/kafka/server/util/KafkaScheduler$$Lambda+0x00000219012d1398
instanceKlass  @bci kafka/log/UnifiedLog <init> (JLkafka/log/LocalLog;Lkafka/server/BrokerTopicStats;ILscala/Option;Lorg/apache/kafka/storage/internals/log/ProducerStateManager;Lscala/Option;ZZLorg/apache/kafka/storage/internals/log/LogOffsetsListener;)V 321 <appendix> member <vmtarget> ; # kafka/log/UnifiedLog$$Lambda+0x00000219012d1180
instanceKlass kafka/log/LogMetricNames$
instanceKlass org/apache/kafka/storage/internals/checkpoint/PartitionMetadata
instanceKlass java/util/Base64$Encoder
instanceKlass java/util/Base64$Decoder
instanceKlass java/util/Base64
instanceKlass org/apache/kafka/storage/internals/checkpoint/PartitionMetadataReadBuffer
instanceKlass  @bci kafka/log/UnifiedLog initializeTopicId ()V 4 <appendix> argL0 ; # kafka/log/UnifiedLog$$Lambda+0x00000219012d08c0
instanceKlass  @bci org/apache/kafka/storage/internals/log/ProducerStateManager firstUnstableOffset ()Ljava/util/Optional; 29 <appendix> argL0 ; # org/apache/kafka/storage/internals/log/ProducerStateManager$$Lambda+0x00000219012d0690
instanceKlass  @bci org/apache/kafka/storage/internals/log/ProducerStateManager firstUnstableOffset ()Ljava/util/Optional; 10 <appendix> argL0 ; # org/apache/kafka/storage/internals/log/ProducerStateManager$$Lambda+0x00000219012d0460
instanceKlass org/apache/kafka/storage/internals/checkpoint/PartitionMetadataFile
instanceKlass kafka/log/UnifiedLog$$anon$2
instanceKlass kafka/log/UnifiedLog
instanceKlass kafka/log/SegmentDeletionReason
instanceKlass kafka/log/LocalLog
instanceKlass org/apache/kafka/storage/internals/log/LoadedLogOffsets
instanceKlass  @bci org/apache/kafka/storage/internals/log/ProducerStateManager loadFromSnapshot (JJ)V 67 <appendix> member <vmtarget> ; # org/apache/kafka/storage/internals/log/ProducerStateManager$$Lambda+0x00000219012ceb08
instanceKlass  @bci org/apache/kafka/storage/internals/log/ProducerStateManager loadFromSnapshot (JJ)V 52 <appendix> member <vmtarget> ; # org/apache/kafka/storage/internals/log/ProducerStateManager$$Lambda+0x00000219012ce8c0
instanceKlass  @cpi org/apache/kafka/clients/ClusterConnectionStates 320 form vmentry <vmtarget> ; # java/lang/invoke/LambdaForm$DMH+0x00000219012ca000
instanceKlass org/apache/kafka/storage/internals/log/ProducerStateEntry
instanceKlass java/util/zip/CRC32C
instanceKlass org/apache/kafka/common/utils/Crc32C$Java9ChecksumFactory
instanceKlass org/apache/kafka/common/utils/Crc32C$ChecksumFactory
instanceKlass org/apache/kafka/common/utils/Crc32C
instanceKlass org/apache/kafka/common/protocol/types/Struct
instanceKlass org/apache/kafka/common/utils/ByteUtils
instanceKlass  @bci org/apache/kafka/storage/internals/log/ProducerStateManager latestSnapshotOffset ()Ljava/util/OptionalLong; 14 <appendix> argL0 ; # org/apache/kafka/storage/internals/log/ProducerStateManager$$Lambda+0x00000219012cd768
instanceKlass  @bci org/apache/kafka/storage/internals/log/ProducerStateManager latestSnapshotOffset ()Ljava/util/OptionalLong; 6 <appendix> argL0 ; # org/apache/kafka/storage/internals/log/ProducerStateManager$$Lambda+0x00000219012cd538
instanceKlass  @bci org/apache/kafka/storage/internals/log/ProducerStateManager latestSnapshotFile ()Ljava/util/Optional; 10 <appendix> argL0 ; # org/apache/kafka/storage/internals/log/ProducerStateManager$$Lambda+0x00000219012cd308
instanceKlass  @bci kafka/log/UnifiedLog$ rebuildProducerState (Lorg/apache/kafka/storage/internals/log/ProducerStateManager;Lorg/apache/kafka/storage/internals/log/LogSegments;JJLorg/apache/kafka/common/record/RecordVersion;Lorg/apache/kafka/common/utils/Time;ZLjava/lang/String;)V 40 <appendix> argL0 ; # kafka/log/UnifiedLog$$$Lambda+0x00000219012ccf50
instanceKlass  @bci org/apache/kafka/storage/internals/log/LogSegments lowerSegment (J)Ljava/util/Optional; 5 <appendix> argL0 ; # org/apache/kafka/storage/internals/log/LogSegments$$Lambda+0x00000219012ccd20
instanceKlass scala/compat/java8/OptionConverters$RichOptionalGeneric$
instanceKlass java/util/stream/ReduceOps$2ReducingSink
instanceKlass  @bci java/util/function/BinaryOperator maxBy (Ljava/util/Comparator;)Ljava/util/function/BinaryOperator; 6 <appendix> member <vmtarget> ; # java/util/function/BinaryOperator$$Lambda+0x000002190126bae8
instanceKlass  @bci org/apache/kafka/storage/internals/log/ProducerStateManager removeStraySnapshots (Ljava/util/Collection;)V 21 <appendix> argL0 ; # org/apache/kafka/storage/internals/log/ProducerStateManager$$Lambda+0x00000219012cc8a0
instanceKlass  @cpi org/apache/kafka/storage/internals/log/ProducerStateManager 715 form vmentry <vmtarget> ; # java/lang/invoke/LambdaForm$DMH+0x00000219012c9c00
instanceKlass  @bci org/apache/kafka/storage/internals/log/LogSegments baseOffsets ()Ljava/util/Collection; 9 <appendix> argL0 ; # org/apache/kafka/storage/internals/log/LogSegments$$Lambda+0x00000219012cc670
instanceKlass java/util/concurrent/ConcurrentSkipListMap$CSLMSpliterator
instanceKlass sun/nio/fs/WindowsFileCopy
instanceKlass java/io/FileOutputStream$1
instanceKlass org/apache/kafka/server/common/CheckpointFile$CheckpointWriteBuffer
instanceKlass  @bci org/apache/kafka/storage/internals/epoch/LeaderEpochFileCache truncateFromStart (J)V 12 <appendix> member <vmtarget> ; # org/apache/kafka/storage/internals/epoch/LeaderEpochFileCache$$Lambda+0x00000219012cc228
instanceKlass  @cpi org/apache/kafka/storage/internals/epoch/LeaderEpochFileCache 404 form vmentry <vmtarget> ; # java/lang/invoke/LambdaForm$DMH+0x00000219012c9800
instanceKlass  @bci kafka/log/LogLoader load ()Lorg/apache/kafka/storage/internals/log/LoadedLogOffsets; 643 <appendix> member <vmtarget> ; # kafka/log/LogLoader$$Lambda+0x00000219012cc000
instanceKlass  @bci org/apache/kafka/storage/internals/log/LogSegments firstSegment ()Ljava/util/Optional; 4 <appendix> argL0 ; # org/apache/kafka/storage/internals/log/LogSegments$$Lambda+0x00000219012c7d68
instanceKlass  @bci kafka/network/RequestChannel$Request updateRequestMetrics (JLkafka/network/RequestChannel$Response;)V 390 <appendix> form vmentry <vmtarget> ; # java/lang/invoke/LambdaForm$DMH+0x00000219012c9400
instanceKlass  @bci kafka/log/LogLoader load ()Lorg/apache/kafka/storage/internals/log/LoadedLogOffsets; 588 <appendix> member <vmtarget> ; # kafka/log/LogLoader$$Lambda+0x00000219012c7b48
instanceKlass  @cpi kafka/log/LogLoader 413 form vmentry <vmtarget> ; # java/lang/invoke/LambdaForm$DMH+0x00000219012c9000
instanceKlass  @bci org/apache/kafka/common/utils/ByteBufferUnmapper unmap (Ljava/lang/String;Ljava/nio/ByteBuffer;)V 31 <adapter> ; # java/lang/invoke/LambdaForm$MH+0x00000219012c8c00
# instanceKlass java/lang/invoke/LambdaForm$MH+0x00000219012c8800
instanceKlass sun/misc/Unsafe
instanceKlass org/apache/kafka/common/utils/ByteBufferUnmapper
instanceKlass  @bci org/apache/kafka/storage/internals/log/LogSegment readNextOffset ()J 37 <appendix> argL0 ; # org/apache/kafka/storage/internals/log/LogSegment$$Lambda+0x00000219012c7720
instanceKlass org/apache/kafka/storage/internals/log/FetchDataInfo
instanceKlass org/apache/kafka/storage/internals/log/LogOffsetMetadata
instanceKlass org/apache/kafka/common/record/FileRecords$LogOffsetPosition
instanceKlass org/apache/kafka/common/utils/CloseableIterator
instanceKlass org/apache/kafka/common/record/MutableRecordBatch
instanceKlass org/apache/kafka/common/utils/AbstractIterator$1
instanceKlass org/apache/kafka/common/record/AbstractRecordBatch
instanceKlass org/apache/kafka/common/record/RecordBatch
instanceKlass org/apache/kafka/common/record/FileLogInputStream
instanceKlass org/apache/kafka/storage/internals/log/AbstractIndex$1
instanceKlass  @bci kafka/cluster/Partition$$anon$2 onHighWatermarkUpdated (J)V 9 <adapter> ; # java/lang/invoke/LambdaForm$MH+0x00000219012c8400
instanceKlass  @bci kafka/cluster/Partition$$anon$2 onHighWatermarkUpdated (J)V 9 <appendix> form vmentry <vmtarget> ; # java/lang/invoke/LambdaForm$DMH+0x00000219012c8000
instanceKlass  @bci org/apache/kafka/storage/internals/log/OffsetIndex lookup (J)Lorg/apache/kafka/storage/internals/log/OffsetPosition; 7 <appendix> member <vmtarget> ; # org/apache/kafka/storage/internals/log/OffsetIndex$$Lambda+0x00000219012c41f0
instanceKlass org/apache/kafka/storage/internals/log/StorageAction
instanceKlass org/apache/kafka/storage/internals/log/OffsetPosition
instanceKlass java/io/RandomAccessFile$1
# instanceKlass java/lang/invoke/LambdaForm$MH+0x00000219012c3c00
# instanceKlass java/lang/invoke/LambdaForm$MH+0x00000219012c3800
# instanceKlass java/lang/invoke/LambdaForm$DMH+0x00000219012c3400
instanceKlass  @cpi kafka/network/ConnectionQuotas 1097 form vmentry <vmtarget> ; # java/lang/invoke/LambdaForm$DMH+0x00000219012c3000
instanceKlass java/lang/invoke/MethodHandleImpl$ArrayAccessor
instanceKlass java/lang/invoke/MethodHandleImpl$LoopClauses
instanceKlass java/lang/invoke/MethodHandleImpl$CasesHolder
# instanceKlass java/lang/invoke/LambdaForm$MH+0x00000219012c2c00
# instanceKlass java/lang/invoke/LambdaForm$MH+0x00000219012c2800
# instanceKlass java/lang/invoke/LambdaForm$MH+0x00000219012c2400
# instanceKlass java/lang/invoke/LambdaForm$MH+0x00000219012c2000
# instanceKlass java/lang/invoke/LambdaForm$MH+0x00000219012c1c00
# instanceKlass java/lang/invoke/LambdaForm$MH+0x00000219012c1800
# instanceKlass java/lang/invoke/LambdaForm$BMH+0x00000219012c1400
# instanceKlass java/lang/invoke/LambdaForm$DMH+0x00000219012c1000
# instanceKlass java/lang/invoke/LambdaForm$MH+0x00000219012c0c00
# instanceKlass java/lang/invoke/LambdaForm$DMH+0x00000219012c0800
# instanceKlass java/lang/invoke/LambdaForm$MH+0x00000219012c0400
# instanceKlass java/lang/invoke/LambdaForm$DMH+0x00000219012c0000
instanceKlass java/lang/invoke/ClassSpecializer$Factory$1Var
# instanceKlass java/lang/invoke/LambdaForm$DMH+0x00000219012b8c00
instanceKlass sun/invoke/util/ValueConversions$1
instanceKlass sun/invoke/util/ValueConversions$WrapperCache
# instanceKlass java/lang/invoke/LambdaForm$DMH+0x00000219012b8800
instanceKlass java/lang/foreign/MemorySegment
instanceKlass sun/nio/ch/Util$3
instanceKlass sun/nio/ch/FileChannelImpl$Unmapper
instanceKlass jdk/internal/access/foreign/UnmapperProxy
instanceKlass  @bci jdk/internal/misc/ExtendedMapMode <clinit> ()V 0 <appendix> argL0 ; # jdk/internal/misc/ExtendedMapMode$$Lambda+0x0000021901269750
instanceKlass jdk/internal/misc/ExtendedMapMode
instanceKlass java/nio/channels/FileChannel$MapMode
instanceKlass org/apache/kafka/storage/internals/log/LazyIndex$1
instanceKlass org/apache/kafka/storage/internals/log/LazyIndex$IndexValue
instanceKlass  @bci org/apache/kafka/storage/internals/log/LogSegments lastSegment ()Ljava/util/Optional; 4 <appendix> argL0 ; # org/apache/kafka/storage/internals/log/LogSegments$$Lambda+0x00000219012b9630
instanceKlass  @bci org/apache/kafka/storage/internals/log/TransactionIndex sanityCheck ()V 8 <appendix> member <vmtarget> ; # org/apache/kafka/storage/internals/log/TransactionIndex$$Lambda+0x00000219012b9418
instanceKlass org/apache/kafka/storage/internals/log/TimestampOffset
instanceKlass org/apache/kafka/storage/internals/log/IndexEntry
instanceKlass java/util/OptionalLong
instanceKlass org/apache/kafka/storage/internals/log/TransactionIndex
instanceKlass org/apache/kafka/storage/internals/log/LazyIndex$IndexFile
instanceKlass org/apache/kafka/storage/internals/log/AbstractIndex
instanceKlass org/apache/kafka/storage/internals/log/LazyIndex$IndexWrapper
instanceKlass org/apache/kafka/storage/internals/log/LazyIndex
instanceKlass  @bci kafka/controller/AbstractControllerBrokerRequestBatch $anonfun$sendLeaderAndIsrRequest$1 (Lkafka/controller/AbstractControllerBrokerRequestBatch;Lkafka/controller/StateChangeLogger;SIILscala/collection/mutable/Map;)V 285 <appendix> form vmentry <vmtarget> ; # java/lang/invoke/LambdaForm$DMH+0x00000219012b8400
instanceKlass  @bci org/apache/kafka/common/record/FileRecords batchesFrom (I)Ljava/lang/Iterable; 2 <appendix> member <vmtarget> ; # org/apache/kafka/common/record/FileRecords$$Lambda+0x00000219012ba4a8
instanceKlass  @bci org/apache/kafka/common/record/AbstractRecords <init> ()V 6 <appendix> member <vmtarget> ; # org/apache/kafka/common/record/AbstractRecords$$Lambda+0x00000219012ba270
instanceKlass org/apache/kafka/common/utils/AbstractIterator
instanceKlass org/apache/kafka/common/record/LogInputStream
instanceKlass org/apache/kafka/common/record/RecordsSend
instanceKlass org/apache/kafka/common/network/Send
instanceKlass org/apache/kafka/common/record/AbstractRecords
instanceKlass com/yammer/metrics/reporting/JmxReporter$TimerMBean
instanceKlass com/yammer/metrics/core/Timer
instanceKlass org/apache/kafka/common/utils/BufferSupplier
instanceKlass org/apache/kafka/storage/internals/log/LogSegment
instanceKlass  @bci kafka/log/LogLoader loadSegmentFiles ()V 48 <appendix> member <vmtarget> ; # kafka/log/LogLoader$$Lambda+0x00000219012bd288
instanceKlass  @bci kafka/log/LogLoader loadSegmentFiles ()V 39 <appendix> argL0 ; # kafka/log/LogLoader$$Lambda+0x00000219012bced0
instanceKlass scala/math/Ordering$$anon$1
instanceKlass  @bci kafka/log/LogLoader loadSegmentFiles ()V 22 <appendix> argL0 ; # kafka/log/LogLoader$$Lambda+0x00000219012bc778
instanceKlass  @bci kafka/log/LogLoader load ()Lorg/apache/kafka/storage/internals/log/LoadedLogOffsets; 106 <appendix> member <vmtarget> ; # kafka/log/LogLoader$$Lambda+0x00000219012bc3b8
instanceKlass  @bci kafka/log/LogLoader load ()Lorg/apache/kafka/storage/internals/log/LoadedLogOffsets; 97 <appendix> argL0 ; # kafka/log/LogLoader$$Lambda+0x00000219012bc000
instanceKlass  @bci kafka/log/LogLoader load ()Lorg/apache/kafka/storage/internals/log/LoadedLogOffsets; 73 <appendix> member <vmtarget> ; # kafka/log/LogLoader$$Lambda+0x00000219012b7be8
instanceKlass  @bci kafka/log/LogLoader load ()Lorg/apache/kafka/storage/internals/log/LoadedLogOffsets; 62 <appendix> argL0 ; # kafka/log/LogLoader$$Lambda+0x00000219012b7830
instanceKlass  @bci kafka/log/LogLoader load ()Lorg/apache/kafka/storage/internals/log/LoadedLogOffsets; 36 <appendix> member <vmtarget> ; # kafka/log/LogLoader$$Lambda+0x00000219012b7470
instanceKlass  @bci kafka/log/LogLoader load ()Lorg/apache/kafka/storage/internals/log/LoadedLogOffsets; 20 <appendix> argL0 ; # kafka/log/LogLoader$$Lambda+0x00000219012b70b8
instanceKlass  @bci kafka/log/LogLoader removeTempFilesAndCollectSwapFiles ()Lscala/collection/Set; 136 <appendix> member <vmtarget> ; # kafka/log/LogLoader$$Lambda+0x00000219012b6cf8
instanceKlass  @bci kafka/log/LogLoader removeTempFilesAndCollectSwapFiles ()Lscala/collection/Set; 124 <appendix> member <vmtarget> ; # kafka/log/LogLoader$$Lambda+0x00000219012b6938
instanceKlass  @bci kafka/log/LogLoader removeTempFilesAndCollectSwapFiles ()Lscala/collection/Set; 71 <appendix> member <vmtarget> ; # kafka/log/LogLoader$$Lambda+0x00000219012b6578
instanceKlass  @bci kafka/server/KafkaApis handleFetchRequest (Lkafka/network/RequestChannel$Request;)V 312 <appendix> form vmentry <vmtarget> ; # java/lang/invoke/LambdaForm$DMH+0x00000219012b8000
instanceKlass  @bci kafka/log/LogLoader removeTempFilesAndCollectSwapFiles ()Lscala/collection/Set; 61 <appendix> member <vmtarget> ; # kafka/log/LogLoader$$Lambda+0x00000219012b61b8
instanceKlass scala/collection/ArrayOps$WithFilter
instanceKlass  @bci kafka/log/LogLoader removeTempFilesAndCollectSwapFiles ()Lscala/collection/Set; 49 <appendix> argL0 ; # kafka/log/LogLoader$$Lambda+0x00000219012b5bd8
instanceKlass scala/runtime/LongRef
instanceKlass scala/compat/java8/OptionConverters$SpecializerOfOptions
instanceKlass scala/compat/java8/OptionConverters$
instanceKlass scala/compat/java8/OptionConverters$RichOptionForJava8$
instanceKlass kafka/log/LogLoader
instanceKlass org/apache/kafka/storage/internals/log/LogFileUtils
instanceKlass  @bci org/apache/kafka/storage/internals/log/ProducerStateManager listSnapshotFiles (Ljava/io/File;)Ljava/util/List; 35 <appendix> argL0 ; # org/apache/kafka/storage/internals/log/ProducerStateManager$$Lambda+0x00000219012b3f68
instanceKlass org/apache/kafka/storage/internals/log/SnapshotFile
instanceKlass  @bci org/apache/kafka/storage/internals/log/ProducerStateManager listSnapshotFiles (Ljava/io/File;)Ljava/util/List; 25 <appendix> argL0 ; # org/apache/kafka/storage/internals/log/ProducerStateManager$$Lambda+0x00000219012b3b08
instanceKlass  @bci java/nio/file/Files asUncheckedRunnable (Ljava/io/Closeable;)Ljava/lang/Runnable; 1 <appendix> member <vmtarget> ; # java/nio/file/Files$$Lambda+0x0000021901268748
instanceKlass java/nio/file/Files$2
instanceKlass org/apache/kafka/common/protocol/types/BoundField
instanceKlass org/apache/kafka/common/protocol/types/Field
instanceKlass org/apache/kafka/common/protocol/types/Type
instanceKlass org/apache/kafka/storage/internals/log/ProducerStateManager
instanceKlass java/util/TreeMap$NavigableSubMap$SubMapIterator
instanceKlass java/util/Collections$ReverseComparator
instanceKlass  @bci org/apache/kafka/storage/internals/epoch/LeaderEpochFileCache maybeTruncateNonMonotonicEntries (Lorg/apache/kafka/storage/internals/log/EpochEntry;)V 2 <appendix> member <vmtarget> ; # org/apache/kafka/storage/internals/epoch/LeaderEpochFileCache$$Lambda+0x00000219012ab708
instanceKlass  @bci org/apache/kafka/storage/internals/epoch/LeaderEpochFileCache isUpdateNeeded (Lorg/apache/kafka/storage/internals/log/EpochEntry;)Z 5 <appendix> member <vmtarget> ; # org/apache/kafka/storage/internals/epoch/LeaderEpochFileCache$$Lambda+0x00000219012ab4d0
instanceKlass  @bci org/apache/kafka/storage/internals/epoch/LeaderEpochFileCache latestEntry ()Ljava/util/Optional; 20 <appendix> argL0 ; # org/apache/kafka/storage/internals/epoch/LeaderEpochFileCache$$Lambda+0x00000219012ab2a0
instanceKlass  @bci org/apache/kafka/storage/internals/epoch/LeaderEpochFileCache <init> (Lorg/apache/kafka/common/TopicPartition;Lorg/apache/kafka/storage/internals/checkpoint/LeaderEpochCheckpoint;)V 85 <appendix> member <vmtarget> ; # org/apache/kafka/storage/internals/epoch/LeaderEpochFileCache$$Lambda+0x00000219012ab078
instanceKlass org/apache/kafka/storage/internals/log/EpochEntry
instanceKlass org/apache/kafka/storage/internals/epoch/LeaderEpochFileCache
instanceKlass  @bci kafka/log/LogManager $anonfun$loadLogs$20 (Lscala/collection/Seq;)V 1 <appendix> argL0 ; # kafka/log/LogManager$$Lambda+0x00000219012aa828
instanceKlass  @bci kafka/log/LogManager loadLogs (Lorg/apache/kafka/storage/internals/log/LogConfig;Lscala/collection/Map;)V 123 <appendix> argL0 ; # kafka/log/LogManager$$Lambda+0x00000219012aa470
instanceKlass org/apache/kafka/storage/internals/checkpoint/LeaderEpochCheckpointFile$Formatter
instanceKlass org/apache/kafka/storage/internals/checkpoint/LeaderEpochCheckpointFile
instanceKlass org/apache/kafka/storage/internals/log/LogSegments
instanceKlass  @bci kafka/log/LogManager $anonfun$addLogRecoveryMetrics$2 (Lkafka/log/LogManager;Ljava/util/concurrent/ConcurrentMap;Ljava/util/concurrent/ConcurrentMap;Ljava/io/File;)V 91 <appendix> member <vmtarget> ; # kafka/log/LogManager$$Lambda+0x00000219012aeeb0
instanceKlass org/apache/kafka/storage/internals/log/LogOffsetsListener$1
instanceKlass org/apache/kafka/storage/internals/log/LogOffsetsListener
instanceKlass  @bci kafka/log/LogManager loadLog (Ljava/io/File;ZLscala/collection/Map;Lscala/collection/Map;Lorg/apache/kafka/storage/internals/log/LogConfig;Lscala/collection/Map;Ljava/util/concurrent/ConcurrentMap;)Lkafka/log/UnifiedLog; 59 <appendix> argL0 ; # kafka/log/LogManager$$Lambda+0x00000219012ae7e0
instanceKlass scala/math/Ordering$CachedReverse
instanceKlass  @bci kafka/log/LogManager loadLog (Ljava/io/File;ZLscala/collection/Map;Lscala/collection/Map;Lorg/apache/kafka/storage/internals/log/LogConfig;Lscala/collection/Map;Ljava/util/concurrent/ConcurrentMap;)Lkafka/log/UnifiedLog; 40 <appendix> argL0 ; # kafka/log/LogManager$$Lambda+0x00000219012ae328
instanceKlass  @cpi kafka/network/RequestChannel$Request 523 form vmentry <vmtarget> ; # java/lang/invoke/LambdaForm$DMH+0x00000219012a9400
instanceKlass scala/runtime/java8/JFunction0$mcJ$sp
instanceKlass  @bci kafka/log/LogManager loadLog (Ljava/io/File;ZLscala/collection/Map;Lscala/collection/Map;Lorg/apache/kafka/storage/internals/log/LogConfig;Lscala/collection/Map;Ljava/util/concurrent/ConcurrentMap;)Lkafka/log/UnifiedLog; 22 <appendix> member <vmtarget> ; # kafka/log/LogManager$$Lambda+0x00000219012ac670
instanceKlass  @bci kafka/log/LogManager $anonfun$loadLogs$15 (Lkafka/log/LogManager;Ljava/io/File;Lscala/runtime/BooleanRef;Lscala/runtime/ObjectRef;Lscala/runtime/ObjectRef;Lorg/apache/kafka/storage/internals/log/LogConfig;Lscala/collection/Map;Ljava/util/concurrent/ConcurrentMap;Ljava/lang/String;Ljava/util/concurrent/ConcurrentMap;[Ljava/io/File;Lscala/collection/mutable/Set;)V 2 <appendix> member <vmtarget> ; # kafka/log/LogManager$$Lambda+0x00000219012ac3c0
instanceKlass  @bci kafka/log/LogManager addLogRecoveryMetrics (Ljava/util/concurrent/ConcurrentMap;Ljava/util/concurrent/ConcurrentMap;)V 16 <appendix> member <vmtarget> ; # kafka/log/LogManager$$Lambda+0x00000219012ac000
instanceKlass  @bci kafka/log/LogManager addLogRecoveryMetrics (Ljava/util/concurrent/ConcurrentMap;Ljava/util/concurrent/ConcurrentMap;)V 1 <appendix> argL0 ; # kafka/log/LogManager$$Lambda+0x00000219012a5c48
instanceKlass  @bci kafka/log/LogManager $anonfun$loadLogs$4 (Lkafka/log/LogManager;Lscala/collection/mutable/ArrayBuffer;Lscala/runtime/IntRef;Ljava/util/concurrent/ConcurrentMap;Lscala/collection/mutable/Buffer;Lorg/apache/kafka/storage/internals/log/LogConfig;Lscala/collection/Map;Ljava/util/concurrent/ConcurrentMap;Lscala/collection/mutable/ArrayBuffer;Lscala/collection/mutable/Set;Ljava/io/File;)Ljava/lang/Object; 461 <appendix> member <vmtarget> ; # kafka/log/LogManager$$Lambda+0x00000219012a5888
instanceKlass  @bci kafka/log/LogManager $anonfun$loadLogs$14 (Lkafka/log/LogManager;Lscala/runtime/BooleanRef;Lscala/runtime/ObjectRef;Lscala/runtime/ObjectRef;Lorg/apache/kafka/storage/internals/log/LogConfig;Lscala/collection/Map;Ljava/util/concurrent/ConcurrentMap;Ljava/lang/String;Ljava/util/concurrent/ConcurrentMap;[Ljava/io/File;Lscala/collection/mutable/Set;Ljava/io/File;)Ljava/lang/Runnable; 20 <adapter> ; # java/lang/invoke/LambdaForm$MH+0x00000219012a9000
# instanceKlass java/lang/invoke/LambdaForm$DMH+0x00000219012a8c00
instanceKlass  @bci kafka/log/LogManager $anonfun$loadLogs$14 (Lkafka/log/LogManager;Lscala/runtime/BooleanRef;Lscala/runtime/ObjectRef;Lscala/runtime/ObjectRef;Lorg/apache/kafka/storage/internals/log/LogConfig;Lscala/collection/Map;Ljava/util/concurrent/ConcurrentMap;Ljava/lang/String;Ljava/util/concurrent/ConcurrentMap;[Ljava/io/File;Lscala/collection/mutable/Set;Ljava/io/File;)Ljava/lang/Runnable; 20 <appendix> form vmentry <vmtarget> ; # java/lang/invoke/LambdaForm$DMH+0x00000219012a8800
instanceKlass  @bci kafka/log/LogManager $anonfun$loadLogs$14 (Lkafka/log/LogManager;Lscala/runtime/BooleanRef;Lscala/runtime/ObjectRef;Lscala/runtime/ObjectRef;Lorg/apache/kafka/storage/internals/log/LogConfig;Lscala/collection/Map;Ljava/util/concurrent/ConcurrentMap;Ljava/lang/String;Ljava/util/concurrent/ConcurrentMap;[Ljava/io/File;Lscala/collection/mutable/Set;Ljava/io/File;)Ljava/lang/Runnable; 20 <appendix> member <vmtarget> ; # kafka/log/LogManager$$Lambda+0x00000219012a5670
instanceKlass  @cpi kafka/log/LogManager 2823 form vmentry <vmtarget> ; # java/lang/invoke/LambdaForm$DMH+0x00000219012a8400
instanceKlass  @bci kafka/log/LogManager $anonfun$loadLogs$4 (Lkafka/log/LogManager;Lscala/collection/mutable/ArrayBuffer;Lscala/runtime/IntRef;Ljava/util/concurrent/ConcurrentMap;Lscala/collection/mutable/Buffer;Lorg/apache/kafka/storage/internals/log/LogConfig;Lscala/collection/Map;Ljava/util/concurrent/ConcurrentMap;Lscala/collection/mutable/ArrayBuffer;Lscala/collection/mutable/Set;Ljava/io/File;)Ljava/lang/Object; 421 <adapter> ; # java/lang/invoke/LambdaForm$MH+0x00000219012a8000
# instanceKlass java/lang/invoke/LambdaForm$DMH+0x00000219012a4c00
instanceKlass  @bci kafka/log/LogManager $anonfun$loadLogs$4 (Lkafka/log/LogManager;Lscala/collection/mutable/ArrayBuffer;Lscala/runtime/IntRef;Ljava/util/concurrent/ConcurrentMap;Lscala/collection/mutable/Buffer;Lorg/apache/kafka/storage/internals/log/LogConfig;Lscala/collection/Map;Ljava/util/concurrent/ConcurrentMap;Lscala/collection/mutable/ArrayBuffer;Lscala/collection/mutable/Set;Ljava/io/File;)Ljava/lang/Object; 421 <appendix> form vmentry <vmtarget> ; # java/lang/invoke/LambdaForm$DMH+0x00000219012a4800
instanceKlass  @bci kafka/log/LogManager $anonfun$loadLogs$4 (Lkafka/log/LogManager;Lscala/collection/mutable/ArrayBuffer;Lscala/runtime/IntRef;Ljava/util/concurrent/ConcurrentMap;Lscala/collection/mutable/Buffer;Lorg/apache/kafka/storage/internals/log/LogConfig;Lscala/collection/Map;Ljava/util/concurrent/ConcurrentMap;Lscala/collection/mutable/ArrayBuffer;Lscala/collection/mutable/Set;Ljava/io/File;)Ljava/lang/Object; 421 <appendix> member <vmtarget> ; # kafka/log/LogManager$$Lambda+0x00000219012a52b0
instanceKlass  @cpi kafka/log/LogManager 2950 form vmentry <vmtarget> ; # java/lang/invoke/LambdaForm$DMH+0x00000219012a4400
instanceKlass  @bci kafka/log/LogManager $anonfun$loadLogs$4 (Lkafka/log/LogManager;Lscala/collection/mutable/ArrayBuffer;Lscala/runtime/IntRef;Ljava/util/concurrent/ConcurrentMap;Lscala/collection/mutable/Buffer;Lorg/apache/kafka/storage/internals/log/LogConfig;Lscala/collection/Map;Ljava/util/concurrent/ConcurrentMap;Lscala/collection/mutable/ArrayBuffer;Lscala/collection/mutable/Set;Ljava/io/File;)Ljava/lang/Object; 356 <appendix> member <vmtarget> ; # kafka/log/LogManager$$Lambda+0x00000219012a5000
instanceKlass org/apache/kafka/metadata/KafkaConfigSchema
instanceKlass org/apache/kafka/common/internals/Topic
instanceKlass kafka/server/KafkaRaftServer$
instanceKlass org/apache/kafka/common/record/Records
instanceKlass org/apache/kafka/common/record/TransferableRecords
instanceKlass org/apache/kafka/common/record/BaseRecords
instanceKlass kafka/log/LocalLog$
instanceKlass org/apache/kafka/storage/internals/checkpoint/LeaderEpochCheckpoint
instanceKlass org/apache/kafka/storage/internals/log/LogValidator$MetricsRecorder
instanceKlass kafka/log/UnifiedLog$
instanceKlass  @bci kafka/log/LogManager $anonfun$loadLogs$4 (Lkafka/log/LogManager;Lscala/collection/mutable/ArrayBuffer;Lscala/runtime/IntRef;Ljava/util/concurrent/ConcurrentMap;Lscala/collection/mutable/Buffer;Lorg/apache/kafka/storage/internals/log/LogConfig;Lscala/collection/Map;Ljava/util/concurrent/ConcurrentMap;Lscala/collection/mutable/ArrayBuffer;Lscala/collection/mutable/Set;Ljava/io/File;)Ljava/lang/Object; 245 <appendix> argL0 ; # kafka/log/LogManager$$Lambda+0x00000219012a3b98
instanceKlass  @bci kafka/log/LogManager $anonfun$loadLogs$4 (Lkafka/log/LogManager;Lscala/collection/mutable/ArrayBuffer;Lscala/runtime/IntRef;Ljava/util/concurrent/ConcurrentMap;Lscala/collection/mutable/Buffer;Lorg/apache/kafka/storage/internals/log/LogConfig;Lscala/collection/Map;Ljava/util/concurrent/ConcurrentMap;Lscala/collection/mutable/ArrayBuffer;Lscala/collection/mutable/Set;Ljava/io/File;)Ljava/lang/Object; 231 <appendix> argL0 ; # kafka/log/LogManager$$Lambda+0x00000219012a38f0
instanceKlass  @bci kafka/server/checkpoints/OffsetCheckpointFile read ()Lscala/collection/Map; 32 <appendix> member <vmtarget> ; # kafka/server/checkpoints/OffsetCheckpointFile$$Lambda+0x00000219012a36c8
instanceKlass org/apache/kafka/common/TopicPartition
instanceKlass scala/Array$UnapplySeqWrapper
instanceKlass scala/Array$UnapplySeqWrapper$
instanceKlass org/apache/kafka/server/common/CheckpointFile$CheckpointReadBuffer
instanceKlass org/apache/kafka/storage/internals/checkpoint/CleanShutdownFileHandler
instanceKlass kafka/log/LogManager$LogRecoveryThreadFactory
instanceKlass scala/runtime/BooleanRef
instanceKlass  @bci kafka/log/LogManager loadLogs (Lorg/apache/kafka/storage/internals/log/LogConfig;Lscala/collection/Map;)V 103 <appendix> form vmentry <vmtarget> ; # java/lang/invoke/LambdaForm$DMH+0x00000219012a4000
instanceKlass  @bci kafka/log/LogManager loadLogs (Lorg/apache/kafka/storage/internals/log/LogConfig;Lscala/collection/Map;)V 103 <appendix> member <vmtarget> ; # kafka/log/LogManager$$Lambda+0x00000219012a24b0
instanceKlass scala/runtime/IntRef
instanceKlass  @bci kafka/log/LogManager loadLogs (Lorg/apache/kafka/storage/internals/log/LogConfig;Lscala/collection/Map;)V 2 <appendix> member <vmtarget> ; # kafka/log/LogManager$$Lambda+0x00000219012a2008
instanceKlass scala/runtime/ObjectRef
instanceKlass  @bci kafka/zk/ConfigEntityZNode$ $anonfun$decode$22 (Ljava/util/Properties;Lkafka/utils/json/JsonObject;)V 5 <appendix> member <vmtarget> ; # kafka/zk/ConfigEntityZNode$$$Lambda+0x00000219012a1a48
instanceKlass  @bci kafka/utils/json/JsonObject iterator ()Lscala/collection/Iterator; 16 <appendix> argL0 ; # kafka/utils/json/JsonObject$$Lambda+0x00000219012a1690
instanceKlass  @bci kafka/zk/ConfigEntityZNode$ $anonfun$decode$19 (Ljava/util/Properties;Lkafka/utils/json/JsonValue;)V 15 <appendix> member <vmtarget> ; # kafka/zk/ConfigEntityZNode$$$Lambda+0x00000219012a12d0
instanceKlass  @bci kafka/zk/ConfigEntityZNode$ $anonfun$decode$20 (Lkafka/utils/json/JsonObject;)Lscala/Option; 6 <appendix> argL0 ; # kafka/zk/ConfigEntityZNode$$$Lambda+0x00000219012a0f18
instanceKlass  @bci kafka/zk/ConfigEntityZNode$ $anonfun$decode$19 (Ljava/util/Properties;Lkafka/utils/json/JsonValue;)V 6 <appendix> argL0 ; # kafka/zk/ConfigEntityZNode$$$Lambda+0x00000219012a0b60
instanceKlass  @bci kafka/zk/ConfigEntityZNode$ decode ([B)Ljava/util/Properties; 21 <appendix> member <vmtarget> ; # kafka/zk/ConfigEntityZNode$$$Lambda+0x00000219012a07a0
instanceKlass com/fasterxml/jackson/core/io/NumberInput
instanceKlass jdk/internal/foreign/MemorySessionImpl
instanceKlass java/lang/foreign/MemorySegment$Scope
instanceKlass  @bci org/apache/kafka/common/config/ConfigResource$Type <clinit> ()V 115 <appendix> argL0 ; # org/apache/kafka/common/config/ConfigResource$Type$$Lambda+0x0000021901299420
instanceKlass org/apache/kafka/common/config/ConfigResource
instanceKlass  @bci kafka/log/LogManager fetchTopicConfigOverrides (Lorg/apache/kafka/storage/internals/log/LogConfig;Lscala/collection/Set;)Lscala/collection/Map; 24 <appendix> member <vmtarget> ; # kafka/log/LogManager$$Lambda+0x000002190129b890
instanceKlass  @bci kafka/zookeeper/ZooKeeperClient$$anon$4 processResult (ILjava/lang/String;Ljava/lang/Object;Ljava/util/List;Lorg/apache/zookeeper/data/Stat;)V 32 <appendix> argL0 ; # kafka/zookeeper/ZooKeeperClient$$anon$4$$Lambda+0x000002190129b5e8
instanceKlass  @bci kafka/zookeeper/ZooKeeperClient$$anon$4 processResult (ILjava/lang/String;Ljava/lang/Object;Ljava/util/List;Lorg/apache/zookeeper/data/Stat;)V 24 <appendix> argL0 ; # kafka/zookeeper/ZooKeeperClient$$anon$4$$Lambda+0x000002190129b230
instanceKlass org/apache/jute/BinaryInputArchive$BinaryIndex
instanceKlass org/apache/zookeeper/proto/GetChildren2Request
instanceKlass kafka/zookeeper/ZooKeeperClient$$anon$4
instanceKlass scala/runtime/AbstractFunction3
instanceKlass scala/Function3
instanceKlass  @bci java/util/regex/CharPredicates ASCII_WORD ()Ljava/util/regex/Pattern$BmpCharPredicate; 0 <appendix> argL0 ; # java/util/regex/CharPredicates$$Lambda+0x00000219012656b8
instanceKlass org/apache/kafka/common/utils/Sanitizer
instanceKlass  @bci org/apache/kafka/server/metrics/KafkaMetricsGroup toMBeanName (Ljava/util/Map;)Ljava/util/Optional; 48 <appendix> argL0 ; # org/apache/kafka/server/metrics/KafkaMetricsGroup$$Lambda+0x000002190129fda0
instanceKlass  @bci org/apache/kafka/server/metrics/KafkaMetricsGroup toScope (Ljava/util/Map;)Ljava/util/Optional; 56 <appendix> argL0 ; # org/apache/kafka/server/metrics/KafkaMetricsGroup$$Lambda+0x000002190129fb70
instanceKlass java/util/stream/SortedOps
instanceKlass  @bci java/util/Map$Entry comparingByKey ()Ljava/util/Comparator; 0 <appendix> argL0 ; # java/util/Map$Entry$$Lambda+0x00000219012647e8
instanceKlass  @bci kafka/log/LogManager <init> (Lscala/collection/Seq;Lscala/collection/Seq;Lkafka/server/metadata/ConfigRepository;Lorg/apache/kafka/storage/internals/log/LogConfig;Lorg/apache/kafka/storage/internals/log/CleanerConfig;IJJJJILorg/apache/kafka/storage/internals/log/ProducerStateManagerConfig;ILorg/apache/kafka/server/common/MetadataVersion;Lorg/apache/kafka/server/util/Scheduler;Lkafka/server/BrokerTopicStats;Lorg/apache/kafka/storage/internals/log/LogDirFailureChannel;Lorg/apache/kafka/common/utils/Time;ZZ)V 398 <appendix> member <vmtarget> ; # kafka/log/LogManager$$Lambda+0x000002190129f7b0
instanceKlass  @bci kafka/log/LogManager <init> (Lscala/collection/Seq;Lscala/collection/Seq;Lkafka/server/metadata/ConfigRepository;Lorg/apache/kafka/storage/internals/log/LogConfig;Lorg/apache/kafka/storage/internals/log/CleanerConfig;IJJJJILorg/apache/kafka/storage/internals/log/ProducerStateManagerConfig;ILorg/apache/kafka/server/common/MetadataVersion;Lorg/apache/kafka/server/util/Scheduler;Lkafka/server/BrokerTopicStats;Lorg/apache/kafka/storage/internals/log/LogDirFailureChannel;Lorg/apache/kafka/common/utils/Time;ZZ)V 317 <appendix> member <vmtarget> ; # kafka/log/LogManager$$Lambda+0x000002190129f3f0
instanceKlass org/apache/kafka/server/common/CheckpointFile
instanceKlass kafka/server/checkpoints/OffsetCheckpointFile$Formatter$
instanceKlass kafka/server/checkpoints/OffsetCheckpointFile$
instanceKlass org/apache/kafka/storage/internals/checkpoint/CheckpointFileWithFailureHandler
instanceKlass org/apache/kafka/server/common/CheckpointFile$EntryFormatter
instanceKlass kafka/server/checkpoints/OffsetCheckpointFile
instanceKlass  @bci kafka/log/LogManager <init> (Lscala/collection/Seq;Lscala/collection/Seq;Lkafka/server/metadata/ConfigRepository;Lorg/apache/kafka/storage/internals/log/LogConfig;Lorg/apache/kafka/storage/internals/log/CleanerConfig;IJJJJILorg/apache/kafka/storage/internals/log/ProducerStateManagerConfig;ILorg/apache/kafka/server/common/MetadataVersion;Lorg/apache/kafka/server/util/Scheduler;Lkafka/server/BrokerTopicStats;Lorg/apache/kafka/storage/internals/log/LogDirFailureChannel;Lorg/apache/kafka/common/utils/Time;ZZ)V 284 <appendix> member <vmtarget> ; # kafka/log/LogManager$$Lambda+0x000002190129e5c8
instanceKlass  @bci kafka/log/LogManager $anonfun$loadDirectoryIds$1 (Lkafka/log/LogManager;Lscala/collection/mutable/HashMap;Ljava/io/File;)V 34 <appendix> member <vmtarget> ; # kafka/log/LogManager$$Lambda+0x000002190129e3a0
instanceKlass org/apache/kafka/common/Uuid
instanceKlass  @bci kafka/log/LogManager loadDirectoryIds (Lscala/collection/Seq;)Lscala/collection/mutable/Map; 16 <appendix> member <vmtarget> ; # kafka/log/LogManager$$Lambda+0x000002190129ddb0
instanceKlass sun/nio/ch/FileKey
instanceKlass sun/nio/ch/FileLockTable
instanceKlass java/nio/channels/FileLock
instanceKlass  @bci kafka/utils/FileLock tryLock ()Z 2 <appendix> member <vmtarget> ; # kafka/utils/FileLock$$Lambda+0x000002190129db00
instanceKlass sun/nio/fs/WindowsChannelFactory$2
instanceKlass kafka/utils/FileLock
instanceKlass  @bci kafka/log/LogManager lockLogDirs (Lscala/collection/Seq;)Lscala/collection/Seq; 2 <appendix> member <vmtarget> ; # kafka/log/LogManager$$Lambda+0x000002190129d3d8
instanceKlass  @bci kafka/server/FetchManager newContext (SLorg/apache/kafka/common/requests/FetchMetadata;ZLjava/util/Map;Ljava/util/List;Ljava/util/Map;)Lkafka/server/FetchContext; 475 <appendix> form vmentry <vmtarget> ; # java/lang/invoke/LambdaForm$DMH+0x0000021901298800
instanceKlass  @bci kafka/log/LogManager createAndValidateLogDirs (Lscala/collection/Seq;Lscala/collection/Seq;)Ljava/util/concurrent/ConcurrentLinkedQueue; 23 <appendix> member <vmtarget> ; # kafka/log/LogManager$$Lambda+0x000002190129d018
instanceKlass kafka/log/LogManager
instanceKlass  @bci kafka/log/LogManager$ apply (Lkafka/server/KafkaConfig;Lscala/collection/Seq;Lkafka/server/metadata/ConfigRepository;Lorg/apache/kafka/server/util/Scheduler;Lorg/apache/kafka/common/utils/Time;Lkafka/server/BrokerTopicStats;Lorg/apache/kafka/storage/internals/log/LogDirFailureChannel;Z)Lkafka/log/LogManager; 61 <appendix> argL0 ; # kafka/log/LogManager$$$Lambda+0x00000219012972b0
instanceKlass  @bci kafka/log/LogManager$ apply (Lkafka/server/KafkaConfig;Lscala/collection/Seq;Lkafka/server/metadata/ConfigRepository;Lorg/apache/kafka/server/util/Scheduler;Lorg/apache/kafka/common/utils/Time;Lkafka/server/BrokerTopicStats;Lorg/apache/kafka/storage/internals/log/LogDirFailureChannel;Z)Lkafka/log/LogManager; 45 <appendix> argL0 ; # kafka/log/LogManager$$$Lambda+0x0000021901296ef8
instanceKlass org/apache/kafka/storage/internals/log/CleanerConfig
instanceKlass org/apache/kafka/storage/internals/log/LogConfig$RemoteLogConfig
instanceKlass  @bci org/apache/kafka/storage/internals/log/LogConfig <init> (Ljava/util/Map;Ljava/util/Set;)V 275 <appendix> argL0 ; # org/apache/kafka/storage/internals/log/LogConfig$$Lambda+0x00000219012968d0
instanceKlass  @bci org/apache/kafka/storage/internals/log/LogConfig <init> (Ljava/util/Map;Ljava/util/Set;)V 232 <appendix> argL0 ; # org/apache/kafka/storage/internals/log/LogConfig$$Lambda+0x00000219012966a0
instanceKlass  @bci kafka/server/KafkaConfig logFlushIntervalMs ()Ljava/lang/Long; 17 <appendix> member <vmtarget> ; # kafka/server/KafkaConfig$$Lambda+0x00000219012961b0
instanceKlass kafka/log/LogManager$
instanceKlass  @bci kafka/server/KafkaServer startup ()V 556 <appendix> member <vmtarget> ; # kafka/server/KafkaServer$$Lambda+0x0000021901295da0
instanceKlass  @bci kafka/server/KafkaServer startup ()V 544 <appendix> member <vmtarget> ; # kafka/server/KafkaServer$$Lambda+0x0000021901295b88
instanceKlass  @cpi kafka/server/KafkaServer 1039 form vmentry <vmtarget> ; # java/lang/invoke/LambdaForm$DMH+0x0000021901298400
instanceKlass  @bci kafka/server/KafkaServer startup ()V 521 <appendix> member <vmtarget> ; # kafka/server/KafkaServer$$Lambda+0x0000021901295960
instanceKlass org/apache/kafka/metadata/properties/MetaPropertiesEnsemble$1
instanceKlass  @bci org/apache/kafka/metadata/properties/MetaPropertiesEnsemble$Copier <init> (Lorg/apache/kafka/metadata/properties/MetaPropertiesEnsemble;)V 25 <appendix> argL0 ; # org/apache/kafka/metadata/properties/MetaPropertiesEnsemble$Copier$$Lambda+0x00000219012954f8
instanceKlass org/apache/kafka/metadata/properties/MetaPropertiesEnsemble$WriteErrorHandler
instanceKlass  @bci org/apache/kafka/metadata/properties/MetaPropertiesEnsemble$Copier <init> (Lorg/apache/kafka/metadata/properties/MetaPropertiesEnsemble;)V 16 <appendix> argL0 ; # org/apache/kafka/metadata/properties/MetaPropertiesEnsemble$Copier$$Lambda+0x00000219012950f8
instanceKlass  @cpi org/apache/kafka/metadata/properties/MetaPropertiesEnsemble$Copier 207 form vmentry <vmtarget> ; # java/lang/invoke/LambdaForm$DMH+0x0000021901298000
instanceKlass org/apache/kafka/metadata/properties/MetaPropertiesEnsemble$PreWriteHandler
instanceKlass org/apache/kafka/metadata/properties/MetaPropertiesEnsemble$Copier$1
instanceKlass org/apache/kafka/metadata/properties/MetaPropertiesEnsemble$Copier
instanceKlass org/apache/kafka/storage/internals/log/LogDirFailureChannel
instanceKlass org/apache/kafka/common/ClusterResource
instanceKlass org/apache/kafka/common/internals/ClusterResourceListeners
instanceKlass kafka/server/QuotaType$AlterLogDirsReplication$
instanceKlass kafka/server/QuotaType$FollowerReplication$
instanceKlass kafka/server/QuotaType$LeaderReplication$
instanceKlass kafka/server/ReplicationQuotaManagerConfig
instanceKlass kafka/server/ReplicationQuotaManager
instanceKlass kafka/server/ReplicaQuota
instanceKlass kafka/server/QuotaType$ControllerMutation$
instanceKlass kafka/server/ControllerMutationQuota
instanceKlass org/apache/kafka/common/metrics/stats/SampledStat
instanceKlass org/apache/kafka/common/metrics/stats/Rate
instanceKlass  @bci kafka/server/ClientRequestQuotaManager <init> (Lkafka/server/ClientQuotaManagerConfig;Lorg/apache/kafka/common/metrics/Metrics;Lorg/apache/kafka/common/utils/Time;Ljava/lang/String;Lscala/Option;)V 91 <appendix> member <vmtarget> ; # kafka/server/ClientRequestQuotaManager$$Lambda+0x0000021901292038
instanceKlass kafka/server/ClientRequestQuotaManager$
instanceKlass kafka/server/QuotaType$Request$
instanceKlass kafka/server/QuotaType$Produce$
instanceKlass org/apache/kafka/common/utils/LogContext$AbstractKafkaLogger
instanceKlass  @bci org/apache/kafka/common/metrics/Sensor add (Lorg/apache/kafka/common/MetricName;Lorg/apache/kafka/common/metrics/MeasurableStat;Lorg/apache/kafka/common/metrics/MetricConfig;)Z 160 <appendix> member <vmtarget> ; # org/apache/kafka/common/metrics/Sensor$$Lambda+0x000002190128c400
instanceKlass org/apache/kafka/common/metrics/Sensor$StatAndConfig
instanceKlass org/apache/kafka/common/metrics/stats/CumulativeSum
instanceKlass org/apache/kafka/common/metrics/Sensor
instanceKlass kafka/server/QuotaTypes$
instanceKlass kafka/server/QuotaType$
instanceKlass  @bci kafka/server/ClientQuotaManager <init> (Lkafka/server/ClientQuotaManagerConfig;Lorg/apache/kafka/common/metrics/Metrics;Lkafka/server/QuotaType;Lorg/apache/kafka/common/utils/Time;Ljava/lang/String;Lscala/Option;)V 72 <appendix> member <vmtarget> ; # kafka/server/ClientQuotaManager$$Lambda+0x000002190128d2b0
instanceKlass kafka/server/ClientQuotaManager$DefaultQuotaCallback
instanceKlass kafka/server/SensorAccess
instanceKlass kafka/server/QuotaType$Fetch$
instanceKlass kafka/server/ClientQuotaManagerConfig
instanceKlass kafka/server/ThrottleCallback
instanceKlass org/apache/kafka/server/quota/ClientQuotaEntity
instanceKlass kafka/server/ClientQuotaManager$BaseUserEntity
instanceKlass org/apache/kafka/server/quota/ClientQuotaEntity$ConfigEntity
instanceKlass org/apache/kafka/common/metrics/MeasurableStat
instanceKlass org/apache/kafka/common/metrics/Stat
instanceKlass kafka/server/ClientQuotaManager
instanceKlass kafka/server/QuotaFactory$QuotaManagers
instanceKlass org/apache/kafka/server/quota/ClientQuotaCallback
instanceKlass  @bci kafka/server/KafkaServer startup ()V 426 <appendix> argL0 ; # kafka/server/KafkaServer$$Lambda+0x000002190128bd38
instanceKlass kafka/server/QuotaType
instanceKlass kafka/server/QuotaFactory$
instanceKlass  @bci kafka/server/BrokerTopicMetrics <init> (Lscala/Option;Ljava/util/Optional;)V 872 <appendix> member <vmtarget> ; # kafka/server/BrokerTopicMetrics$$Lambda+0x000002190128b680
instanceKlass kafka/server/BrokerTopicMetrics$MeterWrapper
instanceKlass kafka/server/BrokerTopicStats$
instanceKlass kafka/utils/Pool$
instanceKlass kafka/utils/Pool
instanceKlass  @bci kafka/server/BrokerTopicStats <init> (Ljava/util/Optional;)V 15 <appendix> member <vmtarget> ; # kafka/server/BrokerTopicStats$$Lambda+0x000002190128a0e8
instanceKlass kafka/server/BrokerTopicMetrics
instanceKlass kafka/server/BrokerTopicStats
instanceKlass  @bci org/apache/kafka/server/metrics/KafkaYammerMetrics getMetricName (Ljava/lang/String;Ljava/lang/String;Ljava/lang/String;Ljava/util/LinkedHashMap;)Lcom/yammer/metrics/core/MetricName; 81 <appendix> member <vmtarget> ; # org/apache/kafka/server/metrics/KafkaYammerMetrics$$Lambda+0x00000219012896f0
instanceKlass org/apache/kafka/image/loader/metrics/MetadataLoaderMetrics
instanceKlass org/apache/kafka/common/metrics/KafkaMetric
instanceKlass org/apache/kafka/common/Metric
instanceKlass  @bci org/apache/kafka/common/metrics/Metrics <init> (Lorg/apache/kafka/common/metrics/MetricConfig;Ljava/util/List;Lorg/apache/kafka/common/utils/Time;ZLorg/apache/kafka/common/metrics/MetricsContext;)V 188 <appendix> member <vmtarget> ; # org/apache/kafka/common/metrics/Metrics$$Lambda+0x0000021901288820
instanceKlass  @cpi org/apache/kafka/common/network/Selector$SelectorMetrics 379 form vmentry <vmtarget> ; # java/lang/invoke/LambdaForm$DMH+0x000002190128c000
instanceKlass org/apache/kafka/common/metrics/Measurable
instanceKlass org/apache/kafka/common/MetricName
instanceKlass org/apache/kafka/common/metrics/Metrics$ExpireSensorTask
instanceKlass  @bci org/apache/kafka/common/metrics/Metrics <init> (Lorg/apache/kafka/common/metrics/MetricConfig;Ljava/util/List;Lorg/apache/kafka/common/utils/Time;ZLorg/apache/kafka/common/metrics/MetricsContext;)V 135 <appendix> argL0 ; # org/apache/kafka/common/metrics/Metrics$$Lambda+0x0000021901288000
instanceKlass org/apache/kafka/common/metrics/MetricValueProvider
instanceKlass org/apache/kafka/common/metrics/Metrics
instanceKlass org/apache/kafka/common/metrics/MetricConfig
instanceKlass  @bci org/apache/kafka/common/metrics/KafkaMetricsContext <init> (Ljava/lang/String;Ljava/util/Map;)V 30 <appendix> member <vmtarget> ; # org/apache/kafka/common/metrics/KafkaMetricsContext$$Lambda+0x00000219012818d8
instanceKlass org/apache/kafka/common/metrics/KafkaMetricsContext
instanceKlass  @bci org/apache/kafka/server/metrics/FilteringJmxReporter updatePredicate (Ljava/util/function/Predicate;)V 13 <appendix> member <vmtarget> ; # org/apache/kafka/server/metrics/FilteringJmxReporter$$Lambda+0x0000021901281490
instanceKlass  @bci org/apache/kafka/server/metrics/KafkaYammerMetrics reconfigure (Ljava/util/Map;)V 10 <appendix> member <vmtarget> ; # org/apache/kafka/server/metrics/KafkaYammerMetrics$$Lambda+0x0000021901281248
instanceKlass  @bci org/apache/kafka/common/metrics/JmxReporter compilePredicate (Ljava/util/Map;)Ljava/util/function/Predicate; 97 <appendix> member <vmtarget> ; # org/apache/kafka/common/metrics/JmxReporter$$Lambda+0x0000021901281000
instanceKlass  @cpi org/apache/kafka/common/network/ChannelBuilders 325 form vmentry <vmtarget> ; # java/lang/invoke/LambdaForm$DMH+0x0000021901280800
instanceKlass  @bci org/apache/kafka/common/utils/ConfigUtils lambda$translateDeprecatedConfigs$4 (Ljava/util/Map;Ljava/util/Map;Ljava/lang/String;Ljava/util/List;)V 12 <appendix> member <vmtarget> ; # org/apache/kafka/common/utils/ConfigUtils$$Lambda+0x0000021901283d48
instanceKlass  @bci org/apache/kafka/common/utils/ConfigUtils translateDeprecatedConfigs (Ljava/util/Map;Ljava/util/Map;)Ljava/util/Map; 104 <appendix> member <vmtarget> ; # org/apache/kafka/common/utils/ConfigUtils$$Lambda+0x0000021901283b20
instanceKlass  @bci org/apache/kafka/common/utils/ConfigUtils translateDeprecatedConfigs (Ljava/util/Map;Ljava/util/Map;)Ljava/util/Map; 84 <appendix> argL0 ; # org/apache/kafka/common/utils/ConfigUtils$$Lambda+0x00000219012838f0
instanceKlass  @bci org/apache/kafka/common/utils/ConfigUtils translateDeprecatedConfigs (Ljava/util/Map;Ljava/util/Map;)Ljava/util/Map; 79 <appendix> argL0 ; # org/apache/kafka/common/utils/ConfigUtils$$Lambda+0x00000219012836c0
instanceKlass  @bci org/apache/kafka/common/utils/ConfigUtils translateDeprecatedConfigs (Ljava/util/Map;Ljava/util/Map;)Ljava/util/Map; 69 <appendix> argL0 ; # org/apache/kafka/common/utils/ConfigUtils$$Lambda+0x0000021901283480
instanceKlass  @bci org/apache/kafka/common/utils/ConfigUtils translateDeprecatedConfigs (Ljava/util/Map;Ljava/util/Map;)Ljava/util/Map; 59 <appendix> member <vmtarget> ; # org/apache/kafka/common/utils/ConfigUtils$$Lambda+0x0000021901283238
instanceKlass  @bci java/util/stream/StreamSpliterators$WrappingSpliterator forEachRemaining (Ljava/util/function/Consumer;)V 33 <appendix> member <vmtarget> ; # java/util/stream/StreamSpliterators$WrappingSpliterator$$Lambda+0x0000021901262b58
instanceKlass java/util/stream/StreamSpliterators
instanceKlass  @cpi java/util/stream/StreamSpliterators$WrappingSpliterator 151 form vmentry <vmtarget> ; # java/lang/invoke/LambdaForm$DMH+0x0000021901280400
instanceKlass java/util/stream/Streams$2
instanceKlass java/util/stream/StreamSpliterators$AbstractWrappingSpliterator
instanceKlass  @bci java/util/stream/AbstractPipeline spliterator ()Ljava/util/Spliterator; 103 <appendix> member <vmtarget> ; # java/util/stream/AbstractPipeline$$Lambda+0x0000021901262018
instanceKlass java/util/stream/Streams$ConcatSpliterator
instanceKlass  @bci org/apache/kafka/common/utils/ConfigUtils translateDeprecatedConfigs (Ljava/util/Map;Ljava/util/Map;)Ljava/util/Map; 22 <appendix> argL0 ; # org/apache/kafka/common/utils/ConfigUtils$$Lambda+0x0000021901283008
instanceKlass java/util/stream/SliceOps
instanceKlass  @bci org/apache/kafka/common/utils/ConfigUtils translateDeprecatedConfigs (Ljava/util/Map;[[Ljava/lang/String;)Ljava/util/Map; 10 <appendix> argL0 ; # org/apache/kafka/common/utils/ConfigUtils$$Lambda+0x0000021901282dd8
instanceKlass  @bci org/apache/kafka/common/utils/ConfigUtils translateDeprecatedConfigs (Ljava/util/Map;[[Ljava/lang/String;)Ljava/util/Map; 5 <appendix> argL0 ; # org/apache/kafka/common/utils/ConfigUtils$$Lambda+0x0000021901282ba8
instanceKlass org/apache/kafka/common/utils/ConfigUtils
instanceKlass org/apache/kafka/common/metrics/JmxReporter
instanceKlass org/apache/kafka/common/metrics/MetricsReporter
instanceKlass  @bci kafka/server/DynamicBrokerConfig maybeReEncodePasswords (Ljava/util/Properties;Lkafka/zk/AdminZkClient;)Ljava/util/Properties; 23 <appendix> argL0 ; # kafka/server/DynamicBrokerConfig$$Lambda+0x00000219012875b0
instanceKlass  @bci kafka/server/DynamicBrokerConfig updatedConfigs (Ljava/util/Map;Ljava/util/Map;)Lscala/Tuple2; 36 <appendix> member <vmtarget> ; # kafka/server/DynamicBrokerConfig$$Lambda+0x00000219012871f0
instanceKlass  @bci kafka/server/DynamicBrokerConfig updatedConfigs (Ljava/util/Map;Ljava/util/Map;)Lscala/Tuple2; 11 <appendix> member <vmtarget> ; # kafka/server/DynamicBrokerConfig$$Lambda+0x0000021901286e30
instanceKlass scala/collection/convert/JavaCollectionWrappers$MapWrapper$$anon$2$$anon$3$$anon$4
instanceKlass scala/collection/convert/JavaCollectionWrappers$MapWrapper$$anon$2$$anon$3
instanceKlass  @bci kafka/server/DynamicBrokerConfig overrideProps (Lscala/collection/mutable/Map;Lscala/collection/mutable/Map;)V 17 <appendix> member <vmtarget> ; # kafka/server/DynamicBrokerConfig$$Lambda+0x0000021901286028
instanceKlass  @bci kafka/server/DynamicBrokerConfig overrideProps (Lscala/collection/mutable/Map;Lscala/collection/mutable/Map;)V 9 <appendix> member <vmtarget> ; # kafka/server/DynamicBrokerConfig$$Lambda+0x0000021901285a88
instanceKlass  @bci scala/collection/mutable/HashMap addAll (Lscala/collection/IterableOnce;)Lscala/collection/mutable/HashMap; 285 <appendix> member <vmtarget> ; # scala/collection/mutable/HashMap$$Lambda+0x00000219012854e8
instanceKlass  @bci kafka/server/DynamicBrokerConfig fromPersistentProps (Ljava/util/Properties;Z)Ljava/util/Properties; 88 <appendix> member <vmtarget> ; # kafka/server/DynamicBrokerConfig$$Lambda+0x0000021901284f48
instanceKlass  @bci kafka/server/DynamicBrokerConfig fromPersistentProps (Ljava/util/Properties;Z)Ljava/util/Properties; 83 <appendix> member <vmtarget> ; # kafka/server/DynamicBrokerConfig$$Lambda+0x00000219012849a8
instanceKlass  @bci kafka/server/DynamicBrokerConfig$ kafka$server$DynamicBrokerConfig$$perBrokerConfigs (Ljava/util/Properties;)Lscala/collection/Set; 28 <appendix> member <vmtarget> ; # kafka/server/DynamicBrokerConfig$$$Lambda+0x00000219012845e8
instanceKlass  @bci kafka/server/DynamicBrokerConfig$ kafka$server$DynamicBrokerConfig$$securityConfigsWithoutListenerPrefix (Ljava/util/Properties;)Lscala/collection/Set; 5 <appendix> member <vmtarget> ; # kafka/server/DynamicBrokerConfig$$$Lambda+0x0000021901284228
instanceKlass  @bci kafka/server/DynamicBrokerConfig$ resolveVariableConfigs (Ljava/util/Properties;)Ljava/util/Properties; 28 <appendix> member <vmtarget> ; # kafka/server/DynamicBrokerConfig$$$Lambda+0x0000021901284000
instanceKlass  @cpi kafka/server/IncrementalFetchContext 190 form vmentry <vmtarget> ; # java/lang/invoke/LambdaForm$DMH+0x0000021901280000
instanceKlass  @bci kafka/server/DynamicConfig$ kafka$server$DynamicConfig$$validate (Lorg/apache/kafka/common/config/ConfigDef;Ljava/util/Properties;Z)Ljava/util/Map; 19 <appendix> argL0 ; # kafka/server/DynamicConfig$$$Lambda+0x000002190125fbb8
instanceKlass kafka/server/DynamicConfig$
instanceKlass  @bci kafka/server/DynamicBrokerConfig$ addDynamicConfigs (Lorg/apache/kafka/common/config/ConfigDef;)V 20 <appendix> member <vmtarget> ; # kafka/server/DynamicBrokerConfig$$$Lambda+0x000002190125f420
instanceKlass  @bci kafka/server/DynamicBrokerConfig$ addDynamicConfigs (Lorg/apache/kafka/common/config/ConfigDef;)V 15 <appendix> member <vmtarget> ; # kafka/server/DynamicBrokerConfig$$$Lambda+0x000002190125ee80
instanceKlass kafka/utils/Implicits$MapExtensionMethods$
instanceKlass kafka/server/DynamicConfig$Broker$
instanceKlass  @bci kafka/server/DynamicBrokerConfig$ kafka$server$DynamicBrokerConfig$$validateConfigTypes (Ljava/util/Properties;)V 19 <appendix> member <vmtarget> ; # kafka/server/DynamicBrokerConfig$$$Lambda+0x000002190125dcc8
instanceKlass scala/collection/convert/AsScalaExtensions$PropertiesHasAsScala
instanceKlass  @bci kafka/server/DynamicBrokerConfig$ <clinit> ()V 361 <appendix> argL0 ; # kafka/server/DynamicBrokerConfig$$$Lambda+0x000002190125c188
instanceKlass  @bci scala/collection/mutable/SetOps diff (Lscala/collection/Set;)Lscala/collection/mutable/SetOps; 8 <appendix> member <vmtarget> ; # scala/collection/mutable/SetOps$$Lambda+0x000002190125bbe8
instanceKlass kafka/server/DynamicRemoteLogConfig$
instanceKlass org/apache/kafka/storage/internals/log/ProducerStateManagerConfig
instanceKlass kafka/network/SocketServer$
instanceKlass kafka/server/DynamicListenerConfig$
instanceKlass kafka/server/DynamicThreadPool$
instanceKlass scala/collection/Iterator$ConcatIteratorCell
instanceKlass  @bci scala/collection/View$Concat iterator ()Lscala/collection/Iterator; 10 <appendix> member <vmtarget> ; # scala/collection/View$Concat$$Lambda+0x0000021901257a08
instanceKlass  @bci kafka/server/DynamicLogConfig$ <clinit> ()V 92 <appendix> argL0 ; # kafka/server/DynamicLogConfig$$$Lambda+0x0000021901257650
instanceKlass kafka/server/DynamicLogConfig$
instanceKlass  @bci scala/collection/mutable/HashSet addAll (Lscala/collection/IterableOnce;)Lscala/collection/mutable/HashSet; 23 <appendix> member <vmtarget> ; # scala/collection/mutable/HashSet$$Lambda+0x0000021901256508
instanceKlass scala/collection/immutable/HashSetBuilder
instanceKlass kafka/log/LogCleaner$
instanceKlass scala/collection/convert/AsScalaExtensions$SetHasAsScala
instanceKlass kafka/server/DynamicBrokerConfig$
instanceKlass kafka/zk/ConfigEntityZNode$
instanceKlass kafka/server/ConfigEntityName$
instanceKlass  @bci kafka/server/DynamicBrokerConfig initialize (Lscala/Option;Lscala/Option;)V 29 <appendix> member <vmtarget> ; # kafka/server/DynamicBrokerConfig$$Lambda+0x0000021901253410
instanceKlass org/apache/kafka/common/utils/LogContext
instanceKlass org/apache/kafka/metadata/properties/MetaPropertiesEnsemble
instanceKlass org/apache/kafka/metadata/properties/MetaProperties
instanceKlass org/apache/kafka/metadata/properties/MetaProperties$Builder
instanceKlass org/apache/kafka/metadata/properties/PropertiesUtils
instanceKlass  @bci kafka/server/KafkaServer startup ()V 134 <appendix> member <vmtarget> ; # kafka/server/KafkaServer$$Lambda+0x0000021901251fe0
instanceKlass org/apache/kafka/metadata/properties/MetaPropertiesEnsemble$Loader
instanceKlass  @bci kafka/server/KafkaServer startup ()V 110 <appendix> member <vmtarget> ; # kafka/server/KafkaServer$$Lambda+0x0000021901251b10
instanceKlass  @bci kafka/server/KafkaServer getOrGenerateClusterId (Lkafka/zk/KafkaZkClient;)Ljava/lang/String; 5 <appendix> member <vmtarget> ; # kafka/server/KafkaServer$$Lambda+0x0000021901251860
instanceKlass  @bci kafka/zk/ClusterIdZNode$ fromJson ([B)Ljava/lang/String; 16 <appendix> member <vmtarget> ; # kafka/zk/ClusterIdZNode$$$Lambda+0x00000219012515b0
instanceKlass kafka/utils/json/DecodeJson$DecodeString$
instanceKlass  @bci kafka/utils/json/JsonObject apply (Ljava/lang/String;)Lkafka/utils/json/JsonValue; 6 <appendix> member <vmtarget> ; # kafka/utils/json/JsonObject$$Lambda+0x0000021901250cb8
instanceKlass kafka/utils/json/JsonValue$BasicJsonValue
instanceKlass  @bci kafka/utils/json/JsonObject get (Ljava/lang/String;)Lscala/Option; 14 <appendix> argL0 ; # kafka/utils/json/JsonObject$$Lambda+0x0000021901250668
instanceKlass  @bci kafka/utils/json/JsonValue asJsonObject ()Lkafka/utils/json/JsonObject; 7 <appendix> member <vmtarget> ; # kafka/utils/json/JsonValue$$Lambda+0x00000219012503b8
instanceKlass  @bci kafka/zk/ClusterIdZNode$ fromJson ([B)Ljava/lang/String; 7 <appendix> argL0 ; # kafka/zk/ClusterIdZNode$$$Lambda+0x0000021901250000
instanceKlass kafka/utils/json/JsonObject
instanceKlass kafka/utils/json/JsonValue$
instanceKlass  @bci kafka/utils/Json$ parseBytes ([B)Lscala/Option; 14 <appendix> argL0 ; # kafka/utils/Json$$$Lambda+0x000002190124f798
instanceKlass kafka/utils/json/JsonValue
instanceKlass com/fasterxml/jackson/databind/deser/std/BaseNodeDeserializer$ContainerStack
instanceKlass com/fasterxml/jackson/databind/annotation/JsonTypeResolver
instanceKlass com/fasterxml/jackson/databind/util/LinkedNode
instanceKlass com/fasterxml/jackson/databind/util/internal/PrivateMaxEntriesMap$AddTask
instanceKlass com/fasterxml/jackson/databind/util/internal/PrivateMaxEntriesMap$WeightedValue
instanceKlass com/fasterxml/jackson/databind/util/ArrayIterator
instanceKlass com/fasterxml/jackson/core/util/JacksonFeatureSet
instanceKlass com/fasterxml/jackson/core/JsonStreamContext
instanceKlass com/fasterxml/jackson/core/json/ByteSourceJsonBootstrapper
instanceKlass com/fasterxml/jackson/core/util/BufferRecycler
instanceKlass com/fasterxml/jackson/core/util/BufferRecyclers
instanceKlass com/fasterxml/jackson/core/util/TextBuffer
instanceKlass com/fasterxml/jackson/core/io/IOContext
instanceKlass com/fasterxml/jackson/core/io/ContentReference
instanceKlass com/fasterxml/jackson/databind/ser/BeanSerializerModifier
instanceKlass com/fasterxml/jackson/databind/ser/Serializers
instanceKlass com/fasterxml/jackson/databind/cfg/SerializerFactoryConfig
instanceKlass java/util/UUID
instanceKlass java/util/Currency
instanceKlass com/fasterxml/jackson/databind/ser/std/StdJdkSerializers
instanceKlass com/fasterxml/jackson/databind/ser/std/NumberSerializers
instanceKlass com/fasterxml/jackson/databind/deser/DeserializerCache
instanceKlass com/fasterxml/jackson/databind/KeyDeserializer
instanceKlass com/fasterxml/jackson/databind/deser/std/StdKeyDeserializers
instanceKlass com/fasterxml/jackson/databind/deser/KeyDeserializers
instanceKlass com/fasterxml/jackson/databind/deser/ValueInstantiators
instanceKlass com/fasterxml/jackson/databind/AbstractTypeResolver
instanceKlass com/fasterxml/jackson/databind/deser/BeanDeserializerModifier
instanceKlass com/fasterxml/jackson/databind/cfg/DeserializerFactoryConfig
instanceKlass com/fasterxml/jackson/databind/PropertyName
instanceKlass com/fasterxml/jackson/databind/deser/Deserializers
instanceKlass com/fasterxml/jackson/annotation/ObjectIdGenerator
instanceKlass com/fasterxml/jackson/databind/deser/ResolvableDeserializer
instanceKlass com/fasterxml/jackson/databind/deser/ValueInstantiator$Gettable
instanceKlass com/fasterxml/jackson/databind/deser/ContextualDeserializer
instanceKlass com/fasterxml/jackson/databind/JsonDeserializer
instanceKlass com/fasterxml/jackson/databind/deser/NullValueProvider
instanceKlass com/fasterxml/jackson/databind/ser/SerializerCache
instanceKlass com/fasterxml/jackson/databind/ser/ResolvableSerializer
instanceKlass com/fasterxml/jackson/databind/ser/ContextualSerializer
instanceKlass com/fasterxml/jackson/databind/jsonschema/SchemaAware
instanceKlass com/fasterxml/jackson/databind/JsonSerializer
instanceKlass com/fasterxml/jackson/databind/jsonFormatVisitors/JsonFormatVisitable
instanceKlass com/fasterxml/jackson/databind/node/JsonNodeFactory
instanceKlass com/fasterxml/jackson/databind/node/JsonNodeCreator
instanceKlass com/fasterxml/jackson/databind/cfg/ContextAttributes
instanceKlass com/fasterxml/jackson/databind/cfg/DatatypeFeature
instanceKlass com/fasterxml/jackson/databind/cfg/DatatypeFeatures$DefaultHolder
instanceKlass com/fasterxml/jackson/databind/cfg/DatatypeFeatures
instanceKlass com/fasterxml/jackson/core/util/DefaultPrettyPrinter$NopIndenter
instanceKlass com/fasterxml/jackson/core/util/Separators
instanceKlass com/fasterxml/jackson/core/util/DefaultPrettyPrinter$Indenter
instanceKlass com/fasterxml/jackson/core/util/DefaultPrettyPrinter
instanceKlass com/fasterxml/jackson/core/util/Instantiatable
instanceKlass com/fasterxml/jackson/databind/cfg/ConfigFeature
instanceKlass com/fasterxml/jackson/databind/cfg/ConfigOverride
instanceKlass com/fasterxml/jackson/annotation/JsonFormat$Features
instanceKlass com/fasterxml/jackson/annotation/JsonFormat$Value
instanceKlass com/fasterxml/jackson/core/PrettyPrinter
instanceKlass com/fasterxml/jackson/databind/cfg/CoercionConfig
instanceKlass com/fasterxml/jackson/databind/cfg/CoercionConfigs
instanceKlass com/fasterxml/jackson/databind/introspect/VisibilityChecker$Std
instanceKlass com/fasterxml/jackson/annotation/JsonSetter$Value
instanceKlass com/fasterxml/jackson/annotation/JsonInclude$Value
instanceKlass com/fasterxml/jackson/annotation/JacksonAnnotationValue
instanceKlass com/fasterxml/jackson/databind/cfg/ConfigOverrides
instanceKlass com/fasterxml/jackson/databind/introspect/AnnotatedClass$Creators
instanceKlass com/fasterxml/jackson/databind/introspect/AnnotationCollector$NoAnnotations
instanceKlass com/fasterxml/jackson/databind/util/Annotations
instanceKlass com/fasterxml/jackson/databind/introspect/AnnotationCollector
instanceKlass com/fasterxml/jackson/databind/introspect/AnnotatedClassResolver
instanceKlass com/fasterxml/jackson/databind/BeanDescription
instanceKlass com/fasterxml/jackson/databind/cfg/MapperConfig
instanceKlass com/fasterxml/jackson/databind/introspect/SimpleMixInResolver
instanceKlass com/fasterxml/jackson/databind/introspect/ClassIntrospector$MixInResolver
instanceKlass com/fasterxml/jackson/databind/util/RootNameLookup
instanceKlass com/fasterxml/jackson/core/sym/CharsToNameCanonicalizer$Bucket
instanceKlass com/fasterxml/jackson/core/sym/CharsToNameCanonicalizer$TableInfo
instanceKlass com/fasterxml/jackson/core/sym/CharsToNameCanonicalizer
instanceKlass com/fasterxml/jackson/core/ErrorReportConfiguration
instanceKlass com/fasterxml/jackson/core/StreamWriteConstraints
instanceKlass com/fasterxml/jackson/core/StreamReadConstraints
instanceKlass com/fasterxml/jackson/core/util/RecyclerPool$WithPool
instanceKlass com/fasterxml/jackson/core/util/RecyclerPool$ThreadLocalPoolBase
instanceKlass com/fasterxml/jackson/core/util/RecyclerPool
instanceKlass com/fasterxml/jackson/core/util/JsonRecyclerPools
instanceKlass com/fasterxml/jackson/core/sym/ByteQuadsCanonicalizer$TableInfo
instanceKlass com/fasterxml/jackson/core/sym/ByteQuadsCanonicalizer
instanceKlass com/fasterxml/jackson/core/io/CharTypes
instanceKlass com/fasterxml/jackson/core/io/JsonStringEncoder
instanceKlass com/fasterxml/jackson/core/io/SerializedString
instanceKlass com/fasterxml/jackson/core/util/JacksonFeature
instanceKlass com/fasterxml/jackson/core/async/ByteBufferFeeder
instanceKlass com/fasterxml/jackson/core/async/ByteArrayFeeder
instanceKlass com/fasterxml/jackson/core/async/NonBlockingInputFeeder
instanceKlass com/fasterxml/jackson/core/TSFBuilder
instanceKlass com/fasterxml/jackson/core/SerializableString
instanceKlass com/fasterxml/jackson/databind/cfg/DefaultCacheProvider
instanceKlass com/fasterxml/jackson/databind/cfg/CacheProvider
instanceKlass com/fasterxml/jackson/databind/introspect/AccessorNamingStrategy
instanceKlass com/fasterxml/jackson/core/Base64Variant
instanceKlass com/fasterxml/jackson/core/Base64Variants
instanceKlass com/fasterxml/jackson/databind/type/TypeBindings
instanceKlass com/fasterxml/jackson/databind/type/TypeParser
instanceKlass com/fasterxml/jackson/databind/type/TypeFactory
instanceKlass com/fasterxml/jackson/databind/cfg/BaseSettings
instanceKlass java/util/concurrent/atomic/AtomicReferenceArray
instanceKlass java/util/concurrent/atomic/AtomicLongArray
instanceKlass java/util/concurrent/ConcurrentLinkedQueue$Node
instanceKlass com/fasterxml/jackson/databind/util/internal/Linked
instanceKlass com/fasterxml/jackson/databind/util/internal/PrivateMaxEntriesMap$Builder
instanceKlass com/fasterxml/jackson/databind/util/LRUMap
instanceKlass com/fasterxml/jackson/databind/util/LookupCache
instanceKlass java/beans/ConstructorProperties
instanceKlass com/fasterxml/jackson/databind/util/ClassUtil$Ctor
instanceKlass com/fasterxml/jackson/databind/util/ClassUtil
instanceKlass com/fasterxml/jackson/databind/ext/Java7Support
instanceKlass com/fasterxml/jackson/annotation/JsonMerge
instanceKlass com/fasterxml/jackson/databind/annotation/JsonDeserialize
instanceKlass com/fasterxml/jackson/annotation/JsonManagedReference
instanceKlass com/fasterxml/jackson/annotation/JsonBackReference
instanceKlass com/fasterxml/jackson/annotation/JsonUnwrapped
instanceKlass com/fasterxml/jackson/annotation/JsonRawValue
instanceKlass com/fasterxml/jackson/annotation/JsonTypeInfo
instanceKlass com/fasterxml/jackson/annotation/JsonFormat
instanceKlass com/fasterxml/jackson/annotation/JsonView
instanceKlass com/fasterxml/jackson/databind/annotation/JsonSerialize
instanceKlass com/fasterxml/jackson/databind/introspect/ConcreteBeanPropertyBase
instanceKlass com/fasterxml/jackson/databind/BeanProperty
instanceKlass com/fasterxml/jackson/databind/introspect/BeanPropertyDefinition
instanceKlass com/fasterxml/jackson/databind/util/Named
instanceKlass com/fasterxml/jackson/databind/introspect/TypeResolutionContext
instanceKlass com/fasterxml/jackson/databind/introspect/Annotated
instanceKlass com/fasterxml/jackson/databind/jsontype/TypeResolverBuilder
instanceKlass com/fasterxml/jackson/core/JsonParser
instanceKlass com/fasterxml/jackson/core/type/ResolvedType
instanceKlass com/fasterxml/jackson/databind/Module$SetupContext
instanceKlass com/fasterxml/jackson/databind/introspect/ClassIntrospector
instanceKlass com/fasterxml/jackson/databind/introspect/VisibilityChecker
instanceKlass com/fasterxml/jackson/core/JsonGenerator
instanceKlass com/fasterxml/jackson/databind/JsonSerializable$Base
instanceKlass com/fasterxml/jackson/databind/JsonSerializable
instanceKlass com/fasterxml/jackson/core/TreeNode
instanceKlass com/fasterxml/jackson/databind/jsontype/PolymorphicTypeValidator
instanceKlass com/fasterxml/jackson/databind/introspect/AccessorNamingStrategy$Provider
instanceKlass com/fasterxml/jackson/databind/AnnotationIntrospector
instanceKlass com/fasterxml/jackson/databind/ser/SerializerFactory
instanceKlass com/fasterxml/jackson/databind/deser/DeserializerFactory
instanceKlass com/fasterxml/jackson/databind/DatabindContext
instanceKlass com/fasterxml/jackson/databind/jsontype/SubtypeResolver
instanceKlass com/fasterxml/jackson/core/TokenStreamFactory
instanceKlass com/fasterxml/jackson/core/TreeCodec
instanceKlass com/fasterxml/jackson/core/Versioned
instanceKlass kafka/utils/Json$
instanceKlass org/apache/zookeeper/data/Stat
instanceKlass org/apache/zookeeper/proto/GetDataRequest
instanceKlass kafka/zookeeper/ZooKeeperClient$$anon$3
instanceKlass scala/runtime/AbstractFunction2
instanceKlass kafka/zk/ClusterIdZNode$
instanceKlass kafka/zk/AdminZkClient$
instanceKlass kafka/admin/RackAwareMode
instanceKlass kafka/zk/AdminZkClient
instanceKlass kafka/server/metadata/ZkConfigRepository
instanceKlass  @bci kafka/zk/KafkaZkClient retryRequestsUntilConnected (Lscala/collection/Seq;)Lscala/collection/Seq; 61 <appendix> argL0 ; # kafka/zk/KafkaZkClient$$Lambda+0x00000219011f5950
instanceKlass  @bci kafka/zk/KafkaZkClient retryRequestsUntilConnected (Lscala/collection/Seq;)Lscala/collection/Seq; 49 <appendix> member <vmtarget> ; # kafka/zk/KafkaZkClient$$Lambda+0x00000219011f4f40
instanceKlass java/util/concurrent/ArrayBlockingQueue$Itrs
instanceKlass java/util/concurrent/ArrayBlockingQueue$Itr
instanceKlass scala/collection/convert/AsScalaExtensions$CollectionHasAsScala
instanceKlass kafka/zookeeper/ResponseMetadata
instanceKlass java/util/RegularEnumSet$EnumSetIterator
instanceKlass org/apache/zookeeper/KeeperException$CodeDeprecated
instanceKlass org/apache/zookeeper/proto/GetChildren2Response
instanceKlass org/apache/zookeeper/proto/GetAllChildrenNumberResponse
instanceKlass org/apache/zookeeper/proto/GetChildrenResponse
instanceKlass org/apache/zookeeper/proto/GetACLResponse
instanceKlass org/apache/zookeeper/proto/GetDataResponse
instanceKlass org/apache/zookeeper/proto/SetACLResponse
instanceKlass org/apache/zookeeper/proto/SetDataResponse
instanceKlass org/apache/zookeeper/proto/ExistsResponse
instanceKlass org/apache/zookeeper/ClientCnxn$LocalCallback
instanceKlass org/apache/zookeeper/proto/ReplyHeader
instanceKlass org/apache/zookeeper/proto/CreateResponse
instanceKlass org/apache/zookeeper/proto/CreateRequest
instanceKlass org/apache/zookeeper/proto/RequestHeader
instanceKlass org/apache/zookeeper/common/PathUtils
instanceKlass  @bci kafka/log/LogManager loadLogs (Lorg/apache/kafka/storage/internals/log/LogConfig;Lscala/collection/Map;)V 267 <adapter> ; # java/lang/invoke/LambdaForm$MH+0x00000219011f0c00
# instanceKlass java/lang/invoke/LambdaForm$DMH+0x00000219011f0800
instanceKlass  @bci kafka/log/LogManager loadLogs (Lorg/apache/kafka/storage/internals/log/LogConfig;Lscala/collection/Map;)V 267 <appendix> form vmentry <vmtarget> ; # java/lang/invoke/LambdaForm$DMH+0x00000219011f0400
instanceKlass  @bci kafka/zookeeper/ZooKeeperClient send (Lkafka/zookeeper/AsyncRequest;Lscala/Function1;)V 271 <appendix> member <vmtarget> ; # kafka/zookeeper/ZooKeeperClient$$Lambda+0x00000219011ec448
instanceKlass  @cpi kafka/zookeeper/ZooKeeperClient 497 form vmentry <vmtarget> ; # java/lang/invoke/LambdaForm$DMH+0x00000219011f0000
instanceKlass org/apache/zookeeper/AsyncCallback$StringCallback
instanceKlass kafka/zookeeper/GetChildrenRequest
instanceKlass kafka/zookeeper/GetDataRequest
instanceKlass kafka/zookeeper/ExistsRequest
instanceKlass  @bci kafka/zookeeper/ZooKeeperClient $anonfun$handleRequests$2 (Lkafka/zookeeper/ZooKeeperClient;Lkafka/zookeeper/AsyncRequest;Ljava/util/concurrent/ArrayBlockingQueue;Ljava/util/concurrent/CountDownLatch;)V 5 <appendix> member <vmtarget> ; # kafka/zookeeper/ZooKeeperClient$$Lambda+0x00000219011eb5d0
instanceKlass  @bci kafka/zookeeper/ZooKeeperClient handleRequests (Lscala/collection/Seq;)Lscala/collection/Seq; 51 <appendix> member <vmtarget> ; # kafka/zookeeper/ZooKeeperClient$$Lambda+0x00000219011eb210
instanceKlass kafka/zk/ZkVersion$
instanceKlass scala/runtime/AbstractFunction5
instanceKlass scala/Function5
instanceKlass org/apache/zookeeper/data/ACL
instanceKlass org/apache/zookeeper/data/Id
instanceKlass org/apache/zookeeper/ZooDefs$Ids
instanceKlass kafka/zookeeper/CreateRequest
instanceKlass  @bci kafka/zk/KafkaZkClient createTopLevelPaths ()V 7 <appendix> member <vmtarget> ; # kafka/zk/KafkaZkClient$$Lambda+0x00000219011e9570
instanceKlass kafka/zk/DelegationTokensZNode$
instanceKlass kafka/zk/ConfigEntityTypeZNode$
instanceKlass  @bci kafka/zk/ZkData$ <clinit> ()V 275 <appendix> argL0 ; # kafka/zk/ZkData$$$Lambda+0x00000219011e8dc8
instanceKlass kafka/server/ConfigType$
instanceKlass kafka/zk/BrokerSequenceIdZNode$
instanceKlass kafka/zk/DeleteTopicsZNode$
instanceKlass kafka/zk/ConfigEntityChangeNotificationZNode$
instanceKlass kafka/zk/TopicsZNode$
instanceKlass kafka/zk/BrokerIdsZNode$
instanceKlass kafka/zk/ConsumerPathZNode$
instanceKlass kafka/zk/ExtendedAclChangeStore$
instanceKlass kafka/zk/LiteralAclChangeStore$
instanceKlass  @bci kafka/zk/ZkAclStore$ <clinit> ()V 99 <appendix> argL0 ; # kafka/zk/ZkAclStore$$$Lambda+0x00000219011e3aa0
instanceKlass kafka/zk/ExtendedAclStore
instanceKlass kafka/zk/ZkAclChangeStore
instanceKlass kafka/zk/LiteralAclStore$
instanceKlass  @bci kafka/zk/ZkAclStore$ <clinit> ()V 45 <appendix> argL0 ; # kafka/zk/ZkAclStore$$$Lambda+0x00000219011e25c0
instanceKlass  @bci kafka/zk/ZkAclStore$ <clinit> ()V 31 <appendix> argL0 ; # kafka/zk/ZkAclStore$$$Lambda+0x00000219011e2208
instanceKlass  @bci org/apache/kafka/common/resource/PatternType <clinit> ()V 144 <appendix> argL0 ; # org/apache/kafka/common/resource/PatternType$$Lambda+0x00000219011e1fd8
instanceKlass  @bci org/apache/kafka/common/resource/PatternType <clinit> ()V 113 <appendix> argL0 ; # org/apache/kafka/common/resource/PatternType$$Lambda+0x00000219011e1da8
instanceKlass kafka/zk/ZkAclStore
instanceKlass kafka/zk/ZkAclStore$
instanceKlass kafka/zk/FeatureZNode$
instanceKlass kafka/zk/MigrationZNode$
instanceKlass kafka/zk/ExtendedAclZNode$
instanceKlass kafka/zk/DelegationTokenAuthZNode$
instanceKlass kafka/zk/LogDirEventNotificationZNode$
instanceKlass kafka/zk/ProducerIdBlockZNode$
instanceKlass kafka/zk/IsrChangeNotificationZNode$
instanceKlass kafka/zk/ControllerEpochZNode$
instanceKlass kafka/utils/json/DecodeJson
instanceKlass kafka/zk/ControllerZNode$
instanceKlass kafka/zk/ConfigZNode$
instanceKlass kafka/zk/ClusterZNode$
instanceKlass kafka/zk/BrokersZNode$
instanceKlass kafka/zk/AdminZNode$
instanceKlass kafka/zk/ZkData$
instanceKlass com/yammer/metrics/reporting/JmxReporter$Histogram
instanceKlass com/yammer/metrics/reporting/JmxReporter$HistogramMBean
instanceKlass com/yammer/metrics/stats/ExponentiallyDecayingSample
instanceKlass com/yammer/metrics/stats/Sample
instanceKlass com/yammer/metrics/core/Histogram
instanceKlass com/yammer/metrics/core/Summarizable
instanceKlass com/yammer/metrics/core/Sampling
instanceKlass kafka/zookeeper/ZkOp
instanceKlass kafka/zk/KRaftRegistrationResult
instanceKlass kafka/zookeeper/AsyncRequest
instanceKlass kafka/zk/KafkaZkClient
instanceKlass  @bci kafka/zookeeper/ZooKeeperClient waitUntilConnected (JLjava/util/concurrent/TimeUnit;)V 194 <appendix> argL0 ; # kafka/zookeeper/ZooKeeperClient$$Lambda+0x00000219011de130
instanceKlass scala/runtime/BoxedUnit
instanceKlass  @bci kafka/zookeeper/ZooKeeperClient$ZooKeeperClientWatcher$ process (Lorg/apache/zookeeper/WatchedEvent;)V 52 <appendix> argL0 ; # kafka/zookeeper/ZooKeeperClient$ZooKeeperClientWatcher$$$Lambda+0x00000219011ddb80
instanceKlass  @bci kafka/zookeeper/ZooKeeperClient$ZooKeeperClientWatcher$ process (Lorg/apache/zookeeper/WatchedEvent;)V 5 <appendix> member <vmtarget> ; # kafka/zookeeper/ZooKeeperClient$ZooKeeperClientWatcher$$$Lambda+0x00000219011dd8d0
instanceKlass org/apache/zookeeper/ClientCnxn$WatcherSetEventPair
instanceKlass org/apache/zookeeper/ZKWatchManager$1
instanceKlass org/apache/zookeeper/WatchedEvent
instanceKlass org/apache/zookeeper/proto/ConnectResponse
instanceKlass org/apache/jute/Index
instanceKlass org/apache/jute/BinaryInputArchive
instanceKlass org/apache/jute/BinaryOutputArchive
instanceKlass java/util/concurrent/LinkedBlockingDeque$Node
instanceKlass org/apache/zookeeper/ClientCnxn$Packet
instanceKlass org/apache/jute/OutputArchive
instanceKlass org/apache/zookeeper/proto/ConnectRequest
instanceKlass java/nio/channels/spi/AbstractSelector$1
instanceKlass java/lang/invoke/ConstantBootstraps
instanceKlass java/nio/channels/SelectionKey
instanceKlass sun/nio/ch/OptionKey
instanceKlass sun/nio/ch/SocketOptionRegistry$LazyInitialization
instanceKlass sun/nio/ch/SocketOptionRegistry$RegistryKey
instanceKlass sun/nio/ch/SocketOptionRegistry
instanceKlass sun/nio/ch/ExtendedSocketOption$1
instanceKlass sun/nio/ch/ExtendedSocketOption
instanceKlass sun/nio/ch/SocketChannelImpl$DefaultOptionsHolder
instanceKlass java/net/StandardSocketOptions$StdSocketOption
instanceKlass java/net/StandardSocketOptions
instanceKlass org/apache/log4j/MDC
instanceKlass org/slf4j/impl/Reload4jMDCAdapter
instanceKlass org/slf4j/impl/StaticMDCBinder
instanceKlass org/slf4j/spi/MDCAdapter
instanceKlass org/slf4j/MDC
instanceKlass  @bci kafka/zookeeper/ZooKeeperClient waitUntilConnected (JLjava/util/concurrent/TimeUnit;)V 1 <appendix> argL0 ; # kafka/zookeeper/ZooKeeperClient$$Lambda+0x00000219011d28e8
instanceKlass  @bci org/apache/kafka/server/util/KafkaScheduler startup ()V 60 <appendix> member <vmtarget> ; # org/apache/kafka/server/util/KafkaScheduler$$Lambda+0x00000219011d26d0
instanceKlass org/apache/zookeeper/common/Time
instanceKlass java/util/concurrent/Executors$DefaultThreadFactory
instanceKlass  @bci org/apache/zookeeper/server/ZooKeeperThread <init> (Ljava/lang/String;)V 7 <appendix> member <vmtarget> ; # org/apache/zookeeper/server/ZooKeeperThread$$Lambda+0x00000219011d1f88
instanceKlass org/apache/zookeeper/ZKWatchManager
instanceKlass org/apache/zookeeper/ClientWatchManager
instanceKlass java/util/concurrent/BlockingDeque
instanceKlass org/apache/zookeeper/ClientCnxn
instanceKlass java/nio/BufferMismatch
instanceKlass java/nio/channels/spi/AbstractInterruptibleChannel$1
instanceKlass sun/nio/ch/Interruptible
instanceKlass  @bci sun/security/provider/certpath/ldap/JdkLDAP <init> ()V 15 <appendix> member <vmtarget> ; # sun/security/provider/certpath/ldap/JdkLDAP$$Lambda+0x00000219010b68b8
instanceKlass com/sun/security/sasl/Provider$1
instanceKlass sun/security/smartcardio/SunPCSC$1
instanceKlass  @bci sun/security/ssl/SunJSSE registerAlgorithms ()V 1 <appendix> member <vmtarget> ; # sun/security/ssl/SunJSSE$$Lambda+0x00000219010b5448
instanceKlass java/security/spec/ECFieldF2m
instanceKlass sun/security/util/ObjectIdentifier
instanceKlass sun/security/util/ByteArrayTagOrder
instanceKlass sun/security/util/ByteArrayLexOrder
instanceKlass sun/security/util/DerEncoder
instanceKlass java/security/spec/ECParameterSpec
instanceKlass java/security/spec/AlgorithmParameterSpec
instanceKlass java/security/spec/ECPoint
instanceKlass java/security/spec/EllipticCurve
instanceKlass java/security/spec/ECFieldFp
instanceKlass java/security/spec/ECField
instanceKlass sun/security/util/CurveDB
instanceKlass sun/security/ec/SunEC$1
instanceKlass org/jcp/xml/dsig/internal/dom/XMLDSigRI$2
instanceKlass org/jcp/xml/dsig/internal/dom/XMLDSigRI$1
instanceKlass com/sun/security/sasl/gsskerb/JdkSASL$1
instanceKlass  @bci sun/security/pkcs11/SunPKCS11 register (Lsun/security/pkcs11/SunPKCS11$Descriptor;)V 27 <appendix> argL0 ; # sun/security/pkcs11/SunPKCS11$$Lambda+0x00000219011d5880
instanceKlass sun/security/pkcs11/SunPKCS11$Descriptor
instanceKlass javax/security/auth/Subject
instanceKlass javax/security/auth/callback/CallbackHandler
instanceKlass  @bci sun/security/jgss/SunProvider <init> ()V 15 <appendix> member <vmtarget> ; # sun/security/jgss/SunProvider$$Lambda+0x00000219011d4d38
instanceKlass sun/security/mscapi/SunMSCAPI$2
instanceKlass sun/security/mscapi/SunMSCAPI$1
instanceKlass sun/security/jca/ProviderConfig$ProviderLoader
instanceKlass sun/security/jca/ProviderConfig$3
instanceKlass sun/security/rsa/SunRsaSignEntries
instanceKlass java/lang/ProcessEnvironment$CheckedEntry
instanceKlass java/lang/ProcessEnvironment$CheckedEntrySet$1
instanceKlass java/lang/ProcessEnvironment$EntryComparator
instanceKlass java/lang/ProcessEnvironment$NameComparator
instanceKlass sun/net/NetProperties$1
instanceKlass sun/net/NetProperties
instanceKlass  @bci sun/nio/ch/UnixDomainSocketsUtil getTempDir ()Ljava/lang/String; 0 <appendix> argL0 ; # sun/nio/ch/UnixDomainSocketsUtil$$Lambda+0x00000219010af568
instanceKlass sun/nio/ch/UnixDomainSocketsUtil
instanceKlass sun/nio/ch/UnixDomainSockets
instanceKlass sun/nio/ch/PipeImpl$Initializer$LoopbackConnector
instanceKlass sun/nio/ch/PipeImpl$Initializer
instanceKlass java/nio/channels/Pipe
instanceKlass sun/nio/ch/WEPoll
instanceKlass sun/nio/ch/Util$2
instanceKlass  @bci sun/nio/ch/DefaultSelectorProvider <clinit> ()V 0 <appendix> argL0 ; # sun/nio/ch/DefaultSelectorProvider$$Lambda+0x00000219010ad8a0
instanceKlass sun/nio/ch/DefaultSelectorProvider
instanceKlass  @bci java/nio/channels/spi/SelectorProvider$Holder provider ()Ljava/nio/channels/spi/SelectorProvider; 0 <appendix> argL0 ; # java/nio/channels/spi/SelectorProvider$Holder$$Lambda+0x00000219010ad008
instanceKlass java/nio/channels/spi/SelectorProvider$Holder
instanceKlass java/nio/channels/spi/SelectorProvider
instanceKlass java/nio/channels/Selector
instanceKlass org/apache/jute/InputArchive
instanceKlass org/apache/zookeeper/ClientCnxnSocket
instanceKlass org/apache/zookeeper/client/StaticHostProvider$1
instanceKlass org/apache/zookeeper/common/NetUtils
instanceKlass org/apache/zookeeper/common/StringUtils
instanceKlass org/apache/zookeeper/client/ConnectStringParser
instanceKlass org/apache/zookeeper/client/StaticHostProvider$Resolver
instanceKlass org/apache/zookeeper/client/StaticHostProvider
instanceKlass kafka/zookeeper/ZooKeeperClient$ZooKeeperClientWatcher$
instanceKlass org/apache/zookeeper/Environment$Entry
instanceKlass org/apache/zookeeper/Version
instanceKlass org/apache/zookeeper/version/Info
instanceKlass org/apache/zookeeper/Environment
instanceKlass org/apache/zookeeper/client/HostProvider
instanceKlass org/apache/zookeeper/Testable
instanceKlass org/apache/zookeeper/ZooKeeper$WatchRegistration
instanceKlass org/apache/jute/Record
instanceKlass org/apache/zookeeper/ZooKeeper
instanceKlass  @bci kafka/zookeeper/ZooKeeperClient <init> (Ljava/lang/String;IIILorg/apache/kafka/common/utils/Time;Ljava/lang/String;Ljava/lang/String;Lorg/apache/zookeeper/client/ZKClientConfig;Ljava/lang/String;)V 435 <appendix> member <vmtarget> ; # kafka/zookeeper/ZooKeeperClient$$Lambda+0x00000219011cc670
instanceKlass java/util/concurrent/ForkJoinPool$2
instanceKlass jdk/internal/access/JavaUtilConcurrentFJPAccess
instanceKlass java/util/concurrent/ForkJoinPool$DefaultForkJoinWorkerThreadFactory
instanceKlass java/util/concurrent/ForkJoinPool$WorkQueue
instanceKlass java/util/concurrent/ForkJoinPool$ForkJoinWorkerThreadFactory
instanceKlass com/yammer/metrics/reporting/JmxReporter$MeterMBean
instanceKlass java/util/concurrent/Executors$RunnableAdapter
instanceKlass java/util/concurrent/FutureTask$WaitNode
instanceKlass java/util/concurrent/FutureTask
instanceKlass com/yammer/metrics/core/Meter$1
instanceKlass com/yammer/metrics/stats/EWMA
instanceKlass java/util/concurrent/Executors
instanceKlass com/yammer/metrics/core/ThreadPools$NamedThreadFactory
instanceKlass com/yammer/metrics/core/Meter
instanceKlass com/yammer/metrics/core/Stoppable
instanceKlass com/yammer/metrics/core/Metered
instanceKlass  @bci kafka/zookeeper/ZooKeeperClient <init> (Ljava/lang/String;IIILorg/apache/kafka/common/utils/Time;Ljava/lang/String;Ljava/lang/String;Lorg/apache/zookeeper/client/ZKClientConfig;Ljava/lang/String;)V 417 <appendix> member <vmtarget> ; # kafka/zookeeper/ZooKeeperClient$$Lambda+0x00000219011cb108
instanceKlass org/apache/kafka/server/util/KafkaScheduler
instanceKlass java/util/concurrent/Semaphore
instanceKlass scala/util/Try
instanceKlass scala/collection/convert/AsScalaExtensions$ConcurrentMapHasAsScala
instanceKlass org/apache/zookeeper/AsyncCallback$Children2Callback
instanceKlass org/apache/zookeeper/AsyncCallback$DataCallback
instanceKlass org/apache/zookeeper/AsyncCallback$StatCallback
instanceKlass org/apache/zookeeper/AsyncCallback
instanceKlass org/apache/zookeeper/Watcher
instanceKlass kafka/zookeeper/ZooKeeperClient
instanceKlass kafka/zookeeper/AsyncResponse
instanceKlass kafka/zk/KafkaZkClient$
instanceKlass  @bci kafka/server/KafkaServer initZkClient (Lorg/apache/kafka/common/utils/Time;)V 2 <appendix> member <vmtarget> ; # kafka/server/KafkaServer$$Lambda+0x00000219011c6790
instanceKlass  @bci kafka/server/KafkaServer startup ()V 1 <appendix> argL0 ; # kafka/server/KafkaServer$$Lambda+0x00000219011c64e8
instanceKlass  @bci kafka/Kafka$ main ([Ljava/lang/String;)V 101 <appendix> member <vmtarget> ; # kafka/Kafka$$$Lambda+0x00000219011c62d0
instanceKlass  @bci kafka/Kafka$ main ([Ljava/lang/String;)V 96 <appendix> member <vmtarget> ; # kafka/Kafka$$$Lambda+0x00000219011c6000
instanceKlass scala/runtime/java8/JFunction0$mcV$sp
instanceKlass kafka/utils/Exit$
instanceKlass org/apache/kafka/common/utils/OperatingSystem
instanceKlass org/apache/kafka/common/feature/Features
instanceKlass kafka/server/BrokerFeatures
instanceKlass kafka/server/BrokerFeatures$
instanceKlass javax/security/auth/login/Configuration$3
instanceKlass javax/security/auth/login/ConfigurationSpi
instanceKlass javax/security/auth/login/Configuration$2
instanceKlass javax/security/auth/login/Configuration$1
instanceKlass javax/security/auth/login/Configuration
instanceKlass org/apache/kafka/common/security/JaasUtils
instanceKlass kafka/server/KafkaServer$
instanceKlass  @bci kafka/utils/VerifiableProperties getIntInRange (Ljava/lang/String;ILscala/Tuple2;)I 61 <appendix> member <vmtarget> ; # kafka/utils/VerifiableProperties$$Lambda+0x00000219011c2b70
instanceKlass  @cpi kafka/server/FullFetchContext 314 form vmentry <vmtarget> ; # java/lang/invoke/LambdaForm$DMH+0x00000219011c4000
instanceKlass kafka/metrics/KafkaMetricsConfig
instanceKlass scala/collection/IterableOnce$
instanceKlass kafka/utils/VerifiableProperties
instanceKlass kafka/utils/Implicits$PropertiesOps
instanceKlass kafka/utils/Implicits$
instanceKlass kafka/utils/VerifiableProperties$
instanceKlass kafka/metrics/KafkaMetricsReporter$
instanceKlass java/util/concurrent/CountDownLatch
instanceKlass java/lang/Byte$ByteCache
instanceKlass kafka/metrics/LinuxIoMetricsCollector
instanceKlass com/yammer/metrics/reporting/JmxReporter$AbstractBean
instanceKlass com/yammer/metrics/reporting/JmxReporter$GaugeMBean
instanceKlass com/yammer/metrics/reporting/JmxReporter$Context
instanceKlass  @bci org/apache/kafka/server/metrics/KafkaMetricsGroup explicitMetricName (Ljava/lang/String;Ljava/lang/String;Ljava/lang/String;Ljava/util/Map;)Lcom/yammer/metrics/core/MetricName; 78 <appendix> member <vmtarget> ; # org/apache/kafka/server/metrics/KafkaMetricsGroup$$Lambda+0x00000219011bfb88
instanceKlass  @bci org/apache/kafka/server/metrics/KafkaMetricsGroup toMBeanName (Ljava/util/Map;)Ljava/util/Optional; 11 <appendix> argL0 ; # org/apache/kafka/server/metrics/KafkaMetricsGroup$$Lambda+0x00000219011bf948
instanceKlass  @bci org/apache/kafka/storage/internals/log/LogValidator assignOffsetsNonCompressed (Lorg/apache/kafka/common/utils/PrimitiveRef$LongRef;Lorg/apache/kafka/storage/internals/log/LogValidator$MetricsRecorder;)Lorg/apache/kafka/storage/internals/log/LogValidator$ValidationResult; 190 <bsm> form vmentry <vmtarget> ; # java/lang/invoke/LambdaForm$DMH+0x00000219011bd800
instanceKlass  @bci org/apache/kafka/server/metrics/KafkaMetricsGroup toScope (Ljava/util/Map;)Ljava/util/Optional; 11 <appendix> argL0 ; # org/apache/kafka/server/metrics/KafkaMetricsGroup$$Lambda+0x00000219011bf708
instanceKlass kafka/server/KafkaBroker$
instanceKlass org/apache/kafka/common/metrics/MetricsContext
instanceKlass kafka/server/Server$
instanceKlass  @bci org/apache/kafka/common/utils/KafkaThread configureThread (Ljava/lang/String;Z)V 8 <appendix> member <vmtarget> ; # org/apache/kafka/common/utils/KafkaThread$$Lambda+0x00000219011bef10
instanceKlass  @cpi org/apache/kafka/common/requests/FetchRequest 252 form vmentry <vmtarget> ; # java/lang/invoke/LambdaForm$DMH+0x00000219011bd400
instanceKlass  @bci org/apache/kafka/common/utils/Exit <clinit> ()V 16 <appendix> argL0 ; # org/apache/kafka/common/utils/Exit$$Lambda+0x00000219011bed00
instanceKlass  @cpi org/apache/kafka/common/utils/Exit 125 form vmentry <vmtarget> ; # java/lang/invoke/LambdaForm$DMH+0x00000219011bd000
instanceKlass org/apache/kafka/common/utils/Exit$ShutdownHookAdder
instanceKlass  @bci org/apache/kafka/common/utils/Exit <clinit> ()V 8 <appendix> argL0 ; # org/apache/kafka/common/utils/Exit$$Lambda+0x00000219011be900
instanceKlass  @bci org/apache/kafka/common/utils/Exit <clinit> ()V 0 <appendix> argL0 ; # org/apache/kafka/common/utils/Exit$$Lambda+0x00000219011be6f0
instanceKlass  @cpi org/apache/kafka/common/utils/Exit 107 form vmentry <vmtarget> ; # java/lang/invoke/LambdaForm$DMH+0x00000219011bcc00
# instanceKlass java/lang/invoke/LambdaForm$DMH+0x00000219011bc800
instanceKlass org/apache/kafka/common/utils/Exit$Procedure
instanceKlass org/apache/kafka/common/utils/Exit
instanceKlass  @bci org/apache/kafka/server/metrics/KafkaYammerMetrics <init> ()V 53 <appendix> member <vmtarget> ; # org/apache/kafka/server/metrics/KafkaYammerMetrics$$Lambda+0x00000219011bbc68
instanceKlass  @cpi org/apache/kafka/server/metrics/KafkaYammerMetrics 183 form vmentry <vmtarget> ; # java/lang/invoke/LambdaForm$DMH+0x00000219011bc400
instanceKlass  @bci org/apache/kafka/server/metrics/KafkaYammerMetrics <init> ()V 24 <appendix> argL0 ; # org/apache/kafka/server/metrics/KafkaYammerMetrics$$Lambda+0x00000219011bba28
instanceKlass  @cpi org/apache/kafka/server/metrics/KafkaYammerMetrics 174 form vmentry <vmtarget> ; # java/lang/invoke/LambdaForm$DMH+0x00000219011bc000
instanceKlass com/yammer/metrics/core/MetricName
instanceKlass com/yammer/metrics/reporting/JmxReporter$MetricMBean
instanceKlass com/yammer/metrics/reporting/AbstractReporter
instanceKlass com/yammer/metrics/core/MetricProcessor
instanceKlass com/yammer/metrics/core/MetricsRegistryListener
instanceKlass com/yammer/metrics/core/ThreadPools
instanceKlass com/yammer/metrics/core/Clock
instanceKlass com/yammer/metrics/core/MetricsRegistry
instanceKlass org/apache/kafka/server/metrics/KafkaYammerMetrics
instanceKlass org/apache/kafka/common/utils/SystemTime
instanceKlass org/apache/kafka/common/utils/Time
instanceKlass org/apache/kafka/common/utils/ImplicitLinkedHashCollection$Element
instanceKlass org/apache/kafka/common/requests/AbstractRequest$Builder
instanceKlass org/apache/kafka/clients/KafkaClient
instanceKlass org/apache/kafka/common/network/Selectable
instanceKlass org/apache/kafka/clients/MetadataUpdater
instanceKlass kafka/server/ApiRequestHandler
instanceKlass kafka/coordinator/transaction/ProducerIdManager
instanceKlass org/apache/kafka/coordinator/group/GroupCoordinator
instanceKlass org/apache/kafka/raft/RaftClient$Listener
instanceKlass kafka/raft/RaftManager
instanceKlass org/apache/kafka/server/common/serialization/RecordSerde
instanceKlass org/apache/kafka/server/fault/FaultHandler
instanceKlass kafka/server/metadata/ZkFinalizedFeatureCache
instanceKlass kafka/server/DelegationTokenManager
instanceKlass kafka/server/AlterPartitionManager
instanceKlass org/apache/kafka/server/NodeToControllerChannelManager
instanceKlass kafka/server/ControllerNodeProvider
instanceKlass kafka/server/MetadataSupport
instanceKlass kafka/server/metadata/ConfigRepository
instanceKlass kafka/server/MetadataCache
instanceKlass org/apache/kafka/server/util/Scheduler
instanceKlass com/yammer/metrics/core/Gauge
instanceKlass com/yammer/metrics/core/Metric
instanceKlass org/apache/kafka/server/metrics/KafkaMetricsGroup
instanceKlass kafka/server/KafkaServer
instanceKlass kafka/server/KafkaBroker
instanceKlass  @bci kafka/server/KafkaConfig validateValues ()V 2208 <appendix> argL0 ; # kafka/server/KafkaConfig$$Lambda+0x00000219011b78a8
instanceKlass  @bci kafka/server/KafkaConfig validateValues ()V 2169 <appendix> argL0 ; # kafka/server/KafkaConfig$$Lambda+0x00000219011b7600
instanceKlass  @bci kafka/server/KafkaConfig validateValues ()V 2130 <appendix> argL0 ; # kafka/server/KafkaConfig$$Lambda+0x00000219011b7358
instanceKlass  @bci kafka/server/KafkaConfig validateValues ()V 2091 <appendix> argL0 ; # kafka/server/KafkaConfig$$Lambda+0x00000219011b70b0
instanceKlass  @bci kafka/server/KafkaConfig validateValues ()V 2052 <appendix> argL0 ; # kafka/server/KafkaConfig$$Lambda+0x00000219011b6e08
instanceKlass  @bci kafka/server/KafkaConfig validateValues ()V 2013 <appendix> argL0 ; # kafka/server/KafkaConfig$$Lambda+0x00000219011b6b60
instanceKlass  @bci kafka/server/KafkaConfig validateValues ()V 1974 <appendix> argL0 ; # kafka/server/KafkaConfig$$Lambda+0x00000219011b68b8
instanceKlass  @bci kafka/server/KafkaConfig validateValues ()V 1955 <appendix> argL0 ; # kafka/server/KafkaConfig$$Lambda+0x00000219011b6610
instanceKlass  @bci kafka/server/KafkaConfig validateValues ()V 1922 <appendix> member <vmtarget> ; # kafka/server/KafkaConfig$$Lambda+0x00000219011b6360
instanceKlass  @bci kafka/server/KafkaConfig validateValues ()V 1799 <appendix> argL0 ; # kafka/server/KafkaConfig$$Lambda+0x00000219011b5148
instanceKlass  @bci kafka/server/KafkaConfig validateValues ()V 1748 <appendix> argL0 ; # kafka/server/KafkaConfig$$Lambda+0x00000219011b4000
instanceKlass  @bci kafka/server/KafkaConfig validateValues ()V 1692 <appendix> argL0 ; # kafka/server/KafkaConfig$$Lambda+0x00000219011afd18
instanceKlass  @bci kafka/server/KafkaConfig validateValues ()V 1651 <appendix> member <vmtarget> ; # kafka/server/KafkaConfig$$Lambda+0x00000219011afa68
instanceKlass  @bci kafka/server/KafkaConfig validateValues ()V 1462 <appendix> member <vmtarget> ; # kafka/server/KafkaConfig$$Lambda+0x00000219011af7b8
instanceKlass org/apache/kafka/storage/internals/log/LogConfig$MessageFormatVersion
instanceKlass  @bci kafka/server/KafkaConfig controlPlaneListenerName ()Lscala/Option; 4 <appendix> argL0 ; # kafka/server/KafkaConfig$$Lambda+0x00000219011aedb8
instanceKlass  @bci kafka/server/KafkaConfig validateValues ()V 1307 <appendix> argL0 ; # kafka/server/KafkaConfig$$Lambda+0x00000219011aeb10
instanceKlass  @bci kafka/server/KafkaConfig validateValues ()V 1289 <appendix> argL0 ; # kafka/server/KafkaConfig$$Lambda+0x00000219011ae758
instanceKlass  @bci kafka/server/KafkaConfig validateValues ()V 1274 <appendix> member <vmtarget> ; # kafka/server/KafkaConfig$$Lambda+0x00000219011ae4a8
instanceKlass  @bci kafka/server/KafkaConfig validateValues ()V 1252 <appendix> member <vmtarget> ; # kafka/server/KafkaConfig$$Lambda+0x00000219011ae1f8
instanceKlass  @bci kafka/server/KafkaConfig validateValues ()V 1186 <appendix> argL0 ; # kafka/server/KafkaConfig$$Lambda+0x00000219011ade40
instanceKlass  @bci kafka/server/KafkaConfig validateAdvertisedListenersNonEmptyForBroker$1 (Lscala/collection/immutable/Set;)V 10 <appendix> member <vmtarget> ; # kafka/server/KafkaConfig$$Lambda+0x00000219011adb90
instanceKlass  @bci kafka/server/KafkaConfig validateValues ()V 1169 <appendix> member <vmtarget> ; # kafka/server/KafkaConfig$$Lambda+0x00000219011ad8e0
instanceKlass kafka/server/KafkaRaftServer$ControllerRole$
instanceKlass kafka/server/KafkaRaftServer$BrokerRole$
instanceKlass kafka/server/KafkaRaftServer$ProcessRole
# instanceKlass java/lang/invoke/LambdaForm$DMH+0x00000219011b0000
instanceKlass  @bci kafka/server/KafkaConfig validateValues ()V 697 <appendix> argL0 ; # kafka/server/KafkaConfig$$Lambda+0x00000219011ac850
instanceKlass  @bci kafka/server/KafkaConfig effectiveAdvertisedListeners ()Lscala/collection/Seq; 33 <appendix> member <vmtarget> ; # kafka/server/KafkaConfig$$Lambda+0x00000219011ac490
instanceKlass  @bci kafka/server/KafkaConfig validateValues ()V 685 <appendix> argL0 ; # kafka/server/KafkaConfig$$Lambda+0x00000219011ac1e8
instanceKlass  @bci kafka/server/KafkaConfig validateValues ()V 632 <appendix> argL0 ; # kafka/server/KafkaConfig$$Lambda+0x00000219011abf40
instanceKlass  @bci kafka/server/KafkaConfig validateValues ()V 591 <appendix> argL0 ; # kafka/server/KafkaConfig$$Lambda+0x00000219011abc98
instanceKlass  @bci kafka/server/KafkaConfig validateValues ()V 552 <appendix> argL0 ; # kafka/server/KafkaConfig$$Lambda+0x00000219011ab9f0
instanceKlass  @bci kafka/server/KafkaConfig validateValues ()V 433 <appendix> argL0 ; # kafka/server/KafkaConfig$$Lambda+0x00000219011ab748
instanceKlass  @bci kafka/server/KafkaConfig validateValues ()V 413 <appendix> argL0 ; # kafka/server/KafkaConfig$$Lambda+0x00000219011ab4a0
instanceKlass  @bci kafka/server/KafkaConfig logRetentionTimeMillis ()J 29 <adapter> ; # java/lang/invoke/LambdaForm$MH+0x00000219011a1c00
# instanceKlass java/lang/invoke/LambdaForm$DMH+0x00000219011a1800
instanceKlass  @bci kafka/server/KafkaConfig logRetentionTimeMillis ()J 29 <appendix> form vmentry <vmtarget> ; # java/lang/invoke/LambdaForm$DMH+0x00000219011a1400
instanceKlass  @bci kafka/server/KafkaConfig logRetentionTimeMillis ()J 29 <appendix> member <vmtarget> ; # kafka/server/KafkaConfig$$Lambda+0x00000219011ab1f0
instanceKlass  @cpi kafka/server/KafkaConfig 2896 form vmentry <vmtarget> ; # java/lang/invoke/LambdaForm$DMH+0x00000219011a1000
instanceKlass  @bci kafka/server/KafkaConfig validateValues ()V 377 <appendix> argL0 ; # kafka/server/KafkaConfig$$Lambda+0x00000219011aaf48
instanceKlass  @bci kafka/server/KafkaConfig logRollTimeJitterMillis ()Ljava/lang/Long; 17 <appendix> member <vmtarget> ; # kafka/server/KafkaConfig$$Lambda+0x00000219011aac98
instanceKlass  @bci kafka/server/KafkaConfig validateValues ()V 346 <appendix> argL0 ; # kafka/server/KafkaConfig$$Lambda+0x00000219011aa9f0
instanceKlass  @bci kafka/server/KafkaConfig logRollTimeMillis ()Ljava/lang/Long; 17 <appendix> member <vmtarget> ; # kafka/server/KafkaConfig$$Lambda+0x00000219011aa740
instanceKlass  @bci kafka/server/KafkaConfig validateValues ()V 158 <appendix> argL0 ; # kafka/server/KafkaConfig$$Lambda+0x00000219011aa498
instanceKlass  @bci kafka/server/KafkaConfig <init> (ZLjava/util/Map;Lscala/Option;)V 2720 <appendix> member <vmtarget> ; # kafka/server/KafkaConfig$$Lambda+0x00000219011aa1e8
instanceKlass  @bci kafka/server/KafkaConfig <init> (ZLjava/util/Map;Lscala/Option;)V 2466 <appendix> argL0 ; # kafka/server/KafkaConfig$$Lambda+0x00000219011a9e30
instanceKlass org/apache/kafka/coordinator/group/assignor/AbstractUniformAssignmentBuilder
instanceKlass  @bci kafka/server/KafkaConfig <init> (ZLjava/util/Map;Lscala/Option;)V 2080 <appendix> argL0 ; # kafka/server/KafkaConfig$$Lambda+0x00000219011a9418
instanceKlass  @bci kafka/server/KafkaConfig <init> (ZLjava/util/Map;Lscala/Option;)V 2067 <appendix> argL0 ; # kafka/server/KafkaConfig$$Lambda+0x00000219011a9060
instanceKlass  @bci kafka/server/KafkaConfig <init> (ZLjava/util/Map;Lscala/Option;)V 1316 <appendix> member <vmtarget> ; # kafka/server/KafkaConfig$$Lambda+0x00000219011a3ad8
instanceKlass  @bci kafka/server/KafkaConfig <init> (ZLjava/util/Map;Lscala/Option;)V 1183 <appendix> argL0 ; # kafka/server/KafkaConfig$$Lambda+0x00000219011a3418
instanceKlass  @bci kafka/server/KafkaConfig <init> (ZLjava/util/Map;Lscala/Option;)V 902 <appendix> argL0 ; # kafka/server/KafkaConfig$$Lambda+0x00000219011a3060
instanceKlass  @bci kafka/server/KafkaConfig controllerListenerNames ()Lscala/collection/Seq; 16 <appendix> argL0 ; # kafka/server/KafkaConfig$$Lambda+0x00000219011a78d0
instanceKlass  @bci kafka/server/KafkaConfig controllerListeners ()Lscala/collection/Seq; 5 <appendix> member <vmtarget> ; # kafka/server/KafkaConfig$$Lambda+0x00000219011a7510
instanceKlass scala/collection/immutable/SetBuilderImpl
instanceKlass scala/collection/immutable/StrictOptimizedSetOps
instanceKlass scala/collection/StrictOptimizedSetOps
instanceKlass  @bci kafka/server/KafkaConfig <init> (ZLjava/util/Map;Lscala/Option;)V 878 <appendix> argL0 ; # kafka/server/KafkaConfig$$Lambda+0x000002190119e6d8
instanceKlass  @bci kafka/server/FullFetchContext updateAndGenerateResponseData (Ljava/util/LinkedHashMap;)Lorg/apache/kafka/common/requests/FetchResponse; 40 <adapter> ; # java/lang/invoke/LambdaForm$MH+0x00000219011a0c00
# instanceKlass java/lang/invoke/LambdaForm$DMH+0x00000219011a0800
instanceKlass  @bci kafka/server/FullFetchContext updateAndGenerateResponseData (Ljava/util/LinkedHashMap;)Lorg/apache/kafka/common/requests/FetchResponse; 40 <appendix> form vmentry <vmtarget> ; # java/lang/invoke/LambdaForm$DMH+0x00000219011a0400
instanceKlass  @bci kafka/utils/CoreUtils$ validate$1 (Lscala/collection/Seq;Ljava/lang/String;Z)V 138 <appendix> member <vmtarget> ; # kafka/utils/CoreUtils$$$Lambda+0x000002190119e318
instanceKlass  @cpi kafka/network/ConnectionQuotas 745 form vmentry <vmtarget> ; # java/lang/invoke/LambdaForm$DMH+0x00000219011a0000
instanceKlass  @bci kafka/utils/CoreUtils$ validate$1 (Lscala/collection/Seq;Ljava/lang/String;Z)V 122 <appendix> argL0 ; # kafka/utils/CoreUtils$$$Lambda+0x000002190119df60
instanceKlass  @bci scala/collection/StrictOptimizedIterableOps partition (Lscala/Function1;)Lscala/Tuple2; 23 <appendix> member <vmtarget> ; # scala/collection/StrictOptimizedIterableOps$$Lambda+0x000002190119dba0
instanceKlass  @bci kafka/utils/CoreUtils$ validate$1 (Lscala/collection/Seq;Ljava/lang/String;Z)V 81 <appendix> argL0 ; # kafka/utils/CoreUtils$$$Lambda+0x000002190119ce08
instanceKlass scala/collection/immutable/MapNode$
instanceKlass scala/collection/immutable/HashMap$
instanceKlass  @bci scala/collection/IterableOps groupBy (Lscala/Function1;)Lscala/collection/immutable/Map; 48 <appendix> member <vmtarget> ; # scala/collection/IterableOps$$Lambda+0x000002190119b3b0
instanceKlass  @bci kafka/utils/CoreUtils$ validate$1 (Lscala/collection/Seq;Ljava/lang/String;Z)V 71 <appendix> argL0 ; # kafka/utils/CoreUtils$$$Lambda+0x000002190119aff8
instanceKlass  @bci kafka/utils/CoreUtils$ validate$1 (Lscala/collection/Seq;Ljava/lang/String;Z)V 58 <appendix> argL0 ; # kafka/utils/CoreUtils$$$Lambda+0x000002190119ac40
instanceKlass  @bci kafka/utils/CoreUtils$ validate$1 (Lscala/collection/Seq;Ljava/lang/String;Z)V 49 <appendix> member <vmtarget> ; # kafka/utils/CoreUtils$$$Lambda+0x000002190119a990
instanceKlass scala/collection/mutable/HashSet$Node
instanceKlass scala/collection/mutable/HashSet$
instanceKlass  @bci scala/collection/SeqOps distinct ()Ljava/lang/Object; 1 <appendix> argL0 ; # scala/collection/SeqOps$$Lambda+0x0000021901195e00
instanceKlass  @bci kafka/utils/CoreUtils$ validate$1 (Lscala/collection/Seq;Ljava/lang/String;Z)V 1 <appendix> argL0 ; # kafka/utils/CoreUtils$$$Lambda+0x0000021901195a48
instanceKlass  @bci kafka/cluster/EndPoint$ securityProtocol$1 (Lorg/apache/kafka/common/network/ListenerName;Lscala/collection/Map;)Lorg/apache/kafka/common/security/auth/SecurityProtocol; 3 <appendix> member <vmtarget> ; # kafka/cluster/EndPoint$$$Lambda+0x0000021901195798
instanceKlass  @bci kafka/cluster/EndPoint$ createEndPoint (Ljava/lang/String;Lscala/Option;)Lkafka/cluster/EndPoint; 1 <appendix> argL0 ; # kafka/cluster/EndPoint$$$Lambda+0x00000219011954f0
instanceKlass scala/collection/mutable/Builder$$anon$1
instanceKlass  @bci scala/collection/mutable/ArraySeq$ newBuilder (Lscala/reflect/ClassTag;)Lscala/collection/mutable/Builder; 309 <appendix> argL0 ; # scala/collection/mutable/ArraySeq$$$Lambda+0x0000021901194e88
instanceKlass scala/collection/ClassTagIterableFactory$AnyIterableDelegate
instanceKlass scala/collection/mutable/ArraySeq$
instanceKlass scala/collection/StrictOptimizedClassTagSeqFactory
instanceKlass scala/collection/ClassTagSeqFactory
instanceKlass  @bci kafka/utils/CoreUtils$ listenerListToEndPoints (Ljava/lang/String;Lscala/collection/Map;Z)Lscala/collection/Seq; 6 <appendix> member <vmtarget> ; # kafka/utils/CoreUtils$$$Lambda+0x0000021901193ce8
instanceKlass kafka/cluster/EndPoint
instanceKlass  @bci kafka/utils/CoreUtils$ parseCsvList (Ljava/lang/String;)Lscala/collection/Seq; 40 <appendix> argL0 ; # kafka/utils/CoreUtils$$$Lambda+0x0000021901193638
instanceKlass  @bci kafka/server/KafkaConfig effectiveListenerSecurityProtocolMap ()Lscala/collection/Map; 21 <appendix> member <vmtarget> ; # kafka/server/KafkaConfig$$Lambda+0x0000021901191dd0
instanceKlass  @bci kafka/utils/CoreUtils$ parseCsvMap (Ljava/lang/String;)Lscala/collection/Map; 36 <appendix> argL0 ; # kafka/utils/CoreUtils$$$Lambda+0x0000021901191a18
instanceKlass  @bci kafka/server/KafkaConfig $anonfun$zkListConfigOrSystemProperty$1 (Lkafka/server/KafkaConfig;Ljava/lang/String;)Lscala/Option; 11 <appendix> argL0 ; # kafka/server/KafkaConfig$$Lambda+0x0000021901191660
instanceKlass  @bci kafka/server/KafkaConfig zkListConfigOrSystemProperty (Ljava/lang/String;)Lscala/Option; 13 <appendix> member <vmtarget> ; # kafka/server/KafkaConfig$$Lambda+0x00000219011913b0
instanceKlass  @bci kafka/server/KafkaConfig $anonfun$zkPasswordConfigOrSystemProperty$1 (Lkafka/server/KafkaConfig;Ljava/lang/String;)Lscala/Option; 11 <appendix> argL0 ; # kafka/server/KafkaConfig$$Lambda+0x0000021901190ff8
instanceKlass  @bci kafka/server/KafkaConfig zkPasswordConfigOrSystemProperty (Ljava/lang/String;)Lscala/Option; 13 <appendix> member <vmtarget> ; # kafka/server/KafkaConfig$$Lambda+0x0000021901190d48
instanceKlass  @bci kafka/server/KafkaConfig zkOptionalStringConfigOrSystemProperty (Ljava/lang/String;)Lscala/Option; 13 <appendix> member <vmtarget> ; # kafka/server/KafkaConfig$$Lambda+0x0000021901190a98
instanceKlass  @bci kafka/server/KafkaConfig <init> (ZLjava/util/Map;Lscala/Option;)V 122 <appendix> member <vmtarget> ; # kafka/server/KafkaConfig$$Lambda+0x00000219011907c8
instanceKlass  @bci kafka/server/KafkaConfig <init> (ZLjava/util/Map;Lscala/Option;)V 113 <appendix> argL0 ; # kafka/server/KafkaConfig$$Lambda+0x0000021901190410
instanceKlass java/util/concurrent/atomic/AtomicReference
instanceKlass org/slf4j/helpers/FormattingTuple
instanceKlass org/slf4j/helpers/MessageFormatter
instanceKlass javax/net/ssl/X509TrustManager
instanceKlass javax/net/ssl/TrustManager
instanceKlass javax/net/ssl/ManagerFactoryParameters
instanceKlass java/security/cert/CertPathParameters
instanceKlass java/security/cert/CertSelector
instanceKlass org/apache/zookeeper/common/X509Util
instanceKlass org/apache/zookeeper/common/ZKConfig
instanceKlass  @bci kafka/server/DynamicBrokerConfig maybeCreatePasswordEncoder (Lscala/Option;)Lscala/Option; 2 <appendix> member <vmtarget> ; # kafka/server/DynamicBrokerConfig$$Lambda+0x000002190118f8f8
instanceKlass kafka/utils/EncryptingPasswordEncoder
instanceKlass kafka/utils/PasswordEncoder
instanceKlass scala/Option$
instanceKlass scala/collection/mutable/SeqMap
instanceKlass scala/collection/mutable/HashMap$Node
instanceKlass scala/runtime/RichInt$
instanceKlass scala/collection/mutable/HashMap$
instanceKlass jdk/internal/math/MathUtils
instanceKlass jdk/internal/math/DoubleToDecimal
instanceKlass scala/collection/convert/AsJavaExtensions$MapHasAsJava
instanceKlass scala/collection/convert/JavaCollectionWrappers$JMapWrapperLike
instanceKlass scala/collection/convert/AsScalaExtensions$MapHasAsScala
instanceKlass org/apache/kafka/common/config/types/Password
instanceKlass kafka/server/BrokerReconfigurable
instanceKlass org/apache/kafka/common/Reconfigurable
instanceKlass  @bci kafka/server/KafkaConfig <init> (ZLjava/util/Map;Lscala/Option;)V 37 <appendix> member <vmtarget> ; # kafka/server/KafkaConfig$$Lambda+0x0000021901183bb0
instanceKlass kafka/server/DynamicBrokerConfig
instanceKlass  @bci kafka/server/KafkaConfig parseProcessRoles ()Lscala/collection/immutable/Set; 19 <appendix> argL0 ; # kafka/server/KafkaConfig$$Lambda+0x0000021901182470
instanceKlass  @bci org/apache/kafka/common/config/AbstractConfig resolveConfigVariables (Ljava/util/Map;Ljava/util/Map;)Ljava/util/Map; 126 <appendix> argL0 ; # org/apache/kafka/common/config/AbstractConfig$$Lambda+0x0000021901181e60
instanceKlass org/apache/kafka/common/config/provider/ConfigProvider
instanceKlass  @bci kafka/server/KafkaConfig$ <clinit> ()V 15151 <appendix> argL0 ; # kafka/server/KafkaConfig$$$Lambda+0x0000021901180ee0
instanceKlass  @cpi kafka/server/KafkaConfig$ 5138 form vmentry <vmtarget> ; # java/lang/invoke/LambdaForm$DMH+0x0000021901184000
instanceKlass org/apache/kafka/common/config/ConfigDef$NonEmptyString
instanceKlass org/apache/kafka/server/log/remote/storage/RemoteLogManagerConfig
instanceKlass org/apache/kafka/raft/RaftConfig$ControllerQuorumVotersValidator
instanceKlass scala/collection/mutable/ArrayBuilder$
instanceKlass  @bci org/apache/kafka/common/utils/Utils enumOptions (Ljava/lang/Class;)[Ljava/lang/String; 63 <appendix> argL0 ; # org/apache/kafka/common/utils/Utils$$Lambda+0x00000219011806a0
instanceKlass  @bci org/apache/kafka/common/utils/Utils enumOptions (Ljava/lang/Class;)[Ljava/lang/String; 53 <appendix> argL0 ; # org/apache/kafka/common/utils/Utils$$Lambda+0x0000021901180470
instanceKlass  @bci java/util/stream/MatchOps makeRef (Ljava/util/function/Predicate;Ljava/util/stream/MatchOps$MatchKind;)Ljava/util/stream/TerminalOp; 20 <appendix> member <vmtarget> ; # java/util/stream/MatchOps$$Lambda+0x00000219010a6418
instanceKlass java/util/stream/MatchOps$BooleanTerminalSink
instanceKlass java/util/stream/MatchOps$MatchOp
instanceKlass java/util/stream/MatchOps
instanceKlass  @bci org/apache/kafka/storage/internals/log/ThrottledReplicaListValidator ensureValid (Ljava/lang/String;Ljava/lang/Object;)V 44 <appendix> argL0 ; # org/apache/kafka/storage/internals/log/ThrottledReplicaListValidator$$Lambda+0x0000021901180230
instanceKlass  @bci org/apache/kafka/storage/internals/log/ThrottledReplicaListValidator ensureValid (Ljava/lang/String;Ljava/lang/Object;)V 16 <appendix> argL0 ; # org/apache/kafka/storage/internals/log/ThrottledReplicaListValidator$$Lambda+0x0000021901180000
instanceKlass org/apache/kafka/storage/internals/log/ThrottledReplicaListValidator
instanceKlass  @bci org/apache/kafka/server/common/MetadataVersion fromVersionString (Ljava/lang/String;)Lorg/apache/kafka/server/common/MetadataVersion; 64 <appendix> member <vmtarget> ; # org/apache/kafka/server/common/MetadataVersion$$Lambda+0x000002190117f9d8
instanceKlass org/apache/kafka/server/common/MetadataVersionValidator
instanceKlass  @bci org/apache/kafka/server/record/BrokerCompressionType names ()Ljava/util/List; 8 <appendix> argL0 ; # org/apache/kafka/server/record/BrokerCompressionType$$Lambda+0x000002190117f590
instanceKlass org/apache/kafka/common/config/AbstractConfig
instanceKlass org/apache/kafka/common/config/ConfigDef$NonNullValidator
instanceKlass org/apache/kafka/common/config/ConfigDef$ValidString
instanceKlass org/apache/kafka/common/config/ConfigDef$ValidList
instanceKlass org/apache/kafka/common/config/ConfigDef$Range
instanceKlass org/apache/kafka/common/config/ConfigDef$3
instanceKlass org/apache/kafka/common/config/ConfigDef$ConfigKey
instanceKlass org/apache/kafka/common/config/ConfigDef$Recommender
instanceKlass org/apache/kafka/common/config/ConfigDef
instanceKlass  @bci kafka/server/KafkaConfig$ <clinit> ()V 5594 <appendix> argL0 ; # kafka/server/KafkaConfig$$$Lambda+0x000002190117b3f8
instanceKlass org/apache/kafka/server/authorizer/Authorizer
instanceKlass org/apache/kafka/common/Configurable
instanceKlass org/apache/kafka/raft/RaftConfig$UnknownAddressSpec
instanceKlass org/apache/kafka/raft/RaftConfig$AddressSpec
instanceKlass org/apache/kafka/raft/RaftConfig
instanceKlass org/apache/kafka/common/config/internals/BrokerSecurityConfigs
instanceKlass org/apache/kafka/common/security/authenticator/DefaultKafkaPrincipalBuilder
instanceKlass org/apache/kafka/common/security/auth/KafkaPrincipalSerde
instanceKlass org/apache/kafka/common/security/auth/KafkaPrincipalBuilder
instanceKlass scala/collection/mutable/MutationTracker$
instanceKlass  @bci scala/collection/mutable/ArrayBuffer view ()Lscala/collection/mutable/ArrayBufferView; 6 <appendix> member <vmtarget> ; # scala/collection/mutable/ArrayBuffer$$Lambda+0x0000021901176c88
instanceKlass scala/runtime/java8/JFunction0$mcI$sp
instanceKlass scala/collection/convert/AsJavaExtensions$BufferHasAsJava
instanceKlass scala/collection/convert/JavaCollectionWrappers$IteratorWrapper
instanceKlass scala/collection/convert/AsScalaExtensions$IteratorHasAsScala
instanceKlass scala/collection/mutable/IndexedBuffer
instanceKlass scala/collection/mutable/GrowableBuilder
instanceKlass scala/collection/mutable/ArrayBuffer$
instanceKlass  @bci kafka/server/Defaults$ <clinit> ()V 1007 <appendix> argL0 ; # kafka/server/Defaults$$$Lambda+0x000002190116ed78
instanceKlass scala/collection/convert/AsScalaExtensions$ListHasAsScala
instanceKlass  @bci javax/net/ssl/TrustManagerFactory getDefaultAlgorithm ()Ljava/lang/String; 0 <appendix> argL0 ; # javax/net/ssl/TrustManagerFactory$$Lambda+0x00000219010a54c8
instanceKlass javax/net/ssl/TrustManagerFactory
instanceKlass  @bci javax/net/ssl/KeyManagerFactory getDefaultAlgorithm ()Ljava/lang/String; 0 <appendix> argL0 ; # javax/net/ssl/KeyManagerFactory$$Lambda+0x00000219010a50b8
instanceKlass javax/net/ssl/KeyManagerFactory
instanceKlass org/apache/kafka/common/utils/Java$Version
instanceKlass org/apache/kafka/common/utils/Java
instanceKlass org/apache/kafka/common/config/SslConfigs
instanceKlass kafka/server/ReplicationQuotaManagerConfig$
instanceKlass kafka/server/ClientQuotaManagerConfig$
instanceKlass kafka/coordinator/transaction/BaseKey
instanceKlass org/apache/kafka/common/protocol/Readable
instanceKlass org/apache/kafka/common/protocol/Message
instanceKlass kafka/coordinator/transaction/TransactionLog$
instanceKlass kafka/coordinator/transaction/TransactionStateManager$
instanceKlass kafka/coordinator/group/OffsetConfig$
instanceKlass org/apache/kafka/coordinator/group/assignor/RangeAssignor
instanceKlass org/apache/kafka/coordinator/group/assignor/UniformAssignor
instanceKlass org/apache/kafka/coordinator/group/assignor/PartitionAssignor
instanceKlass scala/collection/convert/JavaCollectionWrappers$IterableWrapperTrait
instanceKlass scala/collection/mutable/Set
instanceKlass scala/collection/mutable/SetOps
instanceKlass scala/collection/concurrent/Map
instanceKlass scala/jdk/javaapi/CollectionConverters$
instanceKlass scala/collection/convert/AsScalaConverters
instanceKlass scala/collection/convert/AsJavaConverters
instanceKlass scala/collection/convert/AsJavaExtensions$SeqHasAsJava
instanceKlass scala/jdk/CollectionConverters$
instanceKlass scala/collection/convert/AsScalaExtensions
instanceKlass scala/collection/convert/AsJavaExtensions
instanceKlass org/apache/kafka/clients/CommonClientConfigs
instanceKlass  @bci kafka/server/Defaults$ <clinit> ()V 169 <appendix> argL0 ; # kafka/server/Defaults$$$Lambda+0x0000021901164d10
instanceKlass scala/$less$colon$less$
instanceKlass org/apache/kafka/common/network/ListenerName
instanceKlass scala/reflect/ClassTag$GenericClassTag
instanceKlass scala/runtime/ClassValueCompat$
instanceKlass scala/runtime/ClassValueCompat
instanceKlass scala/runtime/ClassValueCompat$ClassValueInterface
instanceKlass scala/reflect/ClassTag$
instanceKlass  @bci kafka/cluster/EndPoint$ <clinit> ()V 42 <appendix> argL0 ; # kafka/cluster/EndPoint$$$Lambda+0x00000219011630e8
instanceKlass java/lang/Short$ShortCache
instanceKlass scala/util/matching/UnanchoredRegex
instanceKlass scala/util/matching/Regex
instanceKlass  @bci scala/collection/StringOps$ <clinit> ()V 10 <appendix> argL0 ; # scala/collection/StringOps$$$Lambda+0x0000021901162478
instanceKlass scala/collection/StringOps$
instanceKlass kafka/cluster/EndPoint$
instanceKlass kafka/server/Defaults$
instanceKlass scala/math/package$
instanceKlass scala/math/Ordering$String$
instanceKlass scala/math/Ordering$StringOrdering
instanceKlass  @bci kafka/server/KafkaConfig$ <clinit> ()V 2617 <appendix> argL0 ; # kafka/server/KafkaConfig$$$Lambda+0x000002190115f780
instanceKlass scala/collection/mutable/Buffer
instanceKlass scala/collection/MapOps$GenKeySet
instanceKlass  @bci java/util/Collections$UnmodifiableMap$UnmodifiableEntrySet entryConsumer (Ljava/util/function/Consumer;)Ljava/util/function/Consumer; 1 <appendix> member <vmtarget> ; # java/util/Collections$UnmodifiableMap$UnmodifiableEntrySet$$Lambda+0x00000219010a40f8
instanceKlass  @bci org/apache/kafka/server/config/ServerTopicConfigSynonyms <clinit> ()V 424 <appendix> argL0 ; # org/apache/kafka/server/config/ServerTopicConfigSynonyms$$Lambda+0x0000021901155000
instanceKlass  @bci org/apache/kafka/server/config/ServerTopicConfigSynonyms <clinit> ()V 419 <appendix> argL0 ; # org/apache/kafka/server/config/ServerTopicConfigSynonyms$$Lambda+0x0000021901157d78
instanceKlass java/util/Collections$UnmodifiableMap$UnmodifiableEntrySet$UnmodifiableEntrySetSpliterator
instanceKlass  @bci org/apache/kafka/server/config/ServerTopicConfigSynonyms listWithLogPrefix (Ljava/lang/String;[Lorg/apache/kafka/server/config/ConfigSynonym;)Ljava/util/Map$Entry; 4 <appendix> argL0 ; # org/apache/kafka/server/config/ServerTopicConfigSynonyms$$Lambda+0x0000021901157b48
instanceKlass java/util/AbstractMap$SimpleEntry
instanceKlass  @bci org/apache/kafka/server/config/ConfigSynonym <clinit> ()V 16 <appendix> argL0 ; # org/apache/kafka/server/config/ConfigSynonym$$Lambda+0x0000021901157918
instanceKlass  @bci org/apache/kafka/server/config/ConfigSynonym <clinit> ()V 8 <appendix> argL0 ; # org/apache/kafka/server/config/ConfigSynonym$$Lambda+0x00000219011576e8
instanceKlass org/apache/kafka/server/config/ConfigSynonym
instanceKlass org/apache/kafka/server/config/ServerTopicConfigSynonyms
instanceKlass scala/Function2
instanceKlass scala/collection/immutable/Node$
instanceKlass scala/collection/Hashing$
instanceKlass scala/Array$
instanceKlass scala/collection/immutable/Node
instanceKlass scala/collection/immutable/HashMapBuilder
instanceKlass scala/util/hashing/MurmurHash3
instanceKlass  @bci scala/runtime/Statics releaseFence ()V 3 <adapter> ; # java/lang/invoke/LambdaForm$MH+0x0000021901154000
instanceKlass scala/runtime/Statics$VM
instanceKlass scala/runtime/Statics
instanceKlass scala/collection/MapView
instanceKlass scala/collection/immutable/MapBuilderImpl
instanceKlass scala/collection/immutable/SeqMap$SeqMap4
instanceKlass scala/collection/immutable/SeqMap$SeqMap3
instanceKlass scala/collection/immutable/SeqMap$SeqMap2
instanceKlass scala/collection/immutable/SeqMap$SeqMap1
instanceKlass scala/collection/immutable/SeqMap
instanceKlass scala/collection/SeqMap
instanceKlass scala/collection/immutable/StrictOptimizedMapOps
instanceKlass scala/collection/StrictOptimizedMapOps
instanceKlass scala/collection/ClassTagIterableFactory
instanceKlass scala/collection/EvidenceIterableFactory
instanceKlass scala/Predef$ArrowAssoc$
instanceKlass  @bci scala/collection/Map$ <clinit> ()V 20 <appendix> argL0 ; # scala/collection/Map$$$Lambda+0x000002190112fa90
instanceKlass scala/collection/MapFactory$Delegate
instanceKlass org/apache/kafka/common/config/ConfigDef$Validator
instanceKlass kafka/server/KafkaConfig$
instanceKlass  @bci java/util/regex/Pattern DOT ()Ljava/util/regex/Pattern$CharPredicate; 0 <appendix> argL0 ; # java/util/regex/Pattern$$Lambda+0x00000219010a3560
instanceKlass java/nio/file/FileVisitor
instanceKlass org/apache/kafka/common/utils/Utils
instanceKlass sun/security/util/ManifestEntryVerifier
instanceKlass jdk/internal/misc/ThreadTracker
instanceKlass java/util/jar/JarFile$ThreadTrackHolder
instanceKlass scala/runtime/BoxesRunTime
instanceKlass scala/collection/EvidenceIterableFactoryDefaults
instanceKlass scala/runtime/ScalaRunTime$
instanceKlass scala/reflect/NoManifest$
instanceKlass scala/reflect/ManifestFactory$ClassTypeManifest
instanceKlass scala/runtime/Null$
instanceKlass scala/collection/mutable/IndexedSeq
instanceKlass scala/collection/mutable/IndexedSeqOps
instanceKlass scala/collection/mutable/Seq
instanceKlass scala/collection/mutable/SeqOps
instanceKlass scala/reflect/AnyValManifest
instanceKlass scala/reflect/ManifestFactory$
instanceKlass scala/reflect/Manifest
instanceKlass scala/reflect/ClassTag
instanceKlass scala/reflect/ClassManifestDeprecatedApis
instanceKlass scala/reflect/OptManifest
instanceKlass scala/reflect/Manifest$
instanceKlass scala/Tuple2$
instanceKlass scala/collection/immutable/Set
instanceKlass scala/collection/immutable/SetOps
instanceKlass scala/collection/Set
instanceKlass scala/collection/SetOps
instanceKlass scala/collection/immutable/Set$
instanceKlass scala/collection/immutable/Map$
instanceKlass scala/util/Right$
instanceKlass scala/util/Left$
instanceKlass scala/util/Either
instanceKlass scala/util/Either$
instanceKlass scala/math/Ordering$
instanceKlass scala/math/LowPriorityOrderingImplicits
instanceKlass scala/math/Ordered$
instanceKlass scala/math/Numeric$
instanceKlass scala/math/Integral$
instanceKlass scala/math/Fractional$
instanceKlass scala/math/Equiv$
instanceKlass scala/math/LowPriorityEquiv
instanceKlass scala/math/Integral
instanceKlass scala/math/Ordered
instanceKlass scala/math/ScalaNumericConversions
instanceKlass scala/math/ScalaNumericAnyConversions
instanceKlass scala/math/BigInt$
instanceKlass java/math/MathContext
instanceKlass scala/math/BigDecimal$
instanceKlass scala/collection/immutable/Range$
instanceKlass scala/collection/mutable/StringBuilder$
instanceKlass  @bci scala/collection/immutable/LazyList$ <clinit> ()V 44 <appendix> argL0 ; # scala/collection/immutable/LazyList$$$Lambda+0x000002190110f2e0
instanceKlass  @bci scala/collection/immutable/LazyList$ <clinit> ()V 22 <appendix> argL0 ; # scala/collection/immutable/LazyList$$$Lambda+0x000002190110ee18
instanceKlass scala/collection/immutable/LazyList$State$Empty$
instanceKlass scala/collection/immutable/LazyList$State
instanceKlass scala/collection/immutable/LazyList$
instanceKlass scala/collection/immutable/Stream$
instanceKlass scala/collection/package$$colon$plus$
instanceKlass scala/collection/package$$plus$colon$
instanceKlass scala/collection/immutable/$colon$colon$
instanceKlass scala/collection/Iterator$
instanceKlass scala/collection/immutable/VectorStatics$
instanceKlass scala/collection/BufferedIterator
instanceKlass scala/collection/AbstractIterator
instanceKlass scala/collection/immutable/Vector$
instanceKlass scala/collection/SeqFactory$Delegate
instanceKlass scala/collection/immutable/List$$anon$1
instanceKlass scala/collection/Searching$SearchResult
instanceKlass scala/collection/mutable/Map
instanceKlass scala/collection/mutable/MapOps
instanceKlass scala/collection/mutable/Shrinkable
instanceKlass scala/collection/mutable/Cloneable
instanceKlass scala/collection/mutable/Iterable
instanceKlass scala/collection/WithFilter
instanceKlass scala/collection/MapFactory
instanceKlass scala/collection/immutable/Map
instanceKlass scala/collection/immutable/MapOps
instanceKlass scala/Product2$mcDJ$sp
instanceKlass scala/Product2$mcDI$sp
instanceKlass scala/Product2$mcJI$sp
instanceKlass scala/Product2$mcIJ$sp
instanceKlass scala/Product2$mcID$sp
instanceKlass scala/Product2$mcDD$sp
instanceKlass scala/Product2$mcJD$sp
instanceKlass scala/Product2$mcJJ$sp
instanceKlass scala/Product2$mcII$sp
instanceKlass scala/Tuple2
instanceKlass scala/Product2
instanceKlass scala/collection/generic/DefaultSerializable
instanceKlass scala/collection/StrictOptimizedLinearSeqOps
instanceKlass scala/collection/immutable/LinearSeq
instanceKlass scala/collection/immutable/LinearSeqOps
instanceKlass scala/collection/LinearSeq
instanceKlass scala/collection/LinearSeqOps
instanceKlass scala/collection/immutable/List$
instanceKlass scala/collection/StrictOptimizedSeqFactory
instanceKlass scala/collection/SeqFactory
instanceKlass scala/collection/BuildFrom
instanceKlass scala/collection/Factory
instanceKlass scala/math/Numeric
instanceKlass scala/collection/IterableFactory$Delegate
instanceKlass scala/collection/IterableFactory
instanceKlass scala/package$$anon$1
instanceKlass scala/Specializable
instanceKlass scala/package$
instanceKlass scala/LowPriorityImplicits2
instanceKlass  @bci scala/collection/ArrayOps$ <clinit> ()V 10 <appendix> argL0 ; # scala/collection/ArrayOps$$$Lambda+0x00000219010e9fe0
instanceKlass  @bci java/lang/invoke/BootstrapMethodInvoker invoke (Ljava/lang/Class;Ljava/lang/invoke/MethodHandle;Ljava/lang/String;Ljava/lang/Object;Ljava/lang/Object;Ljava/lang/Class;)Ljava/lang/Object; 462 <adapter> ; # java/lang/invoke/LambdaForm$MH+0x00000219010ec000
instanceKlass scala/math/Ordering
instanceKlass scala/math/PartialOrdering
instanceKlass scala/math/Equiv
instanceKlass scala/collection/DoubleStepper
instanceKlass scala/collection/Stepper$mcD$sp
instanceKlass scala/collection/LongStepper
instanceKlass scala/collection/Stepper$mcJ$sp
instanceKlass scala/collection/IntStepper
instanceKlass scala/collection/Stepper$mcI$sp
instanceKlass scala/collection/AnyStepper
instanceKlass scala/collection/Stepper
instanceKlass scala/collection/convert/impl/IndexedStepperBase
instanceKlass scala/collection/Stepper$EfficientSplit
instanceKlass scala/collection/AbstractIterable
instanceKlass scala/collection/immutable/StrictOptimizedSeqOps
instanceKlass scala/collection/IndexedSeqView
instanceKlass scala/collection/SeqView
instanceKlass scala/collection/View
instanceKlass scala/collection/immutable/IndexedSeq
instanceKlass scala/collection/immutable/IndexedSeqOps
instanceKlass scala/collection/IndexedSeq
instanceKlass scala/collection/IndexedSeqOps
instanceKlass scala/collection/StrictOptimizedSeqOps
instanceKlass scala/collection/StrictOptimizedIterableOps
instanceKlass scala/collection/Iterator
instanceKlass scala/collection/mutable/ArrayBuilder
instanceKlass scala/collection/mutable/ReusableBuilder
instanceKlass scala/collection/mutable/Builder
instanceKlass scala/collection/mutable/Growable
instanceKlass scala/collection/mutable/Clearable
instanceKlass scala/collection/ArrayOps$
instanceKlass joptsimple/internal/ConstructorInvokingValueConverter
instanceKlass joptsimple/internal/Classes
instanceKlass joptsimple/ValueConverter
instanceKlass joptsimple/internal/Reflection
instanceKlass joptsimple/ParserRules
instanceKlass joptsimple/internal/SimpleOptionNameMap
instanceKlass joptsimple/OptionParserState
instanceKlass joptsimple/internal/Rows
instanceKlass joptsimple/BuiltinHelpFormatter
instanceKlass joptsimple/AbstractOptionSpec
instanceKlass joptsimple/OptionDescriptor
instanceKlass joptsimple/internal/OptionNameMap
instanceKlass joptsimple/HelpFormatter
instanceKlass joptsimple/OptionParser
instanceKlass joptsimple/OptionDeclarer
instanceKlass java/nio/charset/CoderResult
instanceKlass scala/reflect/ScalaSignature
instanceKlass org/apache/commons/validator/routines/RegexValidator
instanceKlass org/apache/commons/validator/routines/InetAddressValidator
instanceKlass scala/$less$colon$less
instanceKlass scala/collection/Map
instanceKlass scala/collection/MapFactoryDefaults
instanceKlass scala/collection/MapOps
instanceKlass kafka/utils/CoreUtils$
instanceKlass kafka/utils/Log4jController
instanceKlass kafka/utils/Log4jControllerMBean
instanceKlass org/apache/log4j/CategoryKey
instanceKlass java/text/DontCareFieldPosition$1
instanceKlass java/text/Format$FieldDelegate
instanceKlass java/text/DigitList
instanceKlass java/text/FieldPosition
instanceKlass java/lang/StringUTF16$CharsSpliterator
instanceKlass java/util/stream/Sink$ChainedInt
instanceKlass  @bci java/util/stream/FindOps$FindSink$OfInt <clinit> ()V 43 <appendix> argL0 ; # java/util/stream/FindOps$FindSink$OfInt$$Lambda+0x800000049
instanceKlass  @bci java/util/stream/FindOps$FindSink$OfInt <clinit> ()V 38 <appendix> argL0 ; # java/util/stream/FindOps$FindSink$OfInt$$Lambda+0x80000004b
instanceKlass  @bci java/util/stream/FindOps$FindSink$OfInt <clinit> ()V 16 <appendix> argL0 ; # java/util/stream/FindOps$FindSink$OfInt$$Lambda+0x80000004a
instanceKlass  @bci java/util/stream/FindOps$FindSink$OfInt <clinit> ()V 11 <appendix> argL0 ; # java/util/stream/FindOps$FindSink$OfInt$$Lambda+0x80000004c
instanceKlass java/util/OptionalInt
instanceKlass java/util/stream/Sink$OfInt
instanceKlass java/util/function/IntConsumer
instanceKlass  @bci java/text/DecimalFormatSymbols findNonFormatChar (Ljava/lang/String;C)C 4 <appendix> argL0 ; # java/text/DecimalFormatSymbols$$Lambda+0x80000000d
instanceKlass java/util/function/IntPredicate
instanceKlass java/util/stream/IntStream
instanceKlass java/lang/StringLatin1$CharsSpliterator
instanceKlass  @bci sun/util/locale/provider/JRELocaleProviderAdapter getDecimalFormatSymbolsProvider ()Ljava/text/spi/DecimalFormatSymbolsProvider; 8 <appendix> member <vmtarget> ; # sun/util/locale/provider/JRELocaleProviderAdapter$$Lambda+0x80000006b
instanceKlass java/text/DecimalFormatSymbols
instanceKlass  @bci sun/util/locale/provider/JRELocaleProviderAdapter getNumberFormatProvider ()Ljava/text/spi/NumberFormatProvider; 8 <appendix> member <vmtarget> ; # sun/util/locale/provider/JRELocaleProviderAdapter$$Lambda+0x80000006c
instanceKlass sun/util/resources/Bundles$2
instanceKlass java/util/ArrayList$SubList$1
instanceKlass sun/util/resources/LocaleData$LocaleDataResourceBundleProvider
instanceKlass java/util/spi/ResourceBundleProvider
instanceKlass  @bci sun/util/locale/provider/JRELocaleProviderAdapter getDateFormatSymbolsProvider ()Ljava/text/spi/DateFormatSymbolsProvider; 8 <appendix> member <vmtarget> ; # sun/util/locale/provider/JRELocaleProviderAdapter$$Lambda+0x80000006a
instanceKlass java/text/DateFormatSymbols
instanceKlass java/text/AttributedCharacterIterator$Attribute
instanceKlass org/apache/log4j/spi/Filter
instanceKlass org/apache/log4j/helpers/COWArrayList
instanceKlass org/apache/log4j/helpers/AppenderAttachableImpl
instanceKlass java/util/Vector$1
instanceKlass org/apache/log4j/SortedKeyEnumeration
instanceKlass sun/util/calendar/CalendarUtils
instanceKlass sun/util/calendar/CalendarDate
instanceKlass sun/util/resources/Bundles$CacheKeyReference
instanceKlass  @bci java/util/ResourceBundle$ResourceBundleProviderHelper newResourceBundle (Ljava/lang/Class;)Ljava/util/ResourceBundle; 22 <appendix> member <vmtarget> ; # java/util/ResourceBundle$ResourceBundleProviderHelper$$Lambda+0x800000012
instanceKlass java/util/ResourceBundle$ResourceBundleProviderHelper
instanceKlass  @bci sun/util/cldr/CLDRLocaleProviderAdapter applyAliases (Ljava/util/Locale;)Ljava/util/Locale; 4 <appendix> argL0 ; # sun/util/cldr/CLDRLocaleProviderAdapter$$Lambda+0x800000064
instanceKlass sun/util/resources/Bundles$CacheKey
instanceKlass java/util/ResourceBundle$1
instanceKlass jdk/internal/access/JavaUtilResourceBundleAccess
instanceKlass sun/util/resources/Bundles
instanceKlass sun/util/resources/LocaleData$LocaleDataStrategy
instanceKlass sun/util/resources/Bundles$Strategy
instanceKlass sun/util/resources/LocaleData$1
instanceKlass sun/util/resources/LocaleData
instanceKlass sun/util/locale/provider/LocaleResources
instanceKlass  @bci sun/util/locale/provider/LocaleProviderAdapter toLocaleArray (Ljava/util/Set;)[Ljava/util/Locale; 16 <appendix> argL0 ; # sun/util/locale/provider/LocaleProviderAdapter$$Lambda+0x80000006e
instanceKlass  @bci sun/util/locale/provider/LocaleProviderAdapter toLocaleArray (Ljava/util/Set;)[Ljava/util/Locale; 6 <appendix> argL0 ; # sun/util/locale/provider/LocaleProviderAdapter$$Lambda+0x80000006d
instanceKlass  @bci sun/util/cldr/CLDRLocaleProviderAdapter getCalendarDataProvider ()Ljava/util/spi/CalendarDataProvider; 8 <appendix> member <vmtarget> ; # sun/util/cldr/CLDRLocaleProviderAdapter$$Lambda+0x800000067
instanceKlass java/util/ResourceBundle
instanceKlass java/util/ResourceBundle$Control
instanceKlass sun/util/locale/provider/CalendarDataUtility$CalendarWeekParameterGetter
instanceKlass sun/util/locale/provider/LocaleServiceProviderPool$LocalizedObjectGetter
instanceKlass sun/util/locale/provider/LocaleServiceProviderPool
instanceKlass java/util/Locale$Builder
instanceKlass sun/util/locale/provider/CalendarDataUtility
instanceKlass java/util/Calendar$Builder
instanceKlass sun/util/locale/provider/AvailableLanguageTags
instanceKlass  @bci sun/util/locale/provider/JRELocaleProviderAdapter getCalendarProvider ()Lsun/util/spi/CalendarProvider; 8 <appendix> member <vmtarget> ; # sun/util/locale/provider/JRELocaleProviderAdapter$$Lambda+0x800000068
instanceKlass sun/util/resources/cldr/provider/CLDRLocaleDataMetaInfo
instanceKlass jdk/internal/module/ModulePatcher$PatchedModuleReader
instanceKlass  @bci sun/util/cldr/CLDRLocaleProviderAdapter <init> ()V 4 <appendix> argL0 ; # sun/util/cldr/CLDRLocaleProviderAdapter$$Lambda+0x800000066
instanceKlass sun/util/locale/InternalLocaleBuilder$CaseInsensitiveChar
instanceKlass sun/util/locale/InternalLocaleBuilder
instanceKlass sun/util/locale/StringTokenIterator
instanceKlass sun/util/locale/ParseStatus
instanceKlass sun/util/locale/LanguageTag
instanceKlass sun/util/cldr/CLDRBaseLocaleDataMetaInfo
instanceKlass sun/util/locale/provider/LocaleDataMetaInfo
instanceKlass sun/util/locale/provider/ResourceBundleBasedAdapter
instanceKlass sun/util/locale/provider/LocaleProviderAdapter
instanceKlass java/util/spi/LocaleServiceProvider
instanceKlass sun/util/calendar/ZoneInfoFile$ZoneOffsetTransitionRule
instanceKlass sun/util/calendar/ZoneInfoFile$1
instanceKlass sun/util/calendar/ZoneInfoFile
instanceKlass java/util/TimeZone
instanceKlass java/util/Calendar
# instanceKlass java/lang/invoke/LambdaForm$MH+0x00000219010d0c00
# instanceKlass java/lang/invoke/LambdaForm$MH+0x00000219010d0800
# instanceKlass java/lang/invoke/LambdaForm$MH+0x00000219010d0400
instanceKlass org/apache/log4j/spi/LoggingEvent
instanceKlass java/beans/SimpleBeanInfo
instanceKlass java/beans/Transient
instanceKlass java/util/Collections$UnmodifiableMap$UnmodifiableEntrySet$UnmodifiableEntry
instanceKlass java/util/Collections$UnmodifiableMap$UnmodifiableEntrySet$1
instanceKlass jdk/internal/vm/annotation/IntrinsicCandidate
instanceKlass java/beans/BeanProperty
instanceKlass  @bci com/sun/beans/introspect/PropertyInfo get (Ljava/lang/Class;)Ljava/util/Map; 440 <appendix> argL0 ; # com/sun/beans/introspect/PropertyInfo$$Lambda+0x00000219010988a0
instanceKlass com/sun/beans/WildcardTypeImpl
instanceKlass com/sun/beans/introspect/PropertyInfo
instanceKlass  @bci com/sun/beans/introspect/EventSetInfo get (Ljava/lang/Class;)Ljava/util/Map; 314 <appendix> argL0 ; # com/sun/beans/introspect/EventSetInfo$$Lambda+0x0000021901097fc8
instanceKlass com/sun/beans/introspect/EventSetInfo
instanceKlass  @bci java/lang/reflect/Executable sharedToGenericString (IZ)Ljava/lang/String; 193 <appendix> argL0 ; # java/lang/reflect/Executable$$Lambda+0x00000219010979b0
instanceKlass  @cpi org/apache/kafka/storage/internals/log/ProducerStateManager 783 form vmentry <vmtarget> ; # java/lang/invoke/LambdaForm$DMH+0x00000219010d0000
instanceKlass java/lang/reflect/WildcardType
instanceKlass sun/reflect/generics/tree/Wildcard
instanceKlass sun/reflect/generics/tree/BottomSignature
instanceKlass com/sun/beans/WeakCache
instanceKlass com/sun/beans/TypeResolver
instanceKlass java/beans/MethodRef
instanceKlass com/sun/beans/introspect/MethodInfo$MethodOrder
instanceKlass com/sun/beans/introspect/MethodInfo
instanceKlass com/sun/beans/util/Cache$Ref
instanceKlass com/sun/beans/util/Cache$CacheEntry
instanceKlass com/sun/beans/util/Cache
instanceKlass com/sun/beans/introspect/ClassInfo
instanceKlass javax/swing/SwingContainer
instanceKlass java/beans/JavaBean
instanceKlass com/sun/beans/finder/ClassFinder
instanceKlass com/sun/beans/finder/InstanceFinder
instanceKlass java/beans/WeakIdentityMap
instanceKlass java/beans/ThreadGroupContext
instanceKlass java/beans/Introspector$1
instanceKlass jdk/internal/access/JavaBeansAccess
instanceKlass java/beans/FeatureDescriptor
instanceKlass java/beans/Introspector
instanceKlass java/beans/BeanInfo
instanceKlass org/apache/log4j/config/PropertySetter
instanceKlass org/apache/log4j/helpers/FormattingInfo
instanceKlass java/text/Format
instanceKlass org/apache/log4j/helpers/PatternConverter
instanceKlass org/apache/log4j/helpers/PatternParser
instanceKlass org/apache/log4j/helpers/OnlyOnceErrorHandler
instanceKlass org/apache/log4j/Layout
instanceKlass org/apache/log4j/spi/ErrorHandler
instanceKlass org/apache/log4j/AppenderSkeleton
instanceKlass org/apache/log4j/spi/OptionHandler
instanceKlass org/apache/log4j/helpers/Loader
instanceKlass org/apache/log4j/Appender
instanceKlass sun/net/www/MessageHeader
instanceKlass java/net/URLConnection
instanceKlass org/apache/log4j/PropertyConfigurator
instanceKlass org/apache/log4j/helpers/LogLog
instanceKlass org/apache/log4j/spi/Configurator
instanceKlass org/apache/log4j/helpers/OptionConverter
instanceKlass org/apache/log4j/spi/DefaultRepositorySelector
instanceKlass org/apache/log4j/DefaultCategoryFactory
instanceKlass org/apache/log4j/or/DefaultRenderer
instanceKlass org/apache/log4j/or/ObjectRenderer
instanceKlass org/apache/log4j/or/RendererMap
instanceKlass org/apache/log4j/spi/LoggerFactory
instanceKlass org/apache/log4j/Hierarchy
instanceKlass org/apache/log4j/spi/ThrowableRendererSupport
instanceKlass org/apache/log4j/spi/RendererSupport
instanceKlass org/apache/log4j/Category
instanceKlass org/apache/log4j/spi/AppenderAttachable
instanceKlass org/apache/log4j/spi/RepositorySelector
instanceKlass org/apache/log4j/spi/LoggerRepository
instanceKlass org/apache/log4j/LogManager
instanceKlass org/slf4j/helpers/NamedLoggerBase
instanceKlass org/slf4j/spi/LocationAwareLogger
instanceKlass org/slf4j/impl/Reload4jLoggerFactory
instanceKlass org/apache/log4j/Priority
instanceKlass org/slf4j/impl/StaticLoggerBinder
instanceKlass org/slf4j/spi/LoggerFactoryBinder
instanceKlass org/slf4j/helpers/Util
instanceKlass org/slf4j/helpers/NOPLoggerFactory
instanceKlass java/util/concurrent/LinkedBlockingQueue$Node
instanceKlass org/slf4j/Logger
instanceKlass org/slf4j/helpers/SubstituteLoggerFactory
instanceKlass org/slf4j/event/LoggingEvent
instanceKlass org/slf4j/ILoggerFactory
instanceKlass org/slf4j/LoggerFactory
instanceKlass com/typesafe/scalalogging/LoggerImpl
instanceKlass com/typesafe/scalalogging/Logger$
instanceKlass kafka/utils/Log4jControllerRegistration$
instanceKlass kafka/server/Server
instanceKlass joptsimple/OptionSpec
instanceKlass scala/collection/immutable/Seq
instanceKlass scala/collection/immutable/SeqOps
instanceKlass scala/collection/Seq
instanceKlass scala/collection/SeqOps
instanceKlass scala/PartialFunction
instanceKlass scala/Function1
instanceKlass scala/collection/immutable/Iterable
instanceKlass scala/collection/Iterable
instanceKlass scala/collection/IterableFactoryDefaults
instanceKlass scala/collection/IterableOps
instanceKlass scala/collection/IterableOnceOps
instanceKlass scala/Option
instanceKlass scala/Product
instanceKlass scala/Equals
instanceKlass scala/collection/IterableOnce
instanceKlass kafka/Kafka$
instanceKlass kafka/utils/Logging
instanceKlass scala/Function0
instanceKlass jdk/internal/misc/MainMethodFinder
instanceKlass kafka/Kafka
instanceKlass java/security/SecureClassLoader$DebugHolder
instanceKlass java/security/SecureClassLoader$1
instanceKlass java/util/zip/Checksum$1
instanceKlass java/util/zip/CRC32
instanceKlass java/util/zip/Checksum
instanceKlass sun/nio/ByteBuffered
instanceKlass java/lang/Package$VersionInfo
instanceKlass java/lang/NamedPackage
instanceKlass jdk/internal/loader/Resource
instanceKlass sun/nio/cs/MS1252$Holder
instanceKlass sun/nio/cs/ArrayDecoder
instanceKlass java/nio/charset/CharsetDecoder
instanceKlass sun/launcher/LauncherHelper
instanceKlass jdk/internal/vm/PostVMInitHook$1
instanceKlass jdk/internal/util/EnvUtils
instanceKlass jdk/internal/vm/PostVMInitHook$2
instanceKlass jdk/internal/vm/PostVMInitHook
instanceKlass sun/management/counter/Units
instanceKlass jdk/internal/agent/ConnectorAddressLink
# instanceKlass java/lang/invoke/LambdaForm$MH+0x00000219010c2000
# instanceKlass java/lang/invoke/LambdaForm$MH+0x00000219010c1c00
# instanceKlass java/lang/invoke/LambdaForm$MH+0x00000219010c1800
instanceKlass  @cpi org/apache/kafka/server/util/timer/SystemTimer 165 form vmentry <vmtarget> ; # java/lang/invoke/LambdaForm$DMH+0x00000219010c1400
instanceKlass java/io/SerialCallbackContext
instanceKlass java/io/ObjectStreamClass$ClassDataSlot
instanceKlass java/io/ObjectStreamClass$FieldReflector
instanceKlass java/io/ObjectStreamClass$FieldReflectorKey
instanceKlass java/io/ObjectInput
instanceKlass jdk/internal/reflect/ClassDefiner$1
instanceKlass jdk/internal/reflect/ClassDefiner
instanceKlass jdk/internal/reflect/MethodAccessorGenerator$1
instanceKlass jdk/internal/reflect/Label$PatchInfo
instanceKlass jdk/internal/reflect/Label
instanceKlass jdk/internal/reflect/UTF8
instanceKlass jdk/internal/reflect/ClassFileAssembler
instanceKlass jdk/internal/reflect/ByteVectorImpl
instanceKlass jdk/internal/reflect/ByteVector
instanceKlass jdk/internal/reflect/ByteVectorFactory
instanceKlass jdk/internal/reflect/AccessorGenerator
instanceKlass jdk/internal/reflect/ClassFileConstants
instanceKlass  @bci jdk/internal/reflect/MethodHandleLongFieldAccessorImpl getLong (Ljava/lang/Object;)J 11 <adapter> ; # java/lang/invoke/LambdaForm$MH+0x00000219010c0400
# instanceKlass java/lang/invoke/LambdaForm$DMH+0x00000219010c0000
instanceKlass java/io/ObjectStreamClass$2
instanceKlass java/io/ClassCache
instanceKlass java/io/ObjectStreamClass$Caches
instanceKlass java/io/ObjectStreamClass
instanceKlass java/io/ObjectOutputStream$ReplaceTable
instanceKlass java/io/ObjectOutputStream$HandleTable
instanceKlass java/io/ObjectStreamConstants
instanceKlass java/io/ObjectOutput
instanceKlass jdk/internal/util/ByteArray
instanceKlass java/net/Socket
instanceKlass sun/rmi/server/UnicastServerRef$HashToMethod_Maps$1
instanceKlass sun/rmi/server/WeakClassHashMap$ValueCell
instanceKlass sun/rmi/transport/tcp/TCPTransport$AcceptLoop
instanceKlass sun/rmi/runtime/NewThreadAction$2
instanceKlass sun/rmi/runtime/NewThreadAction$1
instanceKlass sun/rmi/runtime/NewThreadAction
instanceKlass java/util/LinkedList$ListItr
instanceKlass sun/net/NetHooks
instanceKlass  @bci sun/nio/ch/NioSocketImpl closerFor (Ljava/io/FileDescriptor;Z)Ljava/lang/Runnable; 5 <appendix> member <vmtarget> ; # sun/nio/ch/NioSocketImpl$$Lambda+0x0000021901086b68
instanceKlass jdk/net/ExtendedSocketOptions$2
instanceKlass jdk/net/ExtendedSocketOptions$PlatformSocketOptions
instanceKlass jdk/net/ExtendedSocketOptions$ExtSocketOption
instanceKlass java/net/SocketOption
instanceKlass jdk/net/ExtendedSocketOptions
instanceKlass sun/net/ext/ExtendedSocketOptions
instanceKlass sun/nio/ch/Net$1
instanceKlass java/net/ProtocolFamily
instanceKlass sun/nio/ch/Net
instanceKlass java/net/InetSocketAddress$InetSocketAddressHolder
instanceKlass java/net/SocketAddress
instanceKlass sun/net/PlatformSocketImpl
instanceKlass java/net/SocketImpl
instanceKlass java/net/SocketOptions
instanceKlass java/net/ServerSocket
instanceKlass sun/rmi/transport/ObjectEndpoint
instanceKlass sun/rmi/transport/DGCImpl$2$1
instanceKlass  @bci java/net/SocketPermissionCollection add (Ljava/security/Permission;)V 69 <appendix> member <vmtarget> ; # java/net/SocketPermissionCollection$$Lambda+0x0000021901082960
instanceKlass sun/rmi/transport/DGCImpl_Skel
instanceKlass java/rmi/server/Skeleton
instanceKlass java/rmi/server/Operation
instanceKlass  @bci sun/rmi/transport/DGCImpl$2 run ()Ljava/lang/Void; 50 <appendix> argL0 ; # sun/rmi/transport/DGCImpl$2$$Lambda+0x0000021901081b00
instanceKlass java/io/ObjectInputFilter$FilterInfo
instanceKlass sun/rmi/transport/DGCImpl$2
instanceKlass  @bci sun/rmi/transport/DGCImpl <clinit> ()V 89 <appendix> argL0 ; # sun/rmi/transport/DGCImpl$$Lambda+0x00000219010814e0
instanceKlass java/util/concurrent/RunnableScheduledFuture
instanceKlass java/util/concurrent/ScheduledFuture
instanceKlass java/util/concurrent/Delayed
instanceKlass java/util/concurrent/RunnableFuture
instanceKlass java/util/concurrent/Future
instanceKlass sun/rmi/runtime/RuntimeUtil$1
instanceKlass java/util/concurrent/ScheduledExecutorService
instanceKlass  @bci sun/rmi/runtime/RuntimeUtil <clinit> ()V 10 <appendix> argL0 ; # sun/rmi/runtime/RuntimeUtil$$Lambda+0x000002190100f880
instanceKlass sun/rmi/runtime/RuntimeUtil
instanceKlass sun/rmi/runtime/RuntimeUtil$GetInstanceAction
instanceKlass  @bci sun/rmi/transport/DGCImpl <clinit> ()V 43 <appendix> argL0 ; # sun/rmi/transport/DGCImpl$$Lambda+0x000002190100f250
instanceKlass  @bci sun/rmi/transport/DGCImpl <clinit> ()V 26 <appendix> argL0 ; # sun/rmi/transport/DGCImpl$$Lambda+0x000002190100f040
instanceKlass  @bci sun/rmi/transport/DGCImpl <clinit> ()V 6 <appendix> argL0 ; # sun/rmi/transport/DGCImpl$$Lambda+0x000002190100ee30
instanceKlass sun/rmi/transport/DGCImpl
instanceKlass java/rmi/dgc/DGC
instanceKlass  @bci sun/rmi/transport/ObjectTable <clinit> ()V 0 <appendix> argL0 ; # sun/rmi/transport/ObjectTable$$Lambda+0x000002190100e810
instanceKlass sun/rmi/transport/ObjectTable
instanceKlass sun/rmi/transport/Target
instanceKlass javax/management/remote/rmi/RMIConnection
instanceKlass java/rmi/server/RemoteObject
instanceKlass java/util/LinkedList$Node
instanceKlass  @bci sun/rmi/transport/tcp/TCPTransport <clinit> ()V 142 <appendix> argL0 ; # sun/rmi/transport/tcp/TCPTransport$$Lambda+0x000002190101f858
instanceKlass java/rmi/server/RMISocketFactory
instanceKlass java/rmi/server/RMIClientSocketFactory
instanceKlass jdk/internal/vm/ThreadContainers
instanceKlass jdk/internal/vm/StackableScope
instanceKlass sun/rmi/transport/tcp/TCPTransport$1
instanceKlass java/util/concurrent/LinkedTransferQueue$DualNode
instanceKlass java/util/concurrent/TransferQueue
instanceKlass java/util/concurrent/BlockingQueue
instanceKlass java/util/concurrent/ThreadPoolExecutor$AbortPolicy
instanceKlass java/util/concurrent/RejectedExecutionHandler
instanceKlass java/util/concurrent/AbstractExecutorService
instanceKlass java/util/concurrent/ExecutorService
instanceKlass  @bci sun/rmi/transport/tcp/TCPTransport <clinit> ()V 59 <appendix> argL0 ; # sun/rmi/transport/tcp/TCPTransport$$Lambda+0x000002190101c948
instanceKlass  @bci sun/rmi/transport/tcp/TCPTransport <clinit> ()V 42 <appendix> argL0 ; # sun/rmi/transport/tcp/TCPTransport$$Lambda+0x000002190101c738
instanceKlass  @bci sun/rmi/transport/tcp/TCPTransport <clinit> ()V 22 <appendix> argL0 ; # sun/rmi/transport/tcp/TCPTransport$$Lambda+0x000002190101c528
instanceKlass java/security/PermissionCollection
instanceKlass  @bci sun/rmi/transport/Transport getLogLevel ()Ljava/lang/String; 0 <appendix> argL0 ; # sun/rmi/transport/Transport$$Lambda+0x000002190101c318
instanceKlass sun/rmi/transport/Transport
instanceKlass  @bci sun/rmi/transport/tcp/TCPEndpoint getBoolean (Ljava/lang/String;)Z 1 <appendix> member <vmtarget> ; # sun/rmi/transport/tcp/TCPEndpoint$$Lambda+0x000002190101bc90
instanceKlass java/net/InetAddress$CachedLocalHost
instanceKlass  @bci sun/rmi/transport/tcp/TCPEndpoint getHostnameProperty ()Ljava/lang/String; 0 <appendix> argL0 ; # sun/rmi/transport/tcp/TCPEndpoint$$Lambda+0x000002190101b878
instanceKlass sun/rmi/transport/tcp/TCPEndpoint
instanceKlass sun/rmi/transport/Endpoint
instanceKlass  @bci java/rmi/server/ObjID useRandomIDs ()Z 0 <appendix> argL0 ; # java/rmi/server/ObjID$$Lambda+0x000002190101b1e0
instanceKlass sun/security/provider/AbstractDrbg$NonceProvider
instanceKlass  @bci sun/security/provider/AbstractDrbg$SeederHolder <clinit> ()V 42 <appendix> member <vmtarget> ; # sun/security/provider/AbstractDrbg$SeederHolder$$Lambda+0x000002190101a6f8
instanceKlass  @cpi sun/security/provider/AbstractDrbg$SeederHolder 91 form vmentry <vmtarget> ; # java/lang/invoke/LambdaForm$DMH+0x000002190100b400
# instanceKlass java/lang/invoke/LambdaForm$DMH+0x000002190100b000
instanceKlass java/nio/file/Files$AcceptAllFilter
instanceKlass java/net/NetworkInterface$1
instanceKlass java/net/DefaultInterface
instanceKlass java/net/InterfaceAddress
instanceKlass java/net/NetworkInterface
instanceKlass sun/security/provider/ByteArrayAccess$BE
instanceKlass sun/security/provider/ByteArrayAccess
instanceKlass sun/security/provider/SeedGenerator$1
instanceKlass sun/security/util/MessageDigestSpi2
instanceKlass sun/security/jca/GetInstance$Instance
instanceKlass sun/security/jca/GetInstance
instanceKlass java/security/MessageDigestSpi
instanceKlass sun/security/provider/SeedGenerator
instanceKlass sun/security/provider/AbstractDrbg$SeederHolder
instanceKlass java/security/DrbgParameters$NextBytes
instanceKlass  @bci sun/security/provider/AbstractDrbg <clinit> ()V 12 <appendix> argL0 ; # sun/security/provider/AbstractDrbg$$Lambda+0x0000021901017a28
instanceKlass  @cpi sun/security/provider/AbstractDrbg 383 form vmentry <vmtarget> ; # java/lang/invoke/LambdaForm$DMH+0x000002190100ac00
# instanceKlass java/lang/invoke/LambdaForm$DMH+0x000002190100a800
instanceKlass sun/security/provider/EntropySource
instanceKlass sun/security/provider/AbstractDrbg
instanceKlass java/security/DrbgParameters$Instantiation
instanceKlass java/security/DrbgParameters
instanceKlass sun/security/provider/MoreDrbgParameters
instanceKlass  @bci sun/security/provider/DRBG <init> (Ljava/security/SecureRandomParameters;)V 26 <appendix> argL0 ; # sun/security/provider/DRBG$$Lambda+0x0000021901016568
instanceKlass java/security/SecureRandomSpi
instanceKlass java/security/SecureRandomParameters
instanceKlass sun/security/util/SecurityProviderConstants
instanceKlass java/security/Provider$UString
instanceKlass java/security/Provider$Service
instanceKlass sun/security/provider/NativePRNG$NonBlocking
instanceKlass sun/security/provider/NativePRNG$Blocking
instanceKlass sun/security/provider/NativePRNG
instanceKlass sun/security/provider/SunEntries$1
instanceKlass sun/security/provider/SunEntries
instanceKlass java/util/AbstractList$Itr
instanceKlass sun/security/jca/ProviderList$2
instanceKlass jdk/internal/math/FloatingDecimal$ASCIIToBinaryBuffer
instanceKlass jdk/internal/math/FloatingDecimal$PreparedASCIIToBinaryBuffer
instanceKlass jdk/internal/math/FloatingDecimal$ASCIIToBinaryConverter
instanceKlass jdk/internal/math/FloatingDecimal$BinaryToASCIIBuffer
instanceKlass jdk/internal/math/FloatingDecimal$ExceptionalBinaryToASCIIBuffer
instanceKlass jdk/internal/math/FloatingDecimal$BinaryToASCIIConverter
instanceKlass jdk/internal/math/FloatingDecimal
instanceKlass java/security/Provider$EngineDescription
instanceKlass java/security/Provider$ServiceKey
instanceKlass sun/security/jca/ProviderConfig
instanceKlass sun/security/jca/ProviderList
instanceKlass sun/security/jca/Providers
instanceKlass java/rmi/server/UID
instanceKlass java/rmi/server/ObjID
instanceKlass sun/rmi/transport/LiveRef
instanceKlass sun/rmi/server/WeakClassHashMap
instanceKlass  @bci sun/rmi/server/UnicastServerRef <clinit> ()V 49 <appendix> argL0 ; # sun/rmi/server/UnicastServerRef$$Lambda+0x000002190103db28
instanceKlass  @bci sun/rmi/server/UnicastServerRef <clinit> ()V 32 <appendix> argL0 ; # sun/rmi/server/UnicastServerRef$$Lambda+0x000002190103d918
instanceKlass  @bci sun/rmi/server/UnicastServerRef <clinit> ()V 0 <appendix> argL0 ; # sun/rmi/server/UnicastServerRef$$Lambda+0x000002190103d708
instanceKlass  @bci sun/rmi/server/UnicastRef <clinit> ()V 21 <appendix> argL0 ; # sun/rmi/server/UnicastRef$$Lambda+0x000002190103d4f8
instanceKlass  @bci sun/rmi/server/Util <clinit> ()V 32 <appendix> argL0 ; # sun/rmi/server/Util$$Lambda+0x000002190103d2e8
instanceKlass java/util/logging/StreamHandler$1
instanceKlass java/util/logging/Handler$1
instanceKlass java/util/logging/ErrorManager
instanceKlass jdk/internal/logger/SimpleConsoleLogger$Formatting
instanceKlass  @bci java/util/logging/SimpleFormatter <init> ()V 5 <appendix> argL0 ; # java/util/logging/SimpleFormatter$$Lambda+0x000002190103c870
instanceKlass java/util/logging/Formatter
instanceKlass sun/rmi/runtime/Log$LoggerLog$1
instanceKlass java/util/logging/Logger$SystemLoggerHelper$1
instanceKlass java/util/logging/Logger$SystemLoggerHelper
instanceKlass sun/rmi/runtime/Log$LoggerLogFactory
instanceKlass sun/rmi/runtime/Log$LogFactory
instanceKlass  @bci sun/rmi/runtime/Log <clinit> ()V 22 <appendix> argL0 ; # sun/rmi/runtime/Log$$Lambda+0x000002190103b498
instanceKlass sun/rmi/runtime/Log
instanceKlass  @bci sun/rmi/server/Util <clinit> ()V 0 <appendix> argL0 ; # sun/rmi/server/Util$$Lambda+0x000002190103a890
instanceKlass sun/rmi/server/Util
instanceKlass sun/rmi/server/UnicastRef
instanceKlass sun/rmi/server/Dispatcher
instanceKlass java/rmi/server/ServerRef
instanceKlass java/rmi/server/RemoteRef
instanceKlass java/io/Externalizable
instanceKlass  @bci java/io/ObjectInputFilter$Config$Global <init> (Ljava/lang/String;Z)V 444 <appendix> member <vmtarget> ; # java/io/ObjectInputFilter$Config$Global$$Lambda+0x0000021901039328
instanceKlass  @bci java/io/ObjectInputFilter$Config$Global <init> (Ljava/lang/String;Z)V 534 <appendix> member <vmtarget> ; # java/io/ObjectInputFilter$Config$Global$$Lambda+0x00000219010390f0
instanceKlass java/io/ObjectInputFilter$Config$Global
instanceKlass  @bci java/io/ObjectInputFilter$Config <clinit> ()V 368 <appendix> argL0 ; # java/io/ObjectInputFilter$Config$$Lambda+0x0000021901038a90
instanceKlass jdk/internal/access/JavaObjectInputFilterAccess
instanceKlass java/io/ObjectInputFilter$Config$BuiltinFilterFactory
instanceKlass  @bci java/io/ObjectInputFilter$Config <clinit> ()V 80 <appendix> argL0 ; # java/io/ObjectInputFilter$Config$$Lambda+0x0000021901038458
instanceKlass  @bci java/io/ObjectInputFilter$Config <clinit> ()V 56 <appendix> argL0 ; # java/io/ObjectInputFilter$Config$$Lambda+0x0000021901038248
instanceKlass java/util/concurrent/atomic/AtomicBoolean
instanceKlass java/io/ObjectInputFilter
instanceKlass java/io/ObjectInputFilter$Config
instanceKlass javax/management/remote/rmi/RMIServerImpl
instanceKlass javax/management/remote/rmi/RMIServer
instanceKlass java/rmi/Remote
instanceKlass com/sun/jmx/remote/protocol/rmi/ServerProvider
instanceKlass javax/management/remote/JMXConnectorFactory$ProviderFinder
instanceKlass java/util/ServiceLoader$ProviderSpliterator
instanceKlass javax/management/remote/JMXConnectorProvider
instanceKlass  @bci javax/management/remote/JMXConnectorServerFactory getConnectorServerAsService (Ljava/lang/ClassLoader;Ljavax/management/remote/JMXServiceURL;Ljava/util/Map;Ljavax/management/MBeanServer;Ljava/util/function/Predicate;)Ljavax/management/remote/JMXConnectorServer; 3 <appendix> member <vmtarget> ; # javax/management/remote/JMXConnectorServerFactory$$Lambda+0x0000021901036420
instanceKlass javax/management/remote/JMXAddressable
instanceKlass javax/management/remote/JMXConnectorServerMBean
instanceKlass javax/management/remote/JMXConnectorFactory$ConnectorFactory
instanceKlass  @bci java/util/function/Predicate negate ()Ljava/util/function/Predicate; 1 <appendix> member <vmtarget> ; # java/util/function/Predicate$$Lambda+0x0000021901035880
instanceKlass  @cpi java/util/function/Predicate 75 form vmentry <vmtarget> ; # java/lang/invoke/LambdaForm$DMH+0x000002190100a400
instanceKlass  @bci javax/management/remote/JMXConnectorServerFactory newJMXConnectorServer (Ljavax/management/remote/JMXServiceURL;Ljava/util/Map;Ljavax/management/MBeanServer;)Ljavax/management/remote/JMXConnectorServer; 75 <appendix> argL0 ; # javax/management/remote/JMXConnectorServerFactory$$Lambda+0x0000021901035640
instanceKlass javax/management/remote/JMXConnectorFactory$1
instanceKlass javax/management/remote/JMXConnectorFactory
instanceKlass javax/management/remote/JMXConnectorServerProvider
instanceKlass com/sun/jmx/remote/util/EnvHelp
instanceKlass javax/management/remote/JMXConnectorServerFactory
instanceKlass sun/management/jmxremote/LocalRMIServerSocketFactory
instanceKlass java/rmi/server/RMIServerSocketFactory
instanceKlass java/util/BitSet
instanceKlass javax/management/remote/JMXServiceURL
instanceKlass  @bci java/util/stream/Collectors joining (Ljava/lang/CharSequence;Ljava/lang/CharSequence;Ljava/lang/CharSequence;)Ljava/util/stream/Collector; 22 <appendix> argL0 ; # java/util/stream/Collectors$$Lambda+0x800000044
instanceKlass  @bci java/util/stream/Collectors joining (Ljava/lang/CharSequence;Ljava/lang/CharSequence;Ljava/lang/CharSequence;)Ljava/util/stream/Collector; 17 <appendix> argL0 ; # java/util/stream/Collectors$$Lambda+0x800000042
instanceKlass  @bci java/util/stream/Collectors joining (Ljava/lang/CharSequence;Ljava/lang/CharSequence;Ljava/lang/CharSequence;)Ljava/util/stream/Collector; 12 <appendix> argL0 ; # java/util/stream/Collectors$$Lambda+0x80000003f
instanceKlass  @bci java/util/stream/Collectors joining (Ljava/lang/CharSequence;Ljava/lang/CharSequence;Ljava/lang/CharSequence;)Ljava/util/stream/Collector; 7 <appendix> member <vmtarget> ; # java/util/stream/Collectors$$Lambda+0x800000047
instanceKlass  @bci java/lang/Class methodToString (Ljava/lang/String;[Ljava/lang/Class;)Ljava/lang/String; 42 <appendix> argL0 ; # java/lang/Class$$Lambda+0x0000021901034120
instanceKlass jdk/management/jfr/FlightRecorderMXBeanImpl$MXBeanListener
instanceKlass jdk/jfr/FlightRecorderListener
instanceKlass jdk/jfr/FlightRecorder
instanceKlass jdk/jfr/Recording
instanceKlass javax/management/NotificationFilter
instanceKlass javax/management/NotificationListener
instanceKlass java/util/EventListener
instanceKlass javax/management/StandardMBean$MBeanInfoSafeAction
instanceKlass jdk/jfr/internal/management/StreamManager
instanceKlass jdk/management/jfr/EventTypeInfo
instanceKlass jdk/management/jfr/ConfigurationInfo
instanceKlass jdk/management/jfr/RecordingInfo
instanceKlass sun/reflect/generics/tree/VoidDescriptor
instanceKlass sun/reflect/generics/tree/LongSignature
instanceKlass jdk/management/jfr/SettingDescriptorInfo$1
instanceKlass jdk/management/jfr/SettingDescriptorInfo
instanceKlass  @bci java/lang/management/DefaultPlatformMBeanProvider$10 nameToMBeanMap ()Ljava/util/Map; 36 <appendix> member <vmtarget> ; # java/lang/management/DefaultPlatformMBeanProvider$10$$Lambda+0x0000021901030de0
instanceKlass  @cpi kafka/server/DynamicMetricReporterState 192 form vmentry <vmtarget> ; # java/lang/invoke/LambdaForm$DMH+0x000002190100a000
instanceKlass sun/management/ManagementFactoryHelper$1
instanceKlass  @bci java/util/stream/Collectors toList ()Ljava/util/stream/Collector; 14 <appendix> argL0 ; # java/util/stream/Collectors$$Lambda+0x0000021901030938
instanceKlass  @bci java/util/stream/Collectors toList ()Ljava/util/stream/Collector; 9 <appendix> argL0 ; # java/util/stream/Collectors$$Lambda+0x0000021901030718
instanceKlass  @bci java/util/stream/Collectors toList ()Ljava/util/stream/Collector; 4 <appendix> argL0 ; # java/util/stream/Collectors$$Lambda+0x0000021901030508
instanceKlass  @bci sun/management/ManagementFactoryHelper getBufferPoolMXBeans ()Ljava/util/List; 25 <appendix> argL0 ; # sun/management/ManagementFactoryHelper$$Lambda+0x00000219010302d8
instanceKlass java/lang/management/BufferPoolMXBean
instanceKlass sun/nio/ch/FileChannelImpl$3
instanceKlass sun/nio/ch/FileChannelImpl$2
instanceKlass jdk/internal/misc/VM$BufferPoolsHolder
instanceKlass com/sun/management/VMOption
instanceKlass com/sun/management/internal/HotSpotDiagnostic
instanceKlass com/sun/management/HotSpotDiagnosticMXBean
instanceKlass com/sun/management/GcInfo
instanceKlass javax/management/openmbean/CompositeDataView
# instanceKlass java/lang/invoke/LambdaForm$MH+0x0000021901009c00
instanceKlass  @bci jdk/jfr/internal/dcmd/DCmdCheck printHelp ()[Ljava/lang/String; 6 <appendix> argL0 ; # jdk/jfr/internal/dcmd/DCmdCheck$$Lambda+0x000002190102e880
instanceKlass  @bci jdk/jfr/internal/dcmd/DCmdDump printHelp ()[Ljava/lang/String; 27 <appendix> argL0 ; # jdk/jfr/internal/dcmd/DCmdDump$$Lambda+0x000002190102e670
instanceKlass  @bci jdk/jfr/internal/dcmd/DCmdStart printHelp ()[Ljava/lang/String; 26 <appendix> argL0 ; # jdk/jfr/internal/dcmd/DCmdStart$$Lambda+0x000002190102e460
instanceKlass  @bci java/util/regex/CharPredicates ASCII_SPACE ()Ljava/util/regex/Pattern$BmpCharPredicate; 0 <appendix> argL0 ; # java/util/regex/CharPredicates$$Lambda+0x800000027
instanceKlass  @bci jdk/jfr/internal/jfc/model/JFCModel add (Ljdk/jfr/internal/jfc/model/ControlElement;)V 10 <appendix> argL0 ; # jdk/jfr/internal/jfc/model/JFCModel$$Lambda+0x000002190102e230
instanceKlass  @bci jdk/jfr/internal/jfc/model/JFCModel <init> (Ljdk/jfr/internal/jfc/model/XmlConfiguration;)V 25 <appendix> argL0 ; # jdk/jfr/internal/jfc/model/JFCModel$$Lambda+0x000002190102e010
instanceKlass jdk/jfr/internal/jfc/model/ControlElement
# instanceKlass java/lang/invoke/LambdaForm$DMH+0x0000021901009800
# instanceKlass java/lang/invoke/LambdaForm$DMH+0x0000021901009400
instanceKlass java/lang/invoke/MethodHandle$1
instanceKlass jdk/jfr/internal/jfc/model/SettingsLog
instanceKlass jdk/internal/misc/PreviewFeatures
instanceKlass jdk/jfr/internal/jfc/model/Utilities
instanceKlass jdk/jfr/internal/jfc/model/XmlElement
instanceKlass jdk/internal/util/xml/impl/Input
instanceKlass jdk/internal/org/xml/sax/InputSource
instanceKlass jdk/internal/org/xml/sax/helpers/DefaultHandler
instanceKlass jdk/internal/org/xml/sax/ErrorHandler
instanceKlass jdk/internal/org/xml/sax/ContentHandler
instanceKlass jdk/internal/org/xml/sax/DTDHandler
instanceKlass jdk/internal/org/xml/sax/EntityResolver
instanceKlass jdk/internal/util/xml/impl/Pair
instanceKlass jdk/internal/util/xml/impl/Attrs
instanceKlass jdk/internal/org/xml/sax/Attributes
instanceKlass jdk/internal/util/xml/impl/Parser
instanceKlass jdk/internal/org/xml/sax/Locator
instanceKlass jdk/internal/org/xml/sax/XMLReader
instanceKlass jdk/internal/util/xml/SAXParser
instanceKlass jdk/jfr/internal/jfc/model/Parser
instanceKlass java/io/Reader
instanceKlass java/lang/Readable
instanceKlass sun/nio/ch/IOStatus
instanceKlass sun/nio/ch/Util$BufferCache
instanceKlass sun/nio/ch/Util
instanceKlass sun/nio/ch/NativeThread
instanceKlass java/nio/channels/NetworkChannel
instanceKlass sun/nio/ch/SelChImpl
instanceKlass sun/nio/ch/Streams
instanceKlass java/nio/channels/Channels
instanceKlass sun/nio/ch/FileChannelImpl$Closer
instanceKlass sun/nio/ch/NativeThreadSet
instanceKlass sun/nio/ch/IOUtil
instanceKlass sun/nio/ch/NativeDispatcher
instanceKlass java/nio/channels/spi/AbstractInterruptibleChannel
instanceKlass java/nio/channels/InterruptibleChannel
instanceKlass java/nio/channels/ScatteringByteChannel
instanceKlass java/nio/channels/GatheringByteChannel
instanceKlass java/nio/channels/SeekableByteChannel
instanceKlass java/nio/channels/ByteChannel
instanceKlass java/nio/channels/WritableByteChannel
instanceKlass java/nio/channels/ReadableByteChannel
instanceKlass java/nio/channels/Channel
instanceKlass sun/nio/fs/WindowsChannelFactory$Flags
instanceKlass sun/nio/fs/WindowsChannelFactory$1
instanceKlass sun/nio/fs/WindowsChannelFactory
instanceKlass sun/nio/fs/WindowsSecurityDescriptor
instanceKlass java/nio/file/attribute/FileAttribute
instanceKlass  @bci jdk/jfr/internal/SecuritySupport newFileInputStream (Ljdk/jfr/internal/SecuritySupport$SafePath;)Ljava/io/InputStream; 1 <appendix> member <vmtarget> ; # jdk/jfr/internal/SecuritySupport$$Lambda+0x0000021901022068
instanceKlass  @bci jdk/jfr/internal/SecuritySupport getFileSize (Ljdk/jfr/internal/SecuritySupport$SafePath;)J 1 <appendix> member <vmtarget> ; # jdk/jfr/internal/SecuritySupport$$Lambda+0x0000021901021e50
instanceKlass jdk/jfr/internal/jfc/JFC$KnownConfiguration
instanceKlass jdk/jfr/internal/jfc/model/JFCModel
instanceKlass  @bci jdk/jfr/internal/dcmd/DCmdStart jfcOptions ()Ljava/lang/String; 45 <appendix> argL0 ; # jdk/jfr/internal/dcmd/DCmdStart$$Lambda+0x0000021901021830
instanceKlass jdk/jfr/internal/jfc/JFC
instanceKlass  @bci jdk/jfr/internal/SecuritySupport isDirectory (Ljdk/jfr/internal/SecuritySupport$SafePath;)Z 1 <appendix> member <vmtarget> ; # jdk/jfr/internal/SecuritySupport$$Lambda+0x0000021901021420
instanceKlass java/util/regex/IntHashSet
instanceKlass java/util/regex/Matcher
instanceKlass java/util/regex/MatchResult
instanceKlass sun/nio/fs/BasicFileAttributesHolder
instanceKlass sun/nio/fs/WindowsDirectoryStream$WindowsDirectoryIterator
instanceKlass sun/nio/fs/WindowsDirectoryStream
instanceKlass java/nio/file/Files$1
instanceKlass java/nio/file/DirectoryStream$Filter
instanceKlass sun/nio/fs/WindowsFileSystem$2
instanceKlass java/nio/file/PathMatcher
instanceKlass  @bci java/util/regex/Pattern negate (Ljava/util/regex/Pattern$CharPredicate;)Ljava/util/regex/Pattern$CharPredicate; 1 <appendix> member <vmtarget> ; # java/util/regex/Pattern$$Lambda+0x800000032
instanceKlass java/util/regex/ASCII
instanceKlass sun/nio/fs/Globs
instanceKlass jdk/jfr/internal/SecuritySupport$1
instanceKlass  @bci jdk/jfr/internal/SecuritySupport getPredefinedJFCFiles ()Ljava/util/List; 8 <appendix> argL0 ; # jdk/jfr/internal/SecuritySupport$$Lambda+0x000002190107f508
instanceKlass java/nio/file/DirectoryStream
instanceKlass jdk/jfr/internal/consumer/FileAccess
instanceKlass jdk/jfr/internal/SecuritySupport$4
instanceKlass  @bci jdk/jfr/internal/SecuritySupport getPathInProperty (Ljava/lang/String;Ljava/lang/String;)Ljdk/jfr/internal/SecuritySupport$SafePath; 2 <appendix> member <vmtarget> ; # jdk/jfr/internal/SecuritySupport$$Lambda+0x000002190107e5f0
instanceKlass  @cpi jdk/jfr/internal/SecuritySupport 768 form vmentry <vmtarget> ; # java/lang/invoke/LambdaForm$DMH+0x0000021901009000
instanceKlass jdk/jfr/internal/SecuritySupport$SafePath
instanceKlass jdk/jfr/internal/SecuritySupport$CallableWithoutCheckException
instanceKlass jdk/internal/event/Event
instanceKlass jdk/jfr/internal/SecuritySupport
instanceKlass  @bci jdk/jfr/internal/dcmd/DCmdStop printHelp ()[Ljava/lang/String; 19 <appendix> argL0 ; # jdk/jfr/internal/dcmd/DCmdStop$$Lambda+0x000002190107d540
instanceKlass java/util/Formattable
instanceKlass java/util/Formatter$Flags
instanceKlass java/util/Formatter$FormatSpecifier
instanceKlass java/util/Formatter$Conversion
instanceKlass java/util/Formatter$FixedString
instanceKlass java/util/Formatter$FormatString
instanceKlass java/util/regex/Pattern$TreeInfo
instanceKlass  @bci java/util/regex/Pattern union (Ljava/util/regex/Pattern$CharPredicate;Ljava/util/regex/Pattern$CharPredicate;Z)Ljava/util/regex/Pattern$CharPredicate; 6 <appendix> member <vmtarget> ; # java/util/regex/Pattern$$Lambda+0x800000033
instanceKlass  @bci java/util/regex/Pattern Range (II)Ljava/util/regex/Pattern$CharPredicate; 23 <appendix> member <vmtarget> ; # java/util/regex/Pattern$$Lambda+0x80000002b
instanceKlass java/util/regex/Pattern$BitClass
instanceKlass  @bci java/util/regex/CharPredicates ASCII_DIGIT ()Ljava/util/regex/Pattern$BmpCharPredicate; 0 <appendix> argL0 ; # java/util/regex/CharPredicates$$Lambda+0x800000026
instanceKlass java/util/regex/CharPredicates
instanceKlass  @bci java/util/regex/Pattern Single (I)Ljava/util/regex/Pattern$BmpCharPredicate; 1 <appendix> member <vmtarget> ; # java/util/regex/Pattern$$Lambda+0x80000002a
instanceKlass java/util/regex/Pattern$BmpCharPredicate
instanceKlass java/util/regex/Pattern$CharPredicate
instanceKlass java/util/regex/Pattern$Node
instanceKlass java/util/regex/Pattern
instanceKlass java/util/Formatter
instanceKlass  @bci jdk/jfr/internal/dcmd/DCmdView printHelp ()[Ljava/lang/String; 111 <appendix> argL0 ; # jdk/jfr/internal/dcmd/DCmdView$$Lambda+0x000002190107c958
instanceKlass jdk/jfr/internal/util/Columnizer$Column
instanceKlass jdk/jfr/internal/util/Tokenizer
instanceKlass  @bci jdk/internal/module/SystemModuleFinders$SystemModuleReader open (Ljava/lang/String;)Ljava/util/Optional; 6 <appendix> member <vmtarget> ; # jdk/internal/module/SystemModuleFinders$SystemModuleReader$$Lambda+0x000002190107c108
instanceKlass jdk/jfr/internal/query/ViewFile
instanceKlass jdk/jfr/internal/util/Columnizer
instanceKlass jdk/jfr/internal/query/ViewPrinter
instanceKlass java/util/stream/AbstractSpinedBuffer
instanceKlass  @bci java/util/stream/ReferencePipeline toArray ()[Ljava/lang/Object; 1 <appendix> argL0 ; # java/util/stream/ReferencePipeline$$Lambda+0x000002190107b068
instanceKlass java/util/ImmutableCollections$Access$1
instanceKlass jdk/internal/access/JavaUtilCollectionAccess
instanceKlass java/util/ImmutableCollections$Access
instanceKlass java/lang/StringLatin1$LinesSpliterator
instanceKlass java/util/Arrays$ArrayItr
instanceKlass com/sun/management/internal/DiagnosticCommandImpl$Wrapper
instanceKlass jdk/jfr/internal/util/Output$LinePrinter
instanceKlass jdk/jfr/internal/util/Output
instanceKlass jdk/jfr/internal/dcmd/AbstractDCmd
instanceKlass com/sun/management/internal/DiagnosticCommandArgumentInfo
instanceKlass com/sun/management/internal/DiagnosticCommandInfo
instanceKlass com/sun/management/internal/DiagnosticCommandImpl$OperationInfoComparator
instanceKlass sun/management/ClassLoadingImpl
instanceKlass java/lang/management/ClassLoadingMXBean
instanceKlass javax/management/MBeanInfo$ArrayGettersSafeAction
instanceKlass javax/management/openmbean/OpenMBeanOperationInfo
instanceKlass java/util/logging/LogManager$4
instanceKlass jdk/internal/logger/BootstrapLogger$BootstrapExecutors
instanceKlass sun/security/util/SecurityConstants
instanceKlass jdk/internal/logger/LoggerFinderLoader
instanceKlass  @bci java/lang/System$LoggerFinder accessProvider ()Ljava/lang/System$LoggerFinder; 8 <appendix> argL0 ; # java/lang/System$LoggerFinder$$Lambda+0x0000021901075d50
instanceKlass java/util/stream/Streams
instanceKlass java/util/stream/Stream$Builder
instanceKlass java/util/stream/Streams$AbstractStreamBuilderImpl
instanceKlass  @bci java/util/logging/Level$KnownLevel findByName (Ljava/lang/String;Ljava/util/function/Function;)Ljava/util/Optional; 29 <appendix> argL0 ; # java/util/logging/Level$KnownLevel$$Lambda+0x800000025
instanceKlass  @bci java/util/logging/Level findLevel (Ljava/lang/String;)Ljava/util/logging/Level; 13 <appendix> argL0 ; # java/util/logging/Level$$Lambda+0x800000013
instanceKlass java/util/Hashtable$Enumerator
instanceKlass java/util/Collections$3
instanceKlass java/util/logging/LogManager$LoggerContext$1
instanceKlass java/util/logging/LogManager$VisitedLoggers
instanceKlass java/util/logging/Logger$ConfigurationData
instanceKlass java/util/logging/Logger$LoggerBundle
instanceKlass java/util/logging/Handler
instanceKlass java/util/logging/LogManager$2
instanceKlass java/util/logging/Logging
instanceKlass java/util/logging/LogManager$LoggingProviderAccess
instanceKlass java/lang/Shutdown$Lock
instanceKlass java/lang/Shutdown
instanceKlass java/lang/ApplicationShutdownHooks$1
instanceKlass java/lang/ApplicationShutdownHooks
instanceKlass java/util/Collections$SynchronizedMap
instanceKlass java/util/logging/LogManager$LogNode
instanceKlass java/util/logging/LogManager$LoggerContext
instanceKlass java/util/logging/LogManager$1
instanceKlass  @bci java/util/logging/Level$KnownLevel add (Ljava/util/logging/Level;)V 49 <appendix> argL0 ; # java/util/logging/Level$KnownLevel$$Lambda+0x800000024
instanceKlass  @bci java/util/logging/Level$KnownLevel add (Ljava/util/logging/Level;)V 19 <appendix> argL0 ; # java/util/logging/Level$KnownLevel$$Lambda+0x800000023
instanceKlass java/util/logging/Level
instanceKlass java/util/logging/LoggingMXBean
instanceKlass java/util/logging/Logger
instanceKlass sun/management/ManagementFactoryHelper$PlatformLoggingImpl
instanceKlass java/lang/management/PlatformLoggingMXBean
instanceKlass sun/management/CompilationImpl
instanceKlass java/lang/management/CompilationMXBean
instanceKlass sun/management/VMManagementImpl$1
instanceKlass java/lang/management/MemoryUsage
instanceKlass sun/management/Sensor
instanceKlass sun/management/MemoryPoolImpl
instanceKlass java/lang/management/MemoryPoolMXBean
instanceKlass  @bci sun/management/Util newObjectName (Ljava/lang/String;Ljava/lang/String;)Ljavax/management/ObjectName; 2 <appendix> form vmentry <vmtarget> ; # java/lang/invoke/LambdaForm$MH+0x0000021901008c00
instanceKlass java/lang/invoke/LambdaFormEditor$1
# instanceKlass java/lang/invoke/LambdaForm$MH+0x0000021901008800
instanceKlass  @bci sun/management/Util newObjectName (Ljava/lang/String;Ljava/lang/String;)Ljavax/management/ObjectName; 2 <appendix> argL3 form vmentry <vmtarget> ; # java/lang/invoke/LambdaForm$MH+0x0000021901008400
# instanceKlass java/lang/invoke/LambdaForm$MH+0x0000021901008000
# instanceKlass java/lang/invoke/LambdaForm$MH+0x0000021901007c00
# instanceKlass java/lang/invoke/LambdaForm$MH+0x0000021901007800
# instanceKlass java/lang/invoke/LambdaForm$MH+0x0000021901007400
instanceKlass  @bci sun/management/Util newObjectName (Ljava/lang/String;Ljava/lang/String;)Ljavax/management/ObjectName; 2 <appendix> argL1 form vmentry <vmtarget> ; # java/lang/invoke/LambdaForm$MH+0x0000021901007000
# instanceKlass java/lang/invoke/LambdaForm$MH+0x0000021901006c00
# instanceKlass java/lang/invoke/LambdaForm$MH+0x0000021901006800
# instanceKlass java/lang/invoke/LambdaForm$MH+0x0000021901006400
# instanceKlass java/lang/invoke/LambdaForm$MH+0x0000021901006000
instanceKlass sun/management/Util
instanceKlass  @bci java/util/stream/Collectors uniqKeysMapMerger ()Ljava/util/function/BinaryOperator; 0 <appendix> argL0 ; # java/util/stream/Collectors$$Lambda+0x00000219010724e8
instanceKlass  @bci java/util/stream/Collectors uniqKeysMapAccumulator (Ljava/util/function/Function;Ljava/util/function/Function;)Ljava/util/function/BiConsumer; 2 <appendix> member <vmtarget> ; # java/util/stream/Collectors$$Lambda+0x00000219010722c0
instanceKlass  @bci java/util/stream/Collectors toMap (Ljava/util/function/Function;Ljava/util/function/Function;)Ljava/util/stream/Collector; 4 <appendix> argL0 ; # java/util/stream/Collectors$$Lambda+0x00000219010720b0
instanceKlass  @bci java/util/function/Function identity ()Ljava/util/function/Function; 0 <appendix> argL0 ; # java/util/function/Function$$Lambda+0x0000021901071e80
instanceKlass  @bci java/lang/management/DefaultPlatformMBeanProvider$5 nameToMBeanMap ()Ljava/util/Map; 21 <appendix> argL0 ; # java/lang/management/DefaultPlatformMBeanProvider$5$$Lambda+0x0000021901071c50
instanceKlass  @bci java/lang/management/DefaultPlatformMBeanProvider$5 nameToMBeanMap ()Ljava/util/Map; 11 <appendix> member <vmtarget> ; # java/lang/management/DefaultPlatformMBeanProvider$5$$Lambda+0x0000021901071a08
instanceKlass  @cpi kafka/server/logger/RuntimeLoggerManager 222 form vmentry <vmtarget> ; # java/lang/invoke/LambdaForm$DMH+0x0000021901005c00
instanceKlass java/util/ArrayList$ArrayListSpliterator
instanceKlass com/sun/management/GarbageCollectorMXBean
instanceKlass java/lang/management/GarbageCollectorMXBean
instanceKlass java/lang/management/MemoryManagerMXBean
instanceKlass java/lang/management/MemoryMXBean
instanceKlass javax/management/DescriptorKey
instanceKlass java/lang/annotation/Target
# instanceKlass java/lang/invoke/LambdaForm$MH+0x0000021901005800
instanceKlass java/lang/reflect/Proxy$ProxyBuilder$1
instanceKlass jdk/internal/org/objectweb/asm/Edge
instanceKlass  @bci java/lang/reflect/ProxyGenerator addProxyMethod (Ljava/lang/reflect/Method;Ljava/lang/Class;)V 23 <appendix> argL0 ; # java/lang/reflect/ProxyGenerator$$Lambda+0x000002190106ef58
instanceKlass  @bci java/lang/reflect/ProxyGenerator addProxyMethod (Ljava/lang/reflect/ProxyGenerator$ProxyMethod;)V 10 <appendix> argL0 ; # java/lang/reflect/ProxyGenerator$$Lambda+0x000002190106ed28
instanceKlass java/util/StringJoiner
instanceKlass java/lang/reflect/ProxyGenerator$ProxyMethod
instanceKlass  @bci java/lang/reflect/Proxy getLoader (Ljava/lang/Module;)Ljava/lang/ClassLoader; 6 <appendix> member <vmtarget> ; # java/lang/reflect/Proxy$$Lambda+0x000002190106e600
instanceKlass  @bci java/lang/WeakPairMap computeIfAbsent (Ljava/lang/Object;Ljava/lang/Object;Ljava/util/function/BiFunction;)Ljava/lang/Object; 18 <appendix> member <vmtarget> ; # java/lang/WeakPairMap$$Lambda+0x000002190106e1c8
instanceKlass  @bci java/lang/Module implAddExportsOrOpens (Ljava/lang/String;Ljava/lang/Module;ZZ)V 145 <appendix> argL0 ; # java/lang/Module$$Lambda+0x000002190106dfa8
instanceKlass  @bci java/lang/module/ModuleDescriptor$Builder packages (Ljava/util/Set;)Ljava/lang/module/ModuleDescriptor$Builder; 17 <appendix> argL0 ; # java/lang/module/ModuleDescriptor$Builder$$Lambda+0x800000002
instanceKlass jdk/internal/module/Checks
instanceKlass java/lang/module/ModuleDescriptor$Builder
instanceKlass  @bci java/lang/reflect/Proxy$ProxyBuilder getDynamicModule (Ljava/lang/ClassLoader;)Ljava/lang/Module; 4 <appendix> argL0 ; # java/lang/reflect/Proxy$ProxyBuilder$$Lambda+0x000002190106d690
instanceKlass java/lang/reflect/Proxy$ProxyBuilder
instanceKlass  @bci java/lang/reflect/Proxy getProxyConstructor (Ljava/lang/Class;Ljava/lang/ClassLoader;[Ljava/lang/Class;)Ljava/lang/reflect/Constructor; 35 <appendix> argL0 ; # java/lang/reflect/Proxy$$Lambda+0x000002190106d270
instanceKlass java/lang/reflect/Proxy
instanceKlass sun/reflect/annotation/AnnotationInvocationHandler
instanceKlass java/lang/reflect/InvocationHandler
instanceKlass sun/reflect/annotation/AnnotationParser$1
instanceKlass java/lang/annotation/Documented
instanceKlass java/lang/annotation/Inherited
instanceKlass java/lang/annotation/Retention
instanceKlass sun/reflect/annotation/ExceptionProxy
instanceKlass sun/reflect/annotation/AnnotationType$1
instanceKlass sun/reflect/annotation/AnnotationType
instanceKlass java/lang/Deprecated
instanceKlass sun/management/BaseOperatingSystemImpl
instanceKlass com/sun/management/OperatingSystemMXBean
instanceKlass java/lang/management/OperatingSystemMXBean
instanceKlass com/sun/jmx/mbeanserver/PerInterface$MethodAndSig
instanceKlass  @bci sun/rmi/transport/tcp/TCPTransport listen ()V 90 <appendix> form vmentry <vmtarget> ; # java/lang/invoke/LambdaForm$MH+0x0000021901005400
instanceKlass  @bci sun/rmi/transport/tcp/TCPTransport listen ()V 90 <appendix> argL3 form vmentry <vmtarget> ; # java/lang/invoke/LambdaForm$MH+0x0000021901005000
# instanceKlass java/lang/invoke/LambdaForm$MH+0x0000021901004c00
# instanceKlass java/lang/invoke/LambdaForm$MH+0x0000021901004800
instanceKlass  @bci sun/rmi/transport/tcp/TCPTransport listen ()V 90 <appendix> argL1 form vmentry <vmtarget> ; # java/lang/invoke/LambdaForm$MH+0x0000021901004400
# instanceKlass java/lang/invoke/LambdaForm$MH+0x0000021901004000
instanceKlass java/lang/management/LockInfo
instanceKlass java/lang/management/ThreadInfo
instanceKlass sun/management/ThreadImpl
instanceKlass com/sun/management/ThreadMXBean
instanceKlass java/lang/management/ThreadMXBean
instanceKlass com/sun/jmx/mbeanserver/WeakIdentityHashMap
instanceKlass com/sun/jmx/mbeanserver/MXBeanLookup
instanceKlass com/sun/jmx/mbeanserver/PerInterface$InitMaps
instanceKlass com/sun/jmx/mbeanserver/PerInterface
instanceKlass  @bci sun/rmi/runtime/NewThreadAction run ()Ljava/lang/Thread; 31 <appendix> form vmentry <vmtarget> ; # java/lang/invoke/LambdaForm$MH+0x0000021901003c00
instanceKlass javax/management/openmbean/OpenMBeanAttributeInfo
instanceKlass javax/management/openmbean/OpenMBeanParameterInfo
instanceKlass com/sun/jmx/mbeanserver/MBeanIntrospector$MBeanInfoMaker
instanceKlass com/sun/jmx/mbeanserver/MBeanAnalyzer$MBeanVisitor
instanceKlass  @bci sun/rmi/server/Util getTypeDescriptor (Ljava/lang/Class;)Ljava/lang/String; 153 <appendix> form vmentry <vmtarget> ; # java/lang/invoke/LambdaForm$MH+0x0000021901003800
# instanceKlass java/lang/invoke/LambdaForm$MH+0x0000021901003400
instanceKlass  @bci sun/rmi/server/Util getTypeDescriptor (Ljava/lang/Class;)Ljava/lang/String; 153 <appendix> argL3 form vmentry <vmtarget> ; # java/lang/invoke/LambdaForm$MH+0x0000021901003000
instanceKlass java/lang/invoke/MethodHandles$1
instanceKlass java/lang/Long$LongCache
# instanceKlass java/lang/invoke/LambdaForm$MH+0x0000021901002c00
instanceKlass  @bci sun/rmi/server/Util getTypeDescriptor (Ljava/lang/Class;)Ljava/lang/String; 153 <appendix> argL2 form vmentry <vmtarget> ; # java/lang/invoke/LambdaForm$MH+0x0000021901002800
# instanceKlass java/lang/invoke/LambdaForm$MH+0x0000021901002400
instanceKlass  @bci sun/rmi/server/Util getTypeDescriptor (Ljava/lang/Class;)Ljava/lang/String; 153 <appendix> argL1 form vmentry <vmtarget> ; # java/lang/invoke/LambdaForm$MH+0x0000021901002000
# instanceKlass java/lang/invoke/LambdaForm$MH+0x0000021901001c00
instanceKlass java/lang/reflect/GenericArrayType
instanceKlass sun/reflect/generics/reflectiveObjects/LazyReflectiveObjectGenerator
instanceKlass sun/reflect/generics/tree/TypeVariableSignature
instanceKlass sun/reflect/generics/tree/ClassSignature
instanceKlass sun/reflect/generics/reflectiveObjects/ParameterizedTypeImpl
instanceKlass java/lang/reflect/ParameterizedType
instanceKlass sun/reflect/generics/visitor/Reifier
instanceKlass sun/reflect/generics/visitor/TypeTreeVisitor
instanceKlass sun/reflect/generics/tree/MethodTypeSignature
instanceKlass sun/reflect/generics/tree/Signature
instanceKlass sun/reflect/generics/tree/ClassTypeSignature
instanceKlass sun/reflect/generics/tree/SimpleClassTypeSignature
instanceKlass sun/reflect/generics/tree/FieldTypeSignature
instanceKlass sun/reflect/generics/tree/TypeArgument
instanceKlass sun/reflect/generics/tree/BaseType
instanceKlass sun/reflect/generics/tree/TypeSignature
instanceKlass sun/reflect/generics/tree/ReturnType
instanceKlass sun/reflect/generics/tree/FormalTypeParameter
instanceKlass sun/reflect/generics/tree/TypeTree
instanceKlass sun/reflect/generics/tree/Tree
instanceKlass sun/reflect/generics/parser/SignatureParser
instanceKlass java/lang/reflect/TypeVariable
instanceKlass sun/reflect/generics/repository/AbstractRepository
instanceKlass sun/reflect/generics/factory/CoreReflectionFactory
instanceKlass sun/reflect/generics/factory/GenericsFactory
instanceKlass sun/reflect/generics/scope/AbstractScope
instanceKlass sun/reflect/generics/scope/Scope
instanceKlass com/sun/jmx/mbeanserver/MBeanAnalyzer$AttrMethods
# instanceKlass java/lang/invoke/LambdaForm$MH+0x0000021901001800
instanceKlass com/sun/jmx/mbeanserver/MXBeanMapping
instanceKlass javax/management/openmbean/TabularData
instanceKlass javax/management/openmbean/CompositeData
instanceKlass javax/management/openmbean/OpenType
instanceKlass com/sun/jmx/mbeanserver/MXBeanMappingFactory
instanceKlass com/sun/jmx/mbeanserver/ConvertingMethod
instanceKlass java/util/TimSort
instanceKlass com/sun/jmx/mbeanserver/MBeanAnalyzer$MethodOrder
instanceKlass java/util/LinkedHashMap$LinkedHashIterator
instanceKlass java/lang/PublicMethods
instanceKlass com/sun/jmx/mbeanserver/MBeanAnalyzer
instanceKlass com/sun/jmx/mbeanserver/MBeanIntrospector
instanceKlass sun/reflect/misc/ReflectUtil
instanceKlass java/lang/Class$AnnotationData
instanceKlass javax/management/MXBean
instanceKlass com/sun/jmx/mbeanserver/MBeanSupport
instanceKlass com/sun/jmx/mbeanserver/DescriptorCache
instanceKlass javax/management/JMX
instanceKlass javax/management/StandardMBean
instanceKlass  @bci java/lang/management/ManagementFactory addMXBean (Ljavax/management/MBeanServer;Ljava/lang/String;Ljava/lang/Object;)V 8 <appendix> member <vmtarget> ; # java/lang/management/ManagementFactory$$Lambda+0x000002190105a038
instanceKlass java/util/Collections$2
instanceKlass java/util/AbstractMap$SimpleImmutableEntry
instanceKlass sun/management/RuntimeImpl
instanceKlass java/lang/management/RuntimeMXBean
instanceKlass java/util/stream/ForEachOps$ForEachOp
instanceKlass java/util/stream/ForEachOps
instanceKlass  @bci java/lang/management/ManagementFactory getPlatformMBeanServer ()Ljavax/management/MBeanServer; 63 <appendix> argL0 ; # java/lang/management/ManagementFactory$$Lambda+0x0000021901059650
instanceKlass  @cpi kafka/coordinator/transaction/TransactionCoordinator 1072 form vmentry <vmtarget> ; # java/lang/invoke/LambdaForm$DMH+0x0000021901001400
instanceKlass  @bci java/lang/management/ManagementFactory getPlatformMBeanServer ()Ljavax/management/MBeanServer; 53 <appendix> argL0 ; # java/lang/management/ManagementFactory$$Lambda+0x0000021901059420
instanceKlass  @bci java/lang/management/ManagementFactory getPlatformMBeanServer ()Ljavax/management/MBeanServer; 43 <appendix> argL0 ; # java/lang/management/ManagementFactory$$Lambda+0x00000219010591e0
instanceKlass  @cpi org/apache/kafka/common/requests/RequestUtils 59 form vmentry <vmtarget> ; # java/lang/invoke/LambdaForm$DMH+0x0000021901001000
instanceKlass java/util/HashMap$HashMapSpliterator
instanceKlass java/util/Collections$1
instanceKlass jdk/management/jfr/internal/FlightRecorderMXBeanProvider$SingleMBeanComponent
instanceKlass jdk/management/jfr/FlightRecorderMXBean
instanceKlass java/lang/management/PlatformManagedObject
instanceKlass java/lang/management/DefaultPlatformMBeanProvider$11
instanceKlass java/lang/management/DefaultPlatformMBeanProvider$10
instanceKlass java/lang/management/DefaultPlatformMBeanProvider$9
instanceKlass java/util/logging/LogManager
instanceKlass sun/management/ManagementFactoryHelper$LoggingMXBeanAccess$1
instanceKlass sun/management/ManagementFactoryHelper$LoggingMXBeanAccess
instanceKlass java/lang/management/DefaultPlatformMBeanProvider$8
instanceKlass java/lang/management/DefaultPlatformMBeanProvider$7
instanceKlass java/lang/management/DefaultPlatformMBeanProvider$6
instanceKlass java/lang/management/DefaultPlatformMBeanProvider$5
instanceKlass java/lang/management/DefaultPlatformMBeanProvider$4
instanceKlass java/lang/management/DefaultPlatformMBeanProvider$3
instanceKlass java/lang/management/DefaultPlatformMBeanProvider$2
instanceKlass java/lang/management/DefaultPlatformMBeanProvider$1
instanceKlass com/sun/management/internal/PlatformMBeanProviderImpl$5
instanceKlass sun/management/VMManagementImpl
instanceKlass sun/management/VMManagement
instanceKlass sun/management/ManagementFactoryHelper
instanceKlass sun/management/NotificationEmitterSupport
instanceKlass com/sun/management/DiagnosticCommandMBean
instanceKlass com/sun/management/internal/PlatformMBeanProviderImpl$4
instanceKlass com/sun/management/internal/PlatformMBeanProviderImpl$3
instanceKlass com/sun/management/internal/PlatformMBeanProviderImpl$2
instanceKlass com/sun/management/internal/PlatformMBeanProviderImpl$1
instanceKlass sun/management/spi/PlatformMBeanProvider$PlatformComponent
instanceKlass  @bci com/sun/management/internal/PlatformMBeanProviderImpl <clinit> ()V 8 <appendix> argL0 ; # com/sun/management/internal/PlatformMBeanProviderImpl$$Lambda+0x00000219010542c0
instanceKlass java/util/concurrent/Callable
instanceKlass sun/management/spi/PlatformMBeanProvider
instanceKlass sun/security/util/SecurityProperties
instanceKlass sun/security/util/FilePermCompat
instanceKlass java/io/FilePermission$1
instanceKlass jdk/internal/access/JavaIOFilePermissionAccess
instanceKlass java/lang/management/ManagementFactory$PlatformMBeanFinder$1
instanceKlass java/lang/management/ManagementFactory$PlatformMBeanFinder
instanceKlass com/sun/jmx/mbeanserver/JmxMBeanServer$3
instanceKlass javax/management/ObjectInstance
instanceKlass sun/util/calendar/CalendarSystem$GregorianHolder
instanceKlass sun/util/calendar/CalendarSystem
instanceKlass java/util/Date
instanceKlass java/util/EventObject
instanceKlass com/sun/jmx/mbeanserver/NamedObject
instanceKlass com/sun/jmx/interceptor/DefaultMBeanServerInterceptor$ResourceContext$1
instanceKlass com/sun/jmx/interceptor/DefaultMBeanServerInterceptor$ResourceContext
instanceKlass com/sun/jmx/mbeanserver/Repository$RegistrationContext
instanceKlass com/sun/jmx/mbeanserver/DynamicMBean2
instanceKlass sun/util/logging/PlatformLogger
instanceKlass sun/util/logging/PlatformLogger$ConfigurableBridge$LoggerConfiguration
instanceKlass jdk/internal/logger/BootstrapLogger$RedirectedLoggers
instanceKlass com/sun/jmx/defaults/JmxProperties
instanceKlass com/sun/jmx/mbeanserver/Introspector
instanceKlass com/sun/jmx/mbeanserver/JmxMBeanServer$2
instanceKlass com/sun/jmx/interceptor/DefaultMBeanServerInterceptor
instanceKlass com/sun/jmx/interceptor/MBeanServerInterceptor
instanceKlass java/util/concurrent/locks/ReentrantReadWriteLock$WriteLock
instanceKlass java/util/concurrent/locks/ReentrantReadWriteLock$ReadLock
instanceKlass java/util/concurrent/locks/ReentrantReadWriteLock
instanceKlass java/util/concurrent/locks/ReadWriteLock
instanceKlass com/sun/jmx/mbeanserver/Repository
instanceKlass com/sun/jmx/mbeanserver/JmxMBeanServer$1
instanceKlass com/sun/jmx/mbeanserver/SecureClassLoaderRepository
instanceKlass com/sun/jmx/mbeanserver/MBeanInstantiator
instanceKlass com/sun/jmx/mbeanserver/ClassLoaderRepositorySupport$LoaderEntry
instanceKlass com/sun/jmx/mbeanserver/ClassLoaderRepositorySupport
instanceKlass com/sun/jmx/mbeanserver/ModifiableClassLoaderRepository
instanceKlass javax/management/loading/ClassLoaderRepository
instanceKlass javax/management/ImmutableDescriptor
instanceKlass javax/management/Descriptor
instanceKlass com/sun/jmx/remote/util/ClassLogger
instanceKlass javax/management/NotificationBroadcasterSupport$1
instanceKlass java/util/concurrent/Executor
instanceKlass javax/management/NotificationBroadcasterSupport
instanceKlass java/util/ComparableTimSort
instanceKlass java/util/Arrays$LegacyMergeSort
instanceKlass javax/management/ObjectName$Property
instanceKlass javax/management/ObjectName
instanceKlass javax/management/QueryExp
instanceKlass com/sun/jmx/mbeanserver/Util
instanceKlass javax/management/MBeanInfo
instanceKlass javax/management/MBeanFeatureInfo
instanceKlass javax/management/DescriptorRead
instanceKlass javax/management/MBeanServerDelegate
instanceKlass javax/management/NotificationEmitter
instanceKlass javax/management/NotificationBroadcaster
instanceKlass javax/management/MBeanServerDelegateMBean
instanceKlass javax/management/MBeanRegistration
instanceKlass javax/management/DynamicMBean
instanceKlass com/sun/jmx/mbeanserver/JmxMBeanServer
instanceKlass com/sun/jmx/mbeanserver/SunJmxMBeanServer
instanceKlass javax/management/MBeanServer
instanceKlass javax/management/MBeanServerConnection
instanceKlass javax/management/MBeanServerBuilder
instanceKlass com/sun/jmx/mbeanserver/GetPropertyAction
instanceKlass javax/management/MBeanServerFactory
instanceKlass  @bci java/lang/management/ManagementFactory loadNativeLib ()V 0 <appendix> argL0 ; # java/lang/management/ManagementFactory$$Lambda+0x0000021901047d98
instanceKlass java/lang/management/ManagementFactory
instanceKlass java/util/concurrent/atomic/Striped64$1
instanceKlass jdk/internal/util/random/RandomSupport
instanceKlass java/util/Random
instanceKlass java/util/random/RandomGenerator
instanceKlass java/lang/invoke/VarHandle$AccessDescriptor
instanceKlass java/net/InetAddress$CachedLookup
instanceKlass java/security/Security$1
instanceKlass jdk/internal/access/JavaSecurityPropertiesAccess
instanceKlass  @bci java/security/Security <clinit> ()V 9 <appendix> argL0 ; # java/security/Security$$Lambda+0x80000000b
instanceKlass java/security/Security
instanceKlass sun/net/InetAddressCachePolicy$1
instanceKlass sun/net/InetAddressCachePolicy
instanceKlass java/util/stream/Node$Builder
instanceKlass java/util/stream/Nodes$ArrayNode
instanceKlass java/util/stream/Node$OfDouble
instanceKlass java/util/stream/Node$OfLong
instanceKlass java/util/stream/Node$OfInt
instanceKlass java/util/stream/Node$OfPrimitive
instanceKlass java/util/stream/Nodes$EmptyNode
instanceKlass java/util/stream/Node
instanceKlass java/util/stream/Nodes
instanceKlass  @bci java/net/InetAddress getAddressesFromNameService (Ljava/lang/String;)[Ljava/net/InetAddress; 94 <appendix> argL0 ; # java/net/InetAddress$$Lambda+0x00000219010469f0
instanceKlass java/util/function/IntFunction
instanceKlass java/net/Inet6Address$Inet6AddressHolder
instanceKlass  @bci java/net/InetAddress loadResolver ()Ljava/net/spi/InetAddressResolver; 8 <appendix> argL0 ; # java/net/InetAddress$$Lambda+0x00000219010465d8
instanceKlass java/net/spi/InetAddressResolverProvider
instanceKlass java/net/InetAddress$NameServiceAddresses
instanceKlass java/net/InetAddress$Addresses
instanceKlass java/util/concurrent/ConcurrentSkipListMap$Iter
instanceKlass java/net/InetAddress$PlatformResolver
instanceKlass java/net/spi/InetAddressResolver
instanceKlass java/net/spi/InetAddressResolver$LookupPolicy
instanceKlass java/net/Inet4AddressImpl
instanceKlass java/net/Inet6AddressImpl
instanceKlass java/net/InetAddressImpl
instanceKlass java/util/concurrent/ConcurrentSkipListMap$Node
instanceKlass java/lang/invoke/VarForm
instanceKlass java/lang/invoke/VarHandleGuards
instanceKlass java/lang/ClassValue$Version
instanceKlass java/lang/ClassValue$Identity
instanceKlass java/lang/ClassValue
instanceKlass java/lang/invoke/VarHandles
instanceKlass java/util/concurrent/ConcurrentSkipListMap$Index
instanceKlass java/util/concurrent/ConcurrentNavigableMap
instanceKlass java/net/InetAddress$InetAddressHolder
instanceKlass java/net/InetAddress$1
instanceKlass jdk/internal/access/JavaNetInetAddressAccess
instanceKlass java/net/InetAddress
instanceKlass  @bci java/beans/Introspector findCustomizerClass (Ljava/lang/Class;)Ljava/lang/Class; 4 <appendix> form vmentry <vmtarget> ; # java/lang/invoke/LambdaForm$MH+0x0000021901000c00
instanceKlass sun/management/jmxremote/ConnectorBootstrap$PermanentExporter
instanceKlass com/sun/jmx/remote/internal/rmi/RMIExporter
instanceKlass jdk/internal/logger/LazyLoggers$LazyLoggerAccessor
instanceKlass jdk/internal/logger/LazyLoggers$LoggerAccessor
instanceKlass jdk/internal/logger/AbstractLoggerWrapper
instanceKlass java/util/ServiceLoader$ProviderImpl
instanceKlass java/util/ServiceLoader$Provider
instanceKlass java/util/ServiceLoader$1
instanceKlass sun/util/logging/internal/LoggingProviderImpl$LogManagerAccess
instanceKlass java/util/concurrent/CopyOnWriteArrayList$COWIterator
instanceKlass java/util/StringTokenizer
instanceKlass java/util/jar/JarVerifier
instanceKlass java/util/jar/Attributes$Name
instanceKlass java/util/jar/Attributes
instanceKlass java/util/TreeMap$PrivateEntryIterator
instanceKlass java/util/TreeMap$Entry
instanceKlass java/util/NavigableMap
instanceKlass java/util/SortedMap
instanceKlass java/util/NavigableSet
instanceKlass java/util/SortedSet
instanceKlass sun/security/action/GetIntegerAction
instanceKlass sun/security/util/Debug
instanceKlass sun/security/util/SignatureFileVerifier
instanceKlass java/util/zip/ZipFile$InflaterCleanupAction
instanceKlass java/util/zip/Inflater$InflaterZStreamRef
instanceKlass java/util/zip/Inflater
instanceKlass java/util/zip/ZipEntry
instanceKlass java/util/zip/ZipFile$2
instanceKlass jdk/internal/perf/PerfCounter$CoreCounters
instanceKlass jdk/internal/perf/Perf
instanceKlass jdk/internal/perf/Perf$GetPerfAction
instanceKlass jdk/internal/perf/PerfCounter
instanceKlass sun/util/locale/LocaleObjectCache
instanceKlass sun/util/locale/BaseLocale$Key
instanceKlass sun/util/locale/LocaleUtils
instanceKlass sun/util/locale/BaseLocale
instanceKlass java/util/Locale
instanceKlass java/nio/file/attribute/FileTime
instanceKlass java/lang/StringCoding
instanceKlass java/util/zip/ZipUtils
instanceKlass java/util/zip/ZipFile$Source$End
instanceKlass java/io/RandomAccessFile$2
instanceKlass jdk/internal/access/JavaIORandomAccessFileAccess
instanceKlass java/io/RandomAccessFile
instanceKlass java/io/DataInput
instanceKlass java/io/DataOutput
instanceKlass sun/nio/fs/WindowsNativeDispatcher$CompletionStatus
instanceKlass sun/nio/fs/WindowsNativeDispatcher$AclInformation
instanceKlass sun/nio/fs/WindowsNativeDispatcher$Account
instanceKlass sun/nio/fs/WindowsNativeDispatcher$DiskFreeSpace
instanceKlass sun/nio/fs/WindowsNativeDispatcher$VolumeInformation
instanceKlass sun/nio/fs/WindowsNativeDispatcher$FirstStream
instanceKlass sun/nio/fs/WindowsNativeDispatcher$FirstFile
instanceKlass sun/nio/fs/WindowsNativeDispatcher
instanceKlass sun/nio/fs/NativeBuffer$Deallocator
instanceKlass sun/nio/fs/NativeBuffer
instanceKlass java/lang/ThreadLocal$ThreadLocalMap
instanceKlass java/lang/ThreadLocal
instanceKlass sun/nio/fs/NativeBuffers
instanceKlass sun/nio/fs/WindowsFileAttributes
instanceKlass java/nio/file/attribute/DosFileAttributes
instanceKlass sun/nio/fs/AbstractBasicFileAttributeView
instanceKlass sun/nio/fs/DynamicFileAttributeView
instanceKlass sun/nio/fs/WindowsFileAttributeViews
instanceKlass sun/nio/fs/Util
instanceKlass java/nio/file/attribute/BasicFileAttributeView
instanceKlass java/nio/file/attribute/FileAttributeView
instanceKlass java/nio/file/attribute/AttributeView
instanceKlass java/nio/file/Files
instanceKlass java/nio/file/CopyOption
instanceKlass java/nio/file/attribute/BasicFileAttributes
instanceKlass java/util/zip/ZipFile$Source$Key
instanceKlass java/util/zip/ZipFile$Source
instanceKlass java/util/zip/ZipCoder
instanceKlass java/util/zip/ZipFile$CleanableResource
instanceKlass java/lang/Runtime$Version
instanceKlass java/util/jar/JavaUtilJarAccessImpl
instanceKlass jdk/internal/access/JavaUtilJarAccess
instanceKlass jdk/internal/loader/FileURLMapper
instanceKlass jdk/internal/loader/URLClassPath$JarLoader$1
instanceKlass java/util/zip/ZipFile$1
instanceKlass jdk/internal/access/JavaUtilZipFileAccess
instanceKlass java/util/zip/ZipFile
instanceKlass java/util/zip/ZipConstants
instanceKlass jdk/internal/loader/URLClassPath$Loader
instanceKlass jdk/internal/loader/URLClassPath$3
instanceKlass sun/net/util/URLUtil
instanceKlass jdk/internal/loader/URLClassPath$1
instanceKlass java/lang/CompoundEnumeration
instanceKlass jdk/internal/loader/BuiltinClassLoader$1
instanceKlass java/util/Collections$EmptyEnumeration
instanceKlass java/util/Collections$EmptyIterator
instanceKlass jdk/internal/jimage/ImageLocation
instanceKlass jdk/internal/jimage/decompressor/Decompressor
instanceKlass jdk/internal/jimage/ImageStringsReader
instanceKlass jdk/internal/jimage/ImageStrings
instanceKlass jdk/internal/jimage/ImageHeader
instanceKlass java/nio/Bits$1
instanceKlass jdk/internal/misc/VM$BufferPool
instanceKlass java/nio/Bits
instanceKlass sun/nio/ch/DirectBuffer
instanceKlass jdk/internal/loader/NativeLibraries$3
instanceKlass jdk/internal/loader/NativeLibrary
instanceKlass java/util/ArrayDeque$DeqIterator
instanceKlass jdk/internal/loader/NativeLibraries$NativeLibraryContext$1
instanceKlass jdk/internal/loader/NativeLibraries$NativeLibraryContext
instanceKlass jdk/internal/loader/NativeLibraries$2
instanceKlass jdk/internal/loader/NativeLibraries$1
instanceKlass jdk/internal/loader/NativeLibraries$LibraryPaths
instanceKlass jdk/internal/jimage/NativeImageBuffer$1
instanceKlass jdk/internal/jimage/NativeImageBuffer
instanceKlass jdk/internal/jimage/BasicImageReader$1
instanceKlass jdk/internal/jimage/BasicImageReader
instanceKlass jdk/internal/jimage/ImageReader
instanceKlass jdk/internal/jimage/ImageReaderFactory$1
instanceKlass sun/nio/fs/WindowsPath
instanceKlass java/net/URI$Parser
instanceKlass sun/nio/fs/WindowsPathParser$Result
instanceKlass sun/nio/fs/WindowsPathParser
instanceKlass java/nio/file/FileSystem
instanceKlass java/nio/file/OpenOption
instanceKlass java/nio/file/spi/FileSystemProvider
instanceKlass sun/nio/fs/DefaultFileSystemProvider
instanceKlass java/nio/file/FileSystems$DefaultFileSystemHolder$1
instanceKlass java/nio/file/FileSystems$DefaultFileSystemHolder
instanceKlass java/nio/file/FileSystems
instanceKlass java/nio/file/Paths
instanceKlass jdk/internal/jimage/ImageReaderFactory
instanceKlass jdk/internal/module/SystemModuleFinders$SystemImage
instanceKlass jdk/internal/module/SystemModuleFinders$SystemModuleReader
instanceKlass java/lang/module/ModuleReader
instanceKlass jdk/internal/loader/BuiltinClassLoader$5
instanceKlass jdk/internal/loader/BuiltinClassLoader$2
instanceKlass java/security/PrivilegedExceptionAction
instanceKlass jdk/internal/module/Resources
instanceKlass java/util/Enumeration
instanceKlass java/util/ServiceLoader$3
instanceKlass java/util/ServiceLoader$2
instanceKlass java/util/ServiceLoader$LazyClassPathLookupIterator
instanceKlass java/util/Spliterators$1Adapter
instanceKlass java/util/Spliterators$ArraySpliterator
instanceKlass java/util/ServiceLoader$ModuleServicesLookupIterator
instanceKlass java/util/ServiceLoader
instanceKlass jdk/internal/logger/BootstrapLogger$DetectBackend$1
instanceKlass jdk/internal/logger/BootstrapLogger$DetectBackend
instanceKlass jdk/internal/logger/BootstrapLogger
instanceKlass sun/util/logging/PlatformLogger$ConfigurableBridge
instanceKlass sun/util/logging/PlatformLogger$Bridge
instanceKlass java/lang/System$Logger
instanceKlass jdk/internal/logger/DefaultLoggerFinder$1
instanceKlass java/lang/System$LoggerFinder
instanceKlass jdk/internal/logger/LazyLoggers$LazyLoggerFactories
instanceKlass jdk/internal/logger/LazyLoggers$1
instanceKlass java/security/Permission
instanceKlass java/security/Guard
instanceKlass jdk/internal/logger/LazyLoggers
instanceKlass sun/management/jmxremote/ConnectorBootstrap
instanceKlass jdk/internal/vm/VMSupport
instanceKlass java/util/concurrent/ConcurrentHashMap$MapEntry
instanceKlass java/util/concurrent/ConcurrentHashMap$Traverser
instanceKlass java/util/Collections$SynchronizedCollection
instanceKlass java/util/Properties$EntrySet
instanceKlass java/io/FileInputStream$1
instanceKlass java/util/Properties$LineReader
instanceKlass jdk/internal/agent/Agent
instanceKlass java/lang/invoke/StringConcatFactory
instanceKlass jdk/internal/module/ModuleBootstrap$SafeModuleFinder
instanceKlass java/lang/ModuleLayer$Controller
instanceKlass java/util/concurrent/CopyOnWriteArrayList
instanceKlass jdk/internal/module/ServicesCatalog$ServiceProvider
instanceKlass jdk/internal/loader/AbstractClassLoaderValue$Memoizer
instanceKlass jdk/internal/module/ModuleLoaderMap$Modules
instanceKlass jdk/internal/module/ModuleLoaderMap$Mapper
instanceKlass jdk/internal/module/ModuleLoaderMap
instanceKlass java/lang/module/ResolvedModule
instanceKlass java/util/Collections$UnmodifiableCollection$1
instanceKlass java/util/SequencedMap
instanceKlass java/util/SequencedSet
instanceKlass java/lang/ModuleLayer
instanceKlass java/util/ImmutableCollections$ListItr
instanceKlass java/util/ListIterator
instanceKlass java/lang/module/ModuleFinder$1
instanceKlass java/nio/file/Path
instanceKlass java/nio/file/Watchable
instanceKlass java/lang/module/Resolver
instanceKlass java/lang/module/Configuration
instanceKlass  @bci java/util/stream/FindOps$FindSink$OfRef <clinit> ()V 43 <appendix> argL0 ; # java/util/stream/FindOps$FindSink$OfRef$$Lambda+0x80000004d
instanceKlass  @bci java/util/stream/FindOps$FindSink$OfRef <clinit> ()V 38 <appendix> argL0 ; # java/util/stream/FindOps$FindSink$OfRef$$Lambda+0x80000004f
instanceKlass  @bci java/util/stream/FindOps$FindSink$OfRef <clinit> ()V 16 <appendix> argL0 ; # java/util/stream/FindOps$FindSink$OfRef$$Lambda+0x80000004e
instanceKlass  @bci java/util/stream/FindOps$FindSink$OfRef <clinit> ()V 11 <appendix> argL0 ; # java/util/stream/FindOps$FindSink$OfRef$$Lambda+0x800000050
instanceKlass java/util/stream/FindOps$FindOp
instanceKlass java/util/stream/FindOps$FindSink
instanceKlass java/util/stream/FindOps
instanceKlass  @bci jdk/internal/module/DefaultRoots exportsAPI (Ljava/lang/module/ModuleDescriptor;)Z 9 <appendix> argL0 ; # jdk/internal/module/DefaultRoots$$Lambda+0x800000056
instanceKlass java/util/stream/Sink$ChainedReference
instanceKlass java/util/stream/ReduceOps$AccumulatingSink
instanceKlass java/util/stream/TerminalSink
instanceKlass java/util/stream/Sink
instanceKlass java/util/function/Consumer
instanceKlass java/util/stream/ReduceOps$Box
instanceKlass java/util/stream/ReduceOps$ReduceOp
instanceKlass java/util/stream/TerminalOp
instanceKlass java/util/stream/ReduceOps
instanceKlass  @bci java/util/stream/Collectors castingIdentity ()Ljava/util/function/Function; 0 <appendix> argL0 ; # java/util/stream/Collectors$$Lambda+0x800000043
instanceKlass  @bci java/util/stream/Collectors toSet ()Ljava/util/stream/Collector; 14 <appendix> argL0 ; # java/util/stream/Collectors$$Lambda+0x800000041
instanceKlass java/util/function/BinaryOperator
instanceKlass  @bci java/util/stream/Collectors toSet ()Ljava/util/stream/Collector; 9 <appendix> argL0 ; # java/util/stream/Collectors$$Lambda+0x80000003a
instanceKlass java/util/function/BiConsumer
instanceKlass  @bci java/util/stream/Collectors toSet ()Ljava/util/stream/Collector; 4 <appendix> argL0 ; # java/util/stream/Collectors$$Lambda+0x800000046
instanceKlass java/util/stream/Collector
instanceKlass java/util/Collections$UnmodifiableCollection
instanceKlass java/util/stream/Collectors
instanceKlass  @bci jdk/internal/module/DefaultRoots compute (Ljava/lang/module/ModuleFinder;Ljava/lang/module/ModuleFinder;)Ljava/util/Set; 42 <appendix> argL0 ; # jdk/internal/module/DefaultRoots$$Lambda+0x800000053
instanceKlass  @bci jdk/internal/module/DefaultRoots compute (Ljava/lang/module/ModuleFinder;Ljava/lang/module/ModuleFinder;)Ljava/util/Set; 32 <appendix> member <vmtarget> ; # jdk/internal/module/DefaultRoots$$Lambda+0x800000057
instanceKlass java/util/concurrent/ForkJoinPool$ManagedBlocker
instanceKlass java/util/concurrent/locks/AbstractQueuedSynchronizer$Node
instanceKlass  @bci jdk/internal/module/DefaultRoots compute (Ljava/lang/module/ModuleFinder;Ljava/lang/module/ModuleFinder;)Ljava/util/Set; 21 <appendix> argL0 ; # jdk/internal/module/DefaultRoots$$Lambda+0x800000054
instanceKlass java/lang/ref/Cleaner$Cleanable
instanceKlass jdk/internal/ref/CleanerImpl
instanceKlass java/lang/ref/Cleaner$1
instanceKlass java/lang/ref/Cleaner
instanceKlass jdk/internal/ref/CleanerFactory$1
instanceKlass java/util/concurrent/ThreadFactory
instanceKlass jdk/internal/ref/CleanerFactory
instanceKlass  @bci kafka/server/checkpoints/LazyOffsetCheckpoints <init> (Lscala/collection/Map;)V 6 <appendix> form vmentry <vmtarget> ; # java/lang/invoke/LambdaForm$MH+0x0000021901000800
instanceKlass  @bci jdk/internal/module/DefaultRoots compute (Ljava/lang/module/ModuleFinder;Ljava/lang/module/ModuleFinder;)Ljava/util/Set; 11 <appendix> argL0 ; # jdk/internal/module/DefaultRoots$$Lambda+0x800000055
instanceKlass java/lang/invoke/LambdaProxyClassArchive
instanceKlass java/lang/invoke/InfoFromMemberName
instanceKlass java/lang/invoke/MethodHandleInfo
instanceKlass jdk/internal/org/objectweb/asm/ConstantDynamic
instanceKlass jdk/internal/org/objectweb/asm/Handle
instanceKlass sun/security/action/GetBooleanAction
instanceKlass java/lang/invoke/AbstractValidatingLambdaMetafactory
instanceKlass java/lang/invoke/BootstrapMethodInvoker
instanceKlass java/util/function/Predicate
instanceKlass java/lang/WeakPairMap$Pair$Lookup
instanceKlass java/lang/WeakPairMap$Pair
instanceKlass java/lang/WeakPairMap
instanceKlass java/lang/Module$ReflectionData
instanceKlass java/lang/invoke/LambdaMetafactory
# instanceKlass java/lang/invoke/LambdaForm$MH+0x0000021901000400
instanceKlass java/lang/invoke/MethodHandles$Lookup$ClassDefiner
instanceKlass java/lang/invoke/MethodHandles$Lookup$ClassFile
instanceKlass jdk/internal/org/objectweb/asm/Handler
instanceKlass jdk/internal/org/objectweb/asm/Attribute
instanceKlass jdk/internal/org/objectweb/asm/FieldVisitor
instanceKlass java/util/ArrayList$Itr
instanceKlass sun/invoke/empty/Empty
instanceKlass sun/invoke/util/VerifyType
instanceKlass java/lang/invoke/InvokerBytecodeGenerator$ClassData
instanceKlass jdk/internal/org/objectweb/asm/AnnotationVisitor
instanceKlass jdk/internal/org/objectweb/asm/Frame
instanceKlass jdk/internal/org/objectweb/asm/Label
instanceKlass jdk/internal/org/objectweb/asm/Type
instanceKlass jdk/internal/org/objectweb/asm/MethodVisitor
instanceKlass sun/invoke/util/BytecodeDescriptor
instanceKlass jdk/internal/org/objectweb/asm/ByteVector
instanceKlass jdk/internal/org/objectweb/asm/Symbol
instanceKlass jdk/internal/org/objectweb/asm/SymbolTable
instanceKlass jdk/internal/org/objectweb/asm/ClassVisitor
instanceKlass java/lang/invoke/LambdaFormBuffer
instanceKlass java/lang/invoke/LambdaFormEditor$TransformKey
instanceKlass java/lang/invoke/LambdaFormEditor
instanceKlass java/lang/invoke/Invokers$Holder
instanceKlass java/lang/invoke/DelegatingMethodHandle$Holder
instanceKlass java/lang/invoke/DirectMethodHandle$2
instanceKlass java/lang/invoke/ClassSpecializer$Factory
instanceKlass java/lang/invoke/ClassSpecializer$SpeciesData
instanceKlass java/lang/invoke/ClassSpecializer$1
instanceKlass java/lang/invoke/ClassSpecializer
instanceKlass java/lang/invoke/InvokerBytecodeGenerator$1
instanceKlass java/lang/invoke/InvokerBytecodeGenerator
instanceKlass java/lang/invoke/LambdaForm$Holder
instanceKlass java/lang/invoke/LambdaForm$Name
instanceKlass java/lang/reflect/Array
instanceKlass java/lang/invoke/Invokers
instanceKlass sun/invoke/util/ValueConversions
instanceKlass java/lang/invoke/DirectMethodHandle$Holder
instanceKlass java/lang/Void
instanceKlass sun/invoke/util/Wrapper$Format
instanceKlass java/lang/invoke/MethodHandleImpl$1
instanceKlass jdk/internal/access/JavaLangInvokeAccess
instanceKlass java/lang/invoke/LambdaForm$NamedFunction
instanceKlass java/lang/invoke/MethodHandleImpl
instanceKlass jdk/internal/reflect/MethodHandleAccessorFactory$LazyStaticHolder
instanceKlass java/lang/invoke/MethodTypeForm
instanceKlass java/lang/invoke/MethodType$ConcurrentWeakInternSet
instanceKlass sun/reflect/annotation/AnnotationParser
instanceKlass java/lang/Class$3
instanceKlass java/lang/PublicMethods$Key
instanceKlass java/lang/PublicMethods$MethodList
instanceKlass java/util/EnumMap$1
instanceKlass java/util/stream/StreamOpFlag$MaskBuilder
instanceKlass java/util/stream/Stream
instanceKlass java/util/stream/BaseStream
instanceKlass java/util/stream/PipelineHelper
instanceKlass java/util/stream/StreamSupport
instanceKlass java/util/Spliterators$IteratorSpliterator
instanceKlass java/util/Spliterator$OfDouble
instanceKlass java/util/Spliterator$OfLong
instanceKlass java/util/Spliterator$OfInt
instanceKlass java/util/Spliterator$OfPrimitive
instanceKlass java/util/Spliterator
instanceKlass java/util/Spliterators$EmptySpliterator
instanceKlass java/util/Spliterators
instanceKlass jdk/internal/module/DefaultRoots
instanceKlass jdk/internal/loader/BuiltinClassLoader$LoadedModule
instanceKlass jdk/internal/loader/AbstractClassLoaderValue
instanceKlass jdk/internal/module/ServicesCatalog
instanceKlass java/util/Deque
instanceKlass java/util/Queue
instanceKlass sun/net/util/IPAddressUtil$MASKS
instanceKlass sun/net/util/IPAddressUtil
instanceKlass java/net/URLStreamHandler
instanceKlass sun/net/www/ParseUtil
instanceKlass java/net/URL$3
instanceKlass jdk/internal/access/JavaNetURLAccess
instanceKlass java/net/URL$DefaultFactory
instanceKlass java/net/URLStreamHandlerFactory
instanceKlass jdk/internal/loader/URLClassPath
instanceKlass java/security/Principal
instanceKlass java/security/ProtectionDomain$Key
instanceKlass java/security/ProtectionDomain$JavaSecurityAccessImpl
instanceKlass jdk/internal/access/JavaSecurityAccess
instanceKlass java/lang/ClassLoader$ParallelLoaders
instanceKlass java/security/cert/Certificate
instanceKlass jdk/internal/loader/ArchivedClassLoaders
instanceKlass java/util/concurrent/ConcurrentHashMap$CollectionView
instanceKlass jdk/internal/loader/ClassLoaderHelper
instanceKlass jdk/internal/loader/NativeLibraries
instanceKlass java/lang/Module$EnableNativeAccess
instanceKlass jdk/internal/loader/BootLoader
instanceKlass java/util/Optional
instanceKlass jdk/internal/module/SystemModuleFinders$SystemModuleFinder
instanceKlass java/lang/module/ModuleFinder
instanceKlass jdk/internal/module/SystemModuleFinders$3
instanceKlass jdk/internal/module/ModuleHashes$HashSupplier
instanceKlass jdk/internal/module/SystemModuleFinders$2
instanceKlass java/util/function/Supplier
instanceKlass java/lang/module/ModuleReference
instanceKlass jdk/internal/module/ModuleResolution
instanceKlass java/util/Collections$UnmodifiableMap
instanceKlass jdk/internal/module/ModuleHashes$Builder
instanceKlass jdk/internal/module/ModuleHashes
instanceKlass jdk/internal/module/ModuleTarget
instanceKlass java/util/ImmutableCollections$Set12$1
instanceKlass java/lang/reflect/AccessFlag$18
instanceKlass java/lang/reflect/AccessFlag$17
instanceKlass java/lang/reflect/AccessFlag$16
instanceKlass java/lang/reflect/AccessFlag$15
instanceKlass java/lang/reflect/AccessFlag$14
instanceKlass java/lang/reflect/AccessFlag$13
instanceKlass java/lang/reflect/AccessFlag$12
instanceKlass java/lang/reflect/AccessFlag$11
instanceKlass java/lang/reflect/AccessFlag$10
instanceKlass java/lang/reflect/AccessFlag$9
instanceKlass java/lang/reflect/AccessFlag$8
instanceKlass java/lang/reflect/AccessFlag$7
instanceKlass java/lang/reflect/AccessFlag$6
instanceKlass java/lang/reflect/AccessFlag$5
instanceKlass java/lang/reflect/AccessFlag$4
instanceKlass java/lang/reflect/AccessFlag$3
instanceKlass java/lang/reflect/AccessFlag$2
instanceKlass java/lang/reflect/AccessFlag$1
instanceKlass java/lang/module/ModuleDescriptor$Version
instanceKlass java/lang/module/ModuleDescriptor$Provides
instanceKlass java/lang/module/ModuleDescriptor$Opens
instanceKlass java/util/ImmutableCollections$SetN$SetNIterator
instanceKlass java/lang/module/ModuleDescriptor$Exports
instanceKlass java/lang/module/ModuleDescriptor$Requires
instanceKlass jdk/internal/module/Builder
instanceKlass jdk/internal/module/SystemModules$all
instanceKlass jdk/internal/module/SystemModules
instanceKlass jdk/internal/module/SystemModulesMap
instanceKlass java/net/URI$1
instanceKlass jdk/internal/access/JavaNetUriAccess
instanceKlass java/net/URI
instanceKlass jdk/internal/module/SystemModuleFinders
instanceKlass jdk/internal/module/ArchivedModuleGraph
instanceKlass jdk/internal/module/ArchivedBootLayer
instanceKlass jdk/internal/module/ModuleBootstrap$Counters
instanceKlass jdk/internal/module/ModulePatcher
instanceKlass java/io/FileSystem
instanceKlass java/io/DefaultFileSystem
instanceKlass java/io/File
instanceKlass java/lang/module/ModuleDescriptor$1
instanceKlass jdk/internal/access/JavaLangModuleAccess
instanceKlass sun/invoke/util/VerifyAccess
instanceKlass java/util/KeyValueHolder
instanceKlass java/util/ImmutableCollections$MapN$MapNIterator
instanceKlass java/lang/StrictMath
instanceKlass java/lang/invoke/MethodHandles$Lookup
instanceKlass java/lang/invoke/MemberName$Factory
instanceKlass java/lang/invoke/MethodHandles
instanceKlass java/lang/module/ModuleDescriptor
instanceKlass jdk/internal/module/ModuleBootstrap
instanceKlass java/lang/Character$CharacterCache
instanceKlass java/util/HexFormat
instanceKlass jdk/internal/util/ClassFileDumper
instanceKlass sun/security/action/GetPropertyAction
instanceKlass java/lang/invoke/MethodHandleStatics
instanceKlass java/util/concurrent/locks/AbstractQueuedSynchronizer$ConditionObject
instanceKlass java/util/concurrent/locks/Condition
instanceKlass jdk/internal/misc/Blocker
instanceKlass java/util/Collections
instanceKlass java/lang/Thread$ThreadIdentifiers
instanceKlass sun/io/Win32ErrorMode
instanceKlass jdk/internal/misc/OSEnvironment
instanceKlass java/lang/Integer$IntegerCache
instanceKlass jdk/internal/misc/Signal$NativeHandler
instanceKlass java/util/Hashtable$Entry
instanceKlass jdk/internal/misc/Signal
instanceKlass java/lang/Terminator$1
instanceKlass jdk/internal/misc/Signal$Handler
instanceKlass java/lang/Terminator
instanceKlass java/nio/ByteOrder
instanceKlass java/nio/Buffer$2
instanceKlass jdk/internal/access/JavaNioAccess
instanceKlass java/nio/Buffer$1
instanceKlass jdk/internal/misc/ScopedMemoryAccess
instanceKlass java/nio/charset/CodingErrorAction
instanceKlass sun/nio/cs/SingleByte
instanceKlass java/lang/StringUTF16
instanceKlass sun/nio/cs/IBM437$Holder
instanceKlass sun/nio/cs/ArrayEncoder
instanceKlass java/nio/charset/CharsetEncoder
instanceKlass java/io/Writer
instanceKlass java/io/PrintStream$1
instanceKlass jdk/internal/access/JavaIOPrintStreamAccess
instanceKlass jdk/internal/misc/InternalLock
instanceKlass java/io/OutputStream
instanceKlass java/io/Flushable
instanceKlass java/io/FileDescriptor$1
instanceKlass jdk/internal/access/JavaIOFileDescriptorAccess
instanceKlass java/io/FileDescriptor
instanceKlass jdk/internal/util/StaticProperty
instanceKlass jdk/internal/reflect/MethodHandleAccessorFactory
instanceKlass java/lang/reflect/Modifier
instanceKlass java/lang/Class$1
instanceKlass java/lang/Class$Atomic
instanceKlass java/lang/Class$ReflectionData
instanceKlass java/nio/charset/StandardCharsets
instanceKlass sun/nio/cs/HistoricallyNamedCharset
instanceKlass java/nio/charset/spi/CharsetProvider
instanceKlass java/nio/charset/Charset
instanceKlass java/util/HashMap$HashIterator
instanceKlass java/util/concurrent/locks/LockSupport
instanceKlass java/util/concurrent/ConcurrentHashMap$Node
instanceKlass java/util/concurrent/ConcurrentHashMap$CounterCell
instanceKlass java/util/concurrent/locks/ReentrantLock
instanceKlass java/util/concurrent/locks/Lock
instanceKlass java/lang/CharacterData
instanceKlass java/util/Arrays
instanceKlass jdk/internal/util/Preconditions$3
instanceKlass jdk/internal/util/Preconditions$2
instanceKlass jdk/internal/util/Preconditions$4
instanceKlass java/util/function/BiFunction
instanceKlass jdk/internal/util/Preconditions$1
instanceKlass java/util/function/Function
instanceKlass jdk/internal/util/Preconditions
instanceKlass java/lang/Runtime
instanceKlass java/lang/VersionProps
instanceKlass java/lang/StringConcatHelper
instanceKlass java/util/HashMap$Node
instanceKlass java/util/Map$Entry
instanceKlass jdk/internal/util/ArraysSupport
instanceKlass jdk/internal/util/SystemProps$Raw
instanceKlass jdk/internal/util/SystemProps
instanceKlass java/lang/System$2
instanceKlass jdk/internal/access/JavaLangAccess
instanceKlass java/lang/ref/NativeReferenceQueue$Lock
instanceKlass java/lang/ref/ReferenceQueue
instanceKlass java/lang/ref/Reference$1
instanceKlass jdk/internal/access/JavaLangRefAccess
instanceKlass jdk/internal/reflect/ReflectionFactory
instanceKlass java/lang/Math
instanceKlass java/lang/StringLatin1
instanceKlass jdk/internal/reflect/Reflection
instanceKlass jdk/internal/reflect/ReflectionFactory$GetReflectionFactoryAction
instanceKlass java/security/PrivilegedAction
instanceKlass jdk/internal/access/SharedSecrets
instanceKlass java/lang/reflect/ReflectAccess
instanceKlass jdk/internal/access/JavaLangReflectAccess
instanceKlass java/util/ImmutableCollections
instanceKlass java/util/Objects
instanceKlass java/util/Set
instanceKlass jdk/internal/misc/CDS
instanceKlass java/lang/Module$ArchivedData
instanceKlass jdk/internal/misc/VM
instanceKlass java/lang/String$CaseInsensitiveComparator
instanceKlass java/util/Comparator
instanceKlass java/io/ObjectStreamField
instanceKlass jdk/internal/vm/FillerObject
instanceKlass jdk/internal/vm/vector/VectorSupport$VectorPayload
instanceKlass jdk/internal/vm/vector/VectorSupport
instanceKlass java/lang/reflect/RecordComponent
instanceKlass java/util/Iterator
instanceKlass java/lang/Number
instanceKlass java/lang/Character
instanceKlass java/lang/Boolean
instanceKlass java/util/concurrent/locks/AbstractOwnableSynchronizer
instanceKlass java/lang/LiveStackFrame
instanceKlass java/lang/StackFrameInfo
instanceKlass java/lang/StackWalker$StackFrame
instanceKlass java/lang/StackStreamFactory$AbstractStackWalker
instanceKlass java/lang/StackWalker
instanceKlass java/nio/Buffer
instanceKlass java/lang/StackTraceElement
instanceKlass java/util/RandomAccess
instanceKlass java/util/List
instanceKlass java/util/SequencedCollection
instanceKlass java/util/AbstractCollection
instanceKlass java/util/Collection
instanceKlass java/lang/Iterable
instanceKlass java/util/concurrent/ConcurrentMap
instanceKlass java/util/AbstractMap
instanceKlass java/security/CodeSource
instanceKlass jdk/internal/loader/ClassLoaders
instanceKlass java/util/jar/Manifest
instanceKlass java/lang/Enum
instanceKlass java/net/URL
instanceKlass java/io/InputStream
instanceKlass java/io/Closeable
instanceKlass java/lang/AutoCloseable
instanceKlass jdk/internal/module/Modules
instanceKlass jdk/internal/misc/Unsafe
instanceKlass jdk/internal/misc/UnsafeConstants
instanceKlass java/lang/AbstractStringBuilder
instanceKlass java/lang/Appendable
instanceKlass java/lang/AssertionStatusDirectives
instanceKlass java/lang/invoke/MethodHandleNatives$CallSiteContext
instanceKlass jdk/internal/foreign/abi/ABIDescriptor
instanceKlass jdk/internal/foreign/abi/NativeEntryPoint
instanceKlass java/lang/invoke/CallSite
instanceKlass java/lang/invoke/MethodType
instanceKlass java/lang/invoke/TypeDescriptor$OfMethod
instanceKlass java/lang/invoke/LambdaForm
instanceKlass java/lang/invoke/MethodHandleNatives
instanceKlass java/lang/invoke/ResolvedMethodName
instanceKlass java/lang/invoke/MemberName
instanceKlass java/lang/invoke/VarHandle
instanceKlass java/lang/invoke/MethodHandle
instanceKlass jdk/internal/reflect/CallerSensitive
instanceKlass java/lang/annotation/Annotation
instanceKlass jdk/internal/reflect/FieldAccessor
instanceKlass jdk/internal/reflect/ConstantPool
instanceKlass jdk/internal/reflect/ConstructorAccessor
instanceKlass jdk/internal/reflect/MethodAccessor
instanceKlass jdk/internal/reflect/MagicAccessorImpl
instanceKlass jdk/internal/vm/StackChunk
instanceKlass jdk/internal/vm/Continuation
instanceKlass jdk/internal/vm/ContinuationScope
instanceKlass java/lang/reflect/Parameter
instanceKlass java/lang/reflect/Member
instanceKlass java/lang/reflect/AccessibleObject
instanceKlass java/lang/Module
instanceKlass java/util/Map
instanceKlass java/util/Dictionary
instanceKlass java/lang/ThreadGroup
instanceKlass java/lang/Thread$UncaughtExceptionHandler
instanceKlass java/lang/Thread$Constants
instanceKlass java/lang/Thread$FieldHolder
instanceKlass java/lang/Thread
instanceKlass java/lang/Runnable
instanceKlass java/lang/ref/Reference
instanceKlass java/lang/Record
instanceKlass java/security/AccessController
instanceKlass java/security/AccessControlContext
instanceKlass java/security/ProtectionDomain
instanceKlass java/lang/SecurityManager
instanceKlass java/lang/Throwable
instanceKlass java/lang/System
instanceKlass java/lang/ClassLoader
instanceKlass java/lang/Cloneable
instanceKlass java/lang/Class
instanceKlass java/lang/invoke/TypeDescriptor$OfField
instanceKlass java/lang/invoke/TypeDescriptor
instanceKlass java/lang/reflect/Type
instanceKlass java/lang/reflect/GenericDeclaration
instanceKlass java/lang/reflect/AnnotatedElement
instanceKlass java/lang/String
instanceKlass java/lang/constant/ConstantDesc
instanceKlass java/lang/constant/Constable
instanceKlass java/lang/CharSequence
instanceKlass java/lang/Comparable
instanceKlass java/io/Serializable
ciInstanceKlass java/lang/Object 1 1 124 7 1 10 12 1 1 10 7 12 1 1 1 10 7 12 1 1 1 10 12 1 1 8 1 10 12 1 1 10 7 12 1 1 1 10 12 1 10 12 1 1 10 7 12 1 1 1 10 12 1 10 12 1 7 1 10 7 12 1 1 1 10 12 1 1 10 12 1 100 1 8 1 10 12 1 3 8 1 7 1 5 0 1 1 1 1 1 1 1 1 1 1 1 1 1 1 1 1 7 1 1 1 1 1 1 1 1 1 1 7 1 1 1 1 1 1 1 1 1 1 3 1 1
ciInstanceKlass java/io/Serializable 1 0 7 100 1 100 1 1 1
ciInstanceKlass java/lang/System 1 1 834 10 7 12 1 1 1 9 7 12 1 1 1 10 12 1 10 12 1 1 10 12 1 1 10 12 1 9 12 1 1 10 7 12 1 1 1 11 100 12 1 1 1 10 100 12 1 1 1 10 12 1 1 10 12 1 1 100 1 8 1 10 12 1 10 7 12 1 1 1 10 7 12 1 1 1 18 12 1 1 10 7 12 1 1 1 7 1 10 12 1 1 10 7 12 1 1 1 10 12 1 10 7 12 1 1 1 9 100 12 1 1 1 10 7 12 1 1 1 11 7 12 1 1 1 10 12 1 1 10 7 12 1 1 1 7 1 10 10 12 1 1 8 1 10 12 1 8 1 10 12 1 9 12 1 1 8 1 10 7 12 1 1 1 10 12 1 1 100 1 8 1 10 9 12 1 1 8 1 10 12 1 1 10 100 12 1 1 1 8 1 10 12 1 7 1 10 12 1 8 1 10 12 1 10 12 1 1 100 1 10 12 10 12 1 9 12 1 1 9 12 1 1 10 7 12 1 1 1 10 7 12 1 1 1 10 12 1 1 10 12 1 10 12 1 10 7 12 1 1 1 10 12 1 100 1 100 1 8 1 10 12 1 10 12 1 1 7 1 10 12 1 100 1 8 1 10 10 12 1 100 1 8 1 10 8 1 10 7 12 1 1 8 1 10 12 100 1 8 1 10 10 12 1 1 10 7 12 1 1 1 100 1 18 12 1 100 1 9 100 12 1 1 1 10 12 1 100 1 10 12 1 1 10 12 1 1 10 7 12 1 1 1 10 12 1 1 10 12 1 10 12 1 10 12 1 1 10 12 1 7 1 10 12 1 9 7 12 1 1 1 10 7 12 1 1 1 10 12 1 10 12 1 10 7 12 1 1 1 7 1 8 1 10 9 12 1 9 12 1 10 12 1 10 7 12 1 1 10 12 1 10 12 1 1 8 1 10 12 1 1 8 1 11 12 1 10 12 11 12 1 1 11 7 12 1 1 1 11 7 12 1 1 11 12 1 1 7 1 11 12 1 10 12 1 8 1 10 12 1 1 8 1 8 1 8 1 8 1 11 12 1 10 12 1 10 12 1 10 12 1 8 1 10 12 1 1 8 1 9 12 1 8 1 10 7 12 1 1 8 1 7 1 9 7 12 1 1 1 10 12 1 7 1 9 12 10 9 12 7 1 10 12 9 12 1 1 8 1 10 12 1 1 8 1 10 7 12 1 1 10 12 1 10 12 1 1 11 7 12 1 1 10 12 10 7 12 1 1 1 9 12 1 1 7 1 8 1 10 12 1 1 10 7 12 1 1 1 7 1 10 12 1 1 10 12 1 8 1 8 1 10 8 1 8 1 8 1 8 1 10 10 7 12 1 1 10 12 1 10 12 1 1 10 12 1 1 10 12 1 10 100 12 1 1 1 10 7 1 8 1 10 10 10 12 1 1 10 12 1 1 8 1 10 12 1 8 1 8 1 10 12 1 10 7 12 1 1 1 10 12 1 1 7 1 10 10 12 1 10 12 1 9 12 1 1 3 1 3 1 1 1 1 1 1 1 1 1 1 1 1 100 1 1 100 1 1 1 1 1 1 1 1 1 1 1 100 1 7 1 1 1 1 1 1 1 1 1 1 1 1 1 1 1 1 1 1 1 1 1 1 1 1 1 1 1 1 1 1 1 1 1 1 1 1 1 1 1 1 1 1 1 1 1 1 1 1 1 1 1 1 1 1 1 1 1 1 100 1 1 1 1 1 1 1 1 1 1 1 1 1 1 1 1 1 1 1 1 1 1 1 1 1 1 1 1 1 1 1 1 1 100 1 1 16 15 10 12 1 1 16 15 10 12 16 1 15 10 100 12 1 1 1 1 1 1 1 1 1 100 1 100 1 1
staticfield java/lang/System in Ljava/io/InputStream; java/io/BufferedInputStream
staticfield java/lang/System out Ljava/io/PrintStream; java/io/PrintStream
staticfield java/lang/System err Ljava/io/PrintStream; java/io/PrintStream
ciInstanceKlass java/lang/SecurityManager 0 0 576 10 7 12 1 1 1 9 7 12 1 1 1 10 7 12 1 1 1 100 1 8 1 10 12 1 10 12 1 1 10 7 12 1 1 1 10 7 1 10 100 1 10 9 100 12 1 1 1 10 7 12 1 1 1 10 12 1 1 10 7 12 1 1 100 1 8 1 10 9 12 1 1 9 12 1 8 1 9 12 1 7 1 10 8 1 10 12 1 1 10 12 1 10 12 1 1 100 1 10 10 12 1 1 100 1 8 1 10 12 1 8 1 8 1 8 1 8 1 8 1 8 1 10 12 1 8 1 8 1 8 1 8 1 8 1 10 7 12 1 1 1 10 12 1 1 8 1 100 1 8 1 10 8 1 8 1 8 1 8 1 8 1 10 100 12 1 1 8 1 100 1 8 1 8 1 10 8 1 10 12 1 100 1 8 1 10 10 12 1 1 10 12 1 10 12 1 10 12 1 10 100 12 1 1 1 10 12 1 10 100 12 1 1 11 100 12 1 1 1 18 12 1 1 11 100 12 1 1 1 18 12 1 1 11 12 1 1 18 18 11 12 1 18 12 1 11 12 1 1 9 12 1 1 9 12 1 9 12 1 9 12 1 100 1 10 100 12 1 1 10 12 1 10 12 1 18 12 1 18 10 100 12 1 1 1 18 12 1 10 12 1 18 18 8 1 10 12 1 9 12 1 1 11 7 12 1 1 1 8 1 100 1 10 12 1 10 12 1 1 10 12 1 1 9 12 1 1 10 12 1 10 12 1 1 8 1 100 1 10 9 12 1 8 1 10 12 1 8 1 100 1 10 10 100 12 1 1 10 100 1 9 7 12 1 1 1 11 12 1 1 10 12 1 11 12 1 10 12 1 7 1 10 10 12 1 1 10 12 1 1 1 1 1 1 1 1 1 1 1 7 1 1 1 1 1 1 1 1 1 1 1 1 1 1 1 1 1 1 1 1 1 1 1 1 1 1 1 1 1 1 1 1 1 1 1 1 1 1 1 1 1 1 1 1 1 1 1 1 1 1 1 1 1 1 1 1 3 1 1 1 1 1 1 1 1 1 1 100 1 1 1 1 1 1 1 1 1 1 1 1 1 1 1 1 1 1 1 1 1 1 1 1 1 1 1 1 1 1 1 1 1 1 1 1 1 1 16 15 10 7 12 1 1 1 16 1 16 15 10 12 16 1 15 10 12 16 15 11 7 1 16 1 16 1 15 10 12 16 15 10 12 16 15 10 12 1 16 1 15 11 12 1 15 10 12 16 15 10 16 1 15 10 100 12 1 1 1 1 1 1 100 1 100 1 1
ciInstanceKlass java/security/AccessController 1 1 295 10 7 12 1 1 1 10 7 12 1 1 1 10 7 12 1 1 1 10 12 1 1 10 12 1 1 10 7 12 1 1 1 10 12 1 1 10 12 1 10 12 1 1 10 12 1 100 1 8 1 10 12 1 10 12 1 10 12 1 1 10 12 1 7 1 7 1 10 12 1 1 10 12 1 10 12 1 10 12 1 1 10 7 12 1 1 1 10 12 1 1 9 100 12 1 1 1 10 7 12 1 1 1 10 12 1 10 12 1 9 100 12 1 1 1 10 12 1 10 12 1 1 9 12 1 1 10 100 1 10 11 7 12 1 1 1 10 7 12 1 1 11 7 1 100 1 10 12 1 10 12 1 10 12 1 8 1 10 12 1 1 8 1 10 100 12 1 1 1 8 1 7 1 10 10 12 1 1 10 12 1 10 7 12 1 1 1 10 12 1 8 1 10 7 12 1 1 8 1 8 1 10 12 1 8 1 10 12 1 10 12 1 1 10 12 1 1 1 1 1 1 1 1 1 1 1 1 1 1 1 1 1 1 1 1 1 1 1 1 1 1 1 1 100 1 1 1 1 1 1 1 1 1 1 1 1 1 1 1 1 1 1 1 1 1 1 1 1 1 1 1 1 1 1 1 1 1 1 100 1 100 1 1 1 1 1 1 1 1 1 3 1 1 1
staticfield java/security/AccessController $assertionsDisabled Z 1
ciInstanceKlass java/security/ProtectionDomain 1 1 348 10 7 12 1 1 1 9 7 12 1 1 1 7 1 10 9 12 1 1 9 12 1 1 9 12 1 1 10 7 12 1 1 7 1 9 12 1 9 12 1 1 7 1 9 12 1 1 9 12 1 10 100 12 1 1 10 100 12 1 1 1 10 12 1 1 10 12 1 9 12 1 9 100 12 1 1 10 12 1 1 10 100 1 10 12 1 1 8 1 7 1 8 1 10 12 1 10 11 10 7 12 1 1 1 10 12 1 1 8 1 11 8 1 10 12 1 8 1 8 1 10 12 1 1 10 12 1 10 12 1 1 10 12 1 8 1 10 12 1 8 1 8 1 10 7 12 1 1 1 9 100 12 1 1 1 10 12 1 1 9 100 12 1 1 1 10 7 12 1 1 1 100 1 18 12 1 1 10 7 12 1 1 1 10 7 1 10 12 1 10 12 1 1 11 100 12 1 1 11 12 1 100 1 11 7 12 1 1 1 10 12 1 10 11 12 1 1 11 12 1 1 10 12 1 10 7 12 1 1 10 100 12 1 1 11 12 1 10 12 10 12 1 8 1 8 1 10 7 12 1 1 1 7 1 10 10 7 12 1 1 1 1 1 1 1 1 1 1 7 1 1 7 1 1 1 1 1 1 1 1 1 1 1 1 1 1 1 1 1 1 1 1 1 1 1 1 1 1 1 1 1 1 1 1 1 1 1 1 1 1 1 1 1 1 1 1 7 1 1 1 1 1 1 100 1 1 16 15 10 12 16 15 10 100 12 1 1 1 1 1 1 1 100 1 100 1 1
staticfield java/security/ProtectionDomain filePermCompatInPD Z 0
ciInstanceKlass java/security/CodeSource 1 1 398 10 7 12 1 1 1 9 7 12 1 1 1 9 12 1 1 9 12 1 1 9 12 1 1 10 7 12 1 1 1 9 12 1 1 10 100 12 1 1 10 100 10 7 12 1 1 1 10 100 12 1 1 1 10 12 1 1 7 1 10 10 100 12 1 1 1 10 100 12 1 1 1 10 12 1 1 100 1 10 12 1 1 10 12 1 1 10 12 1 1 10 12 1 10 10 10 12 1 1 10 7 12 1 1 1 10 12 1 10 12 1 10 12 1 8 1 10 12 1 10 12 1 10 12 1 1 10 12 1 8 1 10 12 1 1 10 7 1 10 10 12 1 1 8 1 10 12 1 10 12 1 10 12 1 8 1 8 1 9 12 1 1 100 1 8 1 10 12 1 10 12 1 1 8 1 10 12 1 8 1 8 1 8 1 10 100 12 1 1 10 12 1 1 10 12 1 10 12 1 1 10 12 1 1 10 12 1 1 100 1 100 1 10 12 1 10 12 10 12 1 1 10 100 12 1 1 10 12 1 7 1 10 12 10 100 12 1 1 1 10 8 1 10 12 1 10 12 1 10 12 1 1 100 1 10 12 1 1 100 1 7 1 8 1 8 1 10 10 12 1 1 10 100 12 1 1 1 7 1 10 12 10 12 1 1 11 7 12 1 1 10 10 12 1 11 10 12 1 8 1 100 1 10 12 1 10 12 1 1 10 12 1 11 12 1 1 7 1 1 1 1 5 0 1 1 1 1 1 1 1 1 1 1 1 1 1 1 1 1 1 1 1 1 1 1 1 1 1 1 1 1 1 1 1 1 1 1 1 1 1 1 1 1 1 1 1 1 1 1 1 1 1 1 1 1 1 1 1 1 1 1 1 1 1 1 1 1 1 1 100 1 1 1 1 1 1 1
ciInstanceKlass java/lang/Boolean 1 1 152 10 7 12 1 1 1 9 7 12 1 1 1 10 12 1 1 10 12 1 8 1 10 7 12 1 1 9 12 1 1 9 12 1 10 12 1 1 10 12 1 1 10 12 1 1 10 7 12 1 1 1 100 1 100 1 10 12 1 1 9 100 12 1 1 9 12 10 100 12 1 1 1 10 12 1 1 8 1 10 7 12 1 1 1 9 12 1 1 7 1 7 1 7 1 1 1 1 1 1 5 0 1 1 1 1 1 1 1 1 1 1 3 1 1 1 1 1 1 1 1 1 1 1 1 1 1 1 1 1 1 7 1 1 1 1 1 1 1 1 1 1 100 1 1 1 1 1 1 1 1 1
staticfield java/lang/Boolean TRUE Ljava/lang/Boolean; java/lang/Boolean
staticfield java/lang/Boolean FALSE Ljava/lang/Boolean; java/lang/Boolean
staticfield java/lang/Boolean TYPE Ljava/lang/Class; java/lang/Class
ciInstanceKlass java/lang/Comparable 1 0 12 100 1 100 1 1 1 1 1 1 1 1
ciInstanceKlass java/lang/constant/Constable 1 0 11 100 1 100 1 1 1 1 1 1 1
ciInstanceKlass java/util/Map 1 1 263 11 7 12 1 1 1 11 12 1 1 10 7 12 1 1 11 12 1 1 11 7 12 1 1 1 11 7 12 1 1 1 11 12 1 1 7 1 11 12 1 11 12 1 100 1 100 1 10 12 1 1 11 7 12 1 1 1 11 100 12 1 1 1 11 12 1 11 12 1 10 12 1 1 11 12 1 11 100 12 1 9 7 12 1 1 1 100 1 10 12 7 1 7 1 10 12 1 7 1 10 7 1 11 12 1 11 12 1 1 11 12 1 1 7 1 11 12 1 1 1 1 1 1 1 1 1 1 1 1 1 1 1 1 1 1 1 1 1 1 1 1 1 1 1 1 1 1 1 1 1 1 1 1 1 1 1 1 1 1 1 1 1 1 1 1 1 1 1 1 1 1 1 1 1 1 1 1 1 1 1 1 1 1 1 1 1 1 1 1 1 1 1 1 1 1 1 1 1 1 1 1 1 1 1 1 1 1 1 1 1 1 1 1 1 1 1 1 1 1 1 1 1 1 1 1 1 1 1 1 1 1 1 1 1 1 1 1 1 1 1 1 1 1 100 1 1 1 1 1 1 1 1 1 1 1 1 1 1 1 1 1 1
ciInstanceKlass java/lang/Class 1 1 1698 10 7 12 1 1 1 9 7 12 1 1 1 9 12 1 1 10 12 1 1 8 1 10 12 1 8 1 8 1 10 12 1 1 10 7 12 1 1 1 10 12 1 7 1 10 10 12 1 10 12 1 1 10 12 1 1 10 12 1 1 10 7 12 1 1 10 12 1 10 12 1 10 12 1 8 1 10 12 1 8 1 10 12 1 8 1 8 1 10 12 1 1 10 7 12 1 1 1 18 12 1 1 11 7 12 1 1 1 8 1 8 1 8 1 10 7 12 1 1 1 11 12 1 1 8 1 10 12 1 10 11 7 12 1 1 1 11 7 12 1 1 1 11 8 1 18 8 1 10 12 1 10 7 12 1 1 10 12 1 1 10 7 12 1 1 1 10 12 1 1 10 12 1 1 10 7 12 1 1 1 10 12 9 100 12 1 1 1 10 7 12 1 1 1 10 12 1 10 7 12 1 1 1 10 12 1 1 18 12 1 1 10 7 12 1 1 1 10 7 12 1 10 12 1 1 10 7 1 7 1 10 12 1 1 9 12 1 1 100 1 8 1 10 12 1 10 12 1 1 10 12 1 1 10 7 12 1 1 1 7 1 10 12 1 7 1 100 1 10 10 12 1 1 10 12 1 1 100 1 10 7 12 1 1 1 10 12 1 1 10 12 1 1 9 12 1 1 10 12 1 10 12 1 1 9 12 1 1 9 12 1 1 10 12 1 1 10 7 1 10 12 1 10 12 1 10 12 1 1 10 9 12 1 10 12 1 8 1 10 12 1 1 10 12 1 1 10 12 1 10 12 1 1 10 12 1 1 10 12 1 1 9 7 12 1 1 1 10 7 12 1 1 10 12 10 12 1 10 12 1 10 12 1 10 12 1 9 100 12 1 1 1 9 12 1 10 12 1 10 100 12 1 1 1 10 12 1 1 10 100 12 1 1 10 12 1 10 12 1 1 10 100 12 1 1 1 10 12 1 10 12 1 1 10 12 1 10 12 1 10 12 1 1 10 7 1 10 10 10 12 1 1 10 12 1 1 10 12 10 10 12 1 1 7 1 8 1 10 10 12 1 1 10 12 1 100 1 11 12 1 10 100 12 1 1 10 12 1 10 12 1 10 100 12 1 1 10 10 12 1 1 8 1 10 12 1 10 12 1 1 8 1 10 12 1 9 12 1 10 12 1 10 12 1 10 12 1 10 12 7 1 9 12 1 10 12 1 9 12 1 10 12 1 10 12 1 10 12 1 10 10 12 1 10 12 1 10 7 12 1 1 10 12 1 10 12 1 10 12 1 1 10 12 1 10 12 1 10 12 1 100 1 10 12 1 10 12 1 1 10 12 1 1 10 12 1 1 10 12 1 1 10 12 1 1 10 12 1 1 7 1 10 10 12 1 1 10 12 1 1 10 12 1 1 10 10 12 1 10 12 1 1 10 12 1 1 10 12 1 1 10 12 1 1 7 1 10 10 12 11 7 12 1 1 10 12 1 10 12 1 10 7 12 1 1 1 10 12 1 1 10 10 12 1 1 7 1 10 10 12 1 1 10 7 12 1 1 1 100 1 100 1 10 12 1 1 10 12 1 10 10 12 1 1 10 12 1 10 12 1 10 12 1 10 100 12 1 1 1 11 7 12 1 1 10 12 1 10 12 1 9 12 1 10 12 1 1 10 12 1 9 12 1 1 100 1 10 9 12 1 1 10 12 7 1 10 12 1 9 12 1 10 100 12 1 1 1 10 12 1 10 12 1 10 100 12 1 1 1 10 12 1 10 12 10 12 1 1 100 1 10 8 1 10 12 1 11 11 12 1 1 11 7 12 1 1 11 12 1 8 1 10 12 1 10 12 1 1 9 12 1 9 12 1 1 10 7 12 1 1 9 12 1 10 12 1 1 10 10 12 1 10 7 12 1 1 1 10 7 12 1 1 10 7 12 1 1 9 12 1 1 10 12 1 9 12 1 10 12 1 10 12 1 1 9 12 1 1 9 12 1 10 12 1 10 12 1 1 9 12 1 100 1 10 10 12 1 1 7 1 10 12 1 1 100 11 7 1 9 12 1 1 9 12 1 7 1 10 12 1 9 12 1 1 9 12 1 10 12 1 10 12 1 1 9 12 1 7 1 10 10 12 1 1 10 10 12 1 10 12 10 10 12 1 9 12 1 10 12 1 1 10 7 12 1 1 1 10 12 1 1 10 12 1 8 10 7 8 1 18 8 1 8 1 10 12 1 9 12 1 9 12 1 1 10 12 1 7 1 7 1 10 12 1 9 12 1 1 7 1 10 10 12 1 10 7 1 9 12 1 8 1 10 12 1 7 1 10 12 1 10 12 1 1 100 1 7 1 9 12 1 100 1 8 1 10 10 7 12 1 1 1 10 12 11 7 12 1 1 1 10 12 1 10 12 1 1 10 8 1 8 1 10 12 1 1 9 7 12 1 1 11 12 7 1 11 7 12 1 1 9 12 1 10 100 12 1 1 1 10 7 12 1 1 10 12 1 1 9 12 1 9 10 12 1 1 10 12 1 1 10 12 1 1 10 12 1 1 10 12 1 1 11 12 1 100 1 11 12 1 10 100 12 1 1 1 10 12 1 11 12 1 10 100 12 1 1 1 10 12 1 10 100 12 1 1 1 11 12 1 11 12 1 1 10 12 1 10 12 1 1 9 12 1 1 9 100 12 1 1 10 12 1 10 100 12 1 1 1 10 12 1 1 10 12 1 10 12 1 10 12 1 10 7 12 1 1 1 10 12 1 8 1 10 12 1 10 12 1 10 12 1 100 1 10 12 10 100 12 1 1 1 11 100 12 1 1 1 10 12 1 1 10 12 1 18 12 1 1 11 12 1 1 18 11 12 1 18 12 1 11 12 1 10 12 1 1 10 12 1 10 12 1 10 12 1 10 12 1 10 12 10 12 1 8 1 10 12 1 7 1 9 12 1 1 7 1 7 1 7 1 7 1 1 1 3 1 3 1 3 1 1 1 1 1 1 1 5 0 1 1 1 1 1 1 1 1 1 1 1 1 1 1 1 1 1 1 1 1 1 1 1 1 100 1 1 1 1 1 1 1 100 1 1 1 1 1 7 1 1 1 1 1 1 1 1 1 1 1 1 1 1 1 1 1 1 1 1 1 1 1 1 1 1 1 1 1 1 1 1 1 1 1 1 1 1 1 1 1 1 100 1 1 1 1 1 1 1 1 1 1 1 1 1 1 1 1 1 1 1 1 1 1 1 1 1 1 1 1 1 1 1 100 1 1 1 1 1 1 1 1 1 1 1 1 1 1 1 1 1 1 1 1 3 1 1 1 1 1 1 1 1 1 1 1 1 1 1 1 1 1 1 1 1 1 1 1 1 1 1 1 1 1 1 1 1 1 1 1 7 1 7 1 1 1 1 1 1 1 1 1 1 1 1 1 1 1 1 1 1 1 1 1 1 1 1 1 1 1 1 1 1 1 1 1 1 1 1 1 1 1 1 1 1 1 1 1 1 1 1 1 1 1 1 1 1 1 1 1 1 1 1 1 1 1 1 1 1 1 1 1 1 1 1 1 1 1 1 1 1 1 1 1 1 1 1 1 1 1 1 1 1 1 1 1 1 1 1 1 1 1 1 1 1 1 1 1 1 1 1 1 1 1 1 1 1 1 1 1 1 1 1 1 1 1 1 1 1 1 1 1 1 1 1 16 15 10 12 16 15 11 12 16 1 16 15 16 15 10 12 16 16 15 10 12 16 15 16 1 15 10 12 16 15 10 7 12 1 1 1 1 1 1 1 1 1 1 1 1 7 1 1 100 1 100 1 1 100 1 100 1 1 100 1 100 1 1
staticfield java/lang/Class EMPTY_CLASS_ARRAY [Ljava/lang/Class; 0 [Ljava/lang/Class;
staticfield java/lang/Class serialPersistentFields [Ljava/io/ObjectStreamField; 0 [Ljava/io/ObjectStreamField;
ciInstanceKlass java/lang/reflect/AnnotatedElement 1 1 164 11 7 12 1 1 1 11 12 1 1 7 1 10 100 12 1 1 1 10 12 1 1 10 12 1 1 10 12 1 10 100 12 1 1 1 11 12 1 1 11 7 12 1 1 10 7 12 1 1 1 10 12 1 10 100 12 1 1 1 18 12 1 1 11 100 12 1 1 18 12 1 18 12 1 1 10 100 12 1 1 1 11 100 12 1 1 1 7 1 10 100 12 1 1 1 1 1 1 1 1 1 1 1 1 1 1 1 1 1 1 1 1 1 1 1 1 1 100 1 1 1 1 1 1 1 1 1 1 1 16 15 16 1 16 1 15 11 12 16 16 1 15 10 100 12 1 1 1 16 1 15 10 100 12 1 1 1 1 100 1 100 1 1
ciInstanceKlass java/lang/invoke/TypeDescriptor 1 0 17 100 1 100 1 1 1 1 1 1 100 1 100 1 1 1 1
ciInstanceKlass java/lang/reflect/GenericDeclaration 1 0 30 7 1 7 1 7 1 1 1 1 1 1 1 1 100 1 8 1 1 12 10 1 1 1 8 1 1 1 8 1
ciInstanceKlass java/lang/reflect/Type 1 1 17 11 7 12 1 1 1 100 1 1 1 1 1 1 1 1 1
ciInstanceKlass java/lang/invoke/TypeDescriptor$OfField 1 0 21 100 1 100 1 100 1 1 1 1 1 1 1 1 1 1 1 1 1 1 1
ciInstanceKlass java/lang/StringBuilder 1 1 422 10 7 12 1 1 1 10 12 1 10 12 1 10 12 1 1 10 7 12 1 1 1 10 7 12 1 1 1 10 12 1 10 12 1 10 12 1 10 12 1 10 12 1 10 12 1 10 12 1 10 12 1 10 12 1 10 12 1 10 12 1 10 12 1 10 12 1 10 12 1 1 10 12 1 10 12 1 1 10 12 1 1 10 12 1 10 12 1 10 12 1 10 12 1 10 12 1 10 12 1 10 12 1 10 12 10 12 1 10 12 1 10 12 1 10 12 1 1 10 12 1 10 12 1 10 12 10 12 1 1 10 12 1 10 12 1 10 12 1 10 100 12 1 1 1 9 12 1 1 10 12 1 10 12 1 1 10 12 1 1 9 12 1 1 10 100 12 1 1 1 10 100 1 10 12 1 1 10 100 12 1 1 10 12 1 10 12 1 1 100 1 100 1 8 1 10 10 12 1 1 10 12 1 10 12 1 10 12 1 1 10 12 1 10 12 1 10 12 1 10 12 1 10 12 1 10 12 10 12 1 10 12 1 10 12 1 10 12 1 10 12 1 10 12 1 10 12 1 10 12 1 10 12 1 1 10 12 1 1 10 12 1 10 12 1 10 12 1 10 12 10 12 10 12 1 10 12 1 10 12 1 10 12 10 12 1 10 12 1 10 12 1 10 12 1 10 12 1 10 12 1 10 12 1 10 12 1 10 12 1 1 10 12 1 10 12 1 1 10 12 1 10 12 1 1 10 12 1 10 12 1 1 10 12 1 10 12 1 10 12 1 10 10 12 1 10 12 1 7 1 7 1 7 1 7 1 1 1 1 5 0 1 1 1 1 1 1 1 1 1 1 1 1 1 1 1 1 1 1 1 1 1 1 1 1 1 1 1 1 1 1 1 1 1 1 1 1 1 1 1 1 1 1 1 1 100 1 1 1 7 1 1 1 1 1 1 1 1 1 1 1
instanceKlass java/lang/StringBuilder
instanceKlass java/lang/StringBuffer
ciInstanceKlass java/lang/AbstractStringBuilder 1 1 605 7 1 10 7 12 1 1 1 9 7 12 1 1 1 9 12 1 9 12 1 1 9 12 1 1 10 7 12 1 1 1 10 12 1 1 7 1 3 3 10 12 1 10 12 1 1 11 7 1 100 1 7 1 10 8 1 10 12 1 10 12 1 10 12 1 1 10 12 1 10 12 1 9 12 1 10 12 1 9 12 1 1 10 12 1 1 10 7 12 1 1 1 10 10 12 1 10 12 1 10 12 1 1 10 12 1 1 10 7 12 1 1 1 10 7 12 1 1 1 7 1 8 1 10 10 12 1 1 100 1 10 12 10 12 1 1 10 10 12 1 1 10 12 1 1 10 12 1 1 10 12 1 1 10 10 7 12 1 1 1 10 12 1 100 1 10 10 7 12 1 1 1 9 12 1 1 9 12 1 10 12 1 1 10 10 12 1 1 10 12 10 12 1 10 12 1 1 10 12 1 1 10 12 1 1 10 12 1 10 12 1 1 10 12 1 1 10 12 1 10 12 1 1 8 1 10 12 1 1 10 12 1 10 12 1 10 12 1 10 12 1 10 12 1 10 12 1 10 7 12 1 1 10 12 1 10 12 1 10 100 12 1 1 1 100 1 100 1 10 12 1 10 7 12 1 1 10 12 1 10 12 1 10 12 1 10 12 1 1 10 12 1 10 12 1 1 10 12 1 1 10 10 7 12 1 1 1 10 12 1 10 12 1 10 12 1 1 10 12 1 10 12 1 10 12 1 10 12 1 10 12 1 10 12 1 10 12 1 10 12 1 10 12 1 1 10 12 1 10 12 1 10 12 10 12 1 1 18 12 1 1 100 1 10 100 12 1 1 1 18 10 12 1 1 10 12 1 10 12 1 1 11 12 1 1 10 12 1 10 12 10 12 1 10 10 10 12 1 10 5 0 10 10 12 1 1 100 1 8 1 10 10 12 1 1 10 100 12 1 1 1 10 12 1 10 12 1 1 100 1 10 12 100 1 10 100 1 10 7 1 1 1 1 1 1 1 1 1 1 1 100 1 1 1 1 1 1 1 1 1 1 1 1 1 1 1 1 1 1 1 1 1 1 1 1 1 1 1 1 1 1 1 1 1 1 1 1 1 1 1 1 1 1 1 1 1 1 1 1 1 1 1 1 1 1 1 1 1 1 1 1 1 1 1 1 1 1 1 1 1 1 1 1 1 1 1 1 1 1 1 1 1 1 1 1 1 1 1 1 1 1 1 1 1 1 1 1 1 1 1 1 100 1 1 1 1 1 1 1 1 1 1 1 1 1 1 1 1 1 100 1 1 1 1 1 1 7 1 1 16 1 15 10 12 16 15 10 12 15 10 100 12 1 1 1 1 1 1 1 100 1 100 1 1
staticfield java/lang/AbstractStringBuilder EMPTYVALUE [B 0
ciInstanceKlass java/lang/Appendable 1 0 14 100 1 100 1 1 1 1 100 1 1 1 1 1
ciInstanceKlass java/lang/CharSequence 1 1 131 11 7 12 1 1 1 18 12 1 1 100 1 10 100 12 1 1 1 18 10 100 12 1 1 1 11 12 1 1 11 7 1 11 12 1 1 10 100 12 1 1 1 11 12 1 1 100 1 10 12 1 1 10 100 12 1 1 1 100 1 10 10 12 1 1 7 1 1 1 1 1 1 1 1 1 1 1 1 1 1 1 1 1 1 1 1 1 1 1 1 1 1 1 1 1 1 1 1 1 16 1 15 11 12 16 15 11 12 15 10 100 12 1 1 1 1 1 100 1 100 1 1 100 1 1 100 1 100 1 1
ciInstanceKlass java/lang/AutoCloseable 1 0 12 100 1 100 1 1 1 1 100 1 1 1
ciInstanceKlass java/io/Closeable 1 0 14 100 1 100 1 100 1 1 1 1 100 1 1 1
instanceKlass sun/nio/fs/WindowsException
instanceKlass java/util/concurrent/ExecutionException
instanceKlass java/security/PrivilegedActionException
instanceKlass sun/security/pkcs11/wrapper/PKCS11Exception
instanceKlass org/apache/zookeeper/KeeperException
instanceKlass java/util/concurrent/TimeoutException
instanceKlass java/security/GeneralSecurityException
instanceKlass org/apache/zookeeper/common/X509Exception
instanceKlass org/apache/zookeeper/server/quorum/QuorumPeerConfig$ConfigException
instanceKlass java/text/ParseException
instanceKlass java/beans/PropertyVetoException
instanceKlass org/apache/log4j/config/PropertySetterException
instanceKlass java/beans/IntrospectionException
instanceKlass java/lang/CloneNotSupportedException
instanceKlass javax/management/JMException
instanceKlass java/io/IOException
instanceKlass java/lang/InterruptedException
instanceKlass java/lang/ReflectiveOperationException
instanceKlass java/lang/RuntimeException
ciInstanceKlass java/lang/Exception 1 1 40 10 7 12 1 1 1 10 12 1 10 12 1 10 12 1 10 12 1 100 1 1 1 1 5 0 1 1 1 1 1 1 1 1 1 1 1 1 1 1
instanceKlass scala/util/control/ControlThrowable
instanceKlass scala/runtime/Nothing$
instanceKlass java/lang/Exception
instanceKlass java/lang/Error
ciInstanceKlass java/lang/Throwable 1 1 404 10 7 12 1 1 1 9 7 12 1 1 1 9 12 1 1 9 12 1 9 12 1 1 9 12 1 10 12 1 1 9 12 1 1 10 12 1 1 10 12 1 100 1 7 1 10 8 1 10 12 1 1 8 1 10 100 12 1 1 10 10 12 1 100 1 8 1 10 10 12 1 1 10 7 12 1 1 10 12 1 8 1 9 7 12 1 1 1 10 12 1 1 100 1 10 12 10 12 1 10 7 12 1 1 1 7 1 10 12 10 12 1 10 12 1 7 1 10 10 7 12 1 1 1 11 7 12 1 1 1 10 12 1 1 10 12 1 1 8 1 10 12 1 10 12 1 1 8 1 8 1 10 12 1 1 10 12 1 8 1 8 1 9 12 1 1 10 12 1 1 100 1 10 11 12 1 8 1 8 1 10 7 12 1 1 8 1 10 12 1 8 1 7 1 10 12 1 9 12 1 1 10 12 1 10 100 12 1 9 12 1 1 10 12 1 1 100 1 8 1 10 12 1 10 100 12 1 1 10 12 1 1 7 1 10 100 12 1 1 1 10 12 1 11 7 12 1 1 1 11 7 12 1 1 11 12 1 8 1 10 12 1 1 8 1 10 10 9 100 12 1 1 1 8 1 10 12 1 1 11 10 100 1 8 1 10 11 12 1 1 8 1 9 12 1 10 100 12 1 1 11 9 12 1 1 11 12 1 1 100 10 12 1 10 12 1 1 7 1 1 1 1 5 0 1 1 1 1 1 1 1 1 1 1 1 1 1 7 1 1 1 1 1 1 1 1 1 1 1 1 1 1 1 1 1 1 1 1 1 1 1 1 1 1 1 1 1 1 1 1 1 1 1 1 1 1 1 1 1 1 1 1 100 1 7 1 1 1 1 1 1 1 1 1 1 1 1 1 1 1 1 1 1
staticfield java/lang/Throwable UNASSIGNED_STACK [Ljava/lang/StackTraceElement; 0 [Ljava/lang/StackTraceElement;
staticfield java/lang/Throwable SUPPRESSED_SENTINEL Ljava/util/List; java/util/Collections$EmptyList
staticfield java/lang/Throwable EMPTY_THROWABLE_ARRAY [Ljava/lang/Throwable; 0 [Ljava/lang/Throwable;
staticfield java/lang/Throwable $assertionsDisabled Z 1
instanceKlass java/security/Provider
ciInstanceKlass java/util/Properties 1 1 690 10 7 12 1 1 1 100 1 10 7 12 1 1 7 1 10 12 1 9 12 1 1 9 12 1 1 9 12 1 1 10 7 12 1 1 1 10 12 1 1 8 1 10 7 12 1 1 1 7 1 10 12 1 10 12 1 1 8 1 10 12 1 7 1 10 12 10 12 1 1 9 12 1 1 10 12 1 1 7 1 10 12 1 10 12 1 10 12 1 1 100 1 8 1 10 12 1 10 12 1 10 12 1 1 10 12 1 7 1 3 10 10 100 12 1 1 1 10 12 1 10 12 1 1 8 1 10 12 1 10 12 1 1 8 1 10 100 12 1 1 10 12 1 1 10 12 1 10 12 1 1 100 1 10 12 1 10 12 1 1 100 1 9 100 12 1 1 1 10 12 1 10 12 1 1 10 12 1 1 10 12 1 1 100 1 9 12 1 1 7 1 7 1 10 12 1 7 1 11 7 12 1 1 1 11 12 1 1 11 7 12 1 1 1 11 7 12 1 1 1 11 12 1 1 11 12 1 11 12 1 10 12 1 1 8 1 10 12 1 10 100 12 1 1 10 12 1 100 1 10 10 12 1 10 12 1 100 1 10 10 12 1 1 10 7 12 1 1 9 100 12 1 1 10 12 1 1 10 100 12 1 1 1 100 1 100 1 100 1 10 8 1 8 1 10 12 1 10 12 1 10 12 1 1 10 10 12 1 1 10 12 1 1 7 1 10 10 12 1 11 7 12 1 1 10 7 12 1 1 1 8 1 10 100 12 1 1 11 11 7 1 8 1 10 100 1 11 10 12 1 10 10 12 1 10 12 1 1 10 12 1 1 10 12 1 1 10 12 1 10 12 1 10 10 12 1 10 12 1 10 12 1 10 10 12 1 1 10 12 1 1 10 10 12 1 10 12 1 10 12 1 10 12 1 10 12 1 1 10 12 1 1 10 12 1 10 12 1 10 12 1 1 10 12 10 12 1 1 10 12 1 1 10 12 1 10 12 1 1 10 12 1 1 10 12 10 11 12 1 4 11 10 12 1 1 10 100 12 1 1 11 12 1 10 12 1 1 10 100 12 1 1 10 12 1 100 1 8 1 10 12 1 10 10 100 12 1 1 1 100 1 6 0 10 12 1 1 11 100 12 1 1 1 10 12 1 10 12 1 1 1 1 1 5 0 1 1 1 1 1 1 1 1 1 1 1 1 1 1 1 1 1 1 1 1 1 1 1 1 1 1 1 1 1 1 1 1 1 1 1 1 1 1 1 100 1 1 1 1 1 1 1 1 1 1 1 1 1 1 1 1 1 1 1 1 100 1 1 1 1 1 1 1 1 1 1 1 1 7 1 7 1 1 1 1 1 100 1 1 1 1 1 1 1 1 1 1 1 1 1 1 1 1 1 1 1 1 1 1 1 1 1 1 1 1 1 1 1 1 1 1 1 1 1 1 1 1 1 1 1 1 1 1 1 1 1 1 1 1 1 1 1 1 1 1 1 1 1 1 1 1 1 1 1 1 1 1 1 1 1 1 1 1 1 7 1 1 1 1 1 1 1 1 1 1 1 100 1 1
staticfield java/util/Properties UNSAFE Ljdk/internal/misc/Unsafe; jdk/internal/misc/Unsafe
instanceKlass scala/collection/convert/JavaCollectionWrappers$DictionaryWrapper
instanceKlass java/util/Hashtable
ciInstanceKlass java/util/Dictionary 1 1 36 10 7 12 1 1 1 100 1 1 1 1 1 1 1 1 1 1 1 1 1 1 1 1 1 1 1 1 1 1 1 1 1 1 1 1
instanceKlass java/util/Properties
ciInstanceKlass java/util/Hashtable 1 1 516 7 1 10 7 12 1 1 1 9 7 12 1 1 1 100 1 7 1 10 8 1 10 12 1 1 10 12 1 10 12 1 1 10 12 1 10 7 12 1 1 1 8 1 10 12 1 9 12 1 1 7 1 9 12 1 1 4 10 7 12 1 1 1 9 12 1 4 10 12 1 11 7 12 1 1 1 10 12 1 1 10 12 1 1 9 12 1 10 12 1 1 100 1 10 9 12 1 1 10 7 12 1 1 1 9 12 1 1 10 12 1 10 12 1 3 9 12 1 9 12 1 3 10 12 1 10 12 1 10 12 1 1 11 12 1 1 11 7 12 1 1 1 11 7 12 1 1 1 11 12 1 7 1 11 12 1 11 12 1 10 12 1 1 10 12 1 1 10 12 1 9 12 1 1 9 12 9 12 1 1 10 100 1 7 1 10 12 1 10 8 1 10 10 12 1 8 1 10 8 1 10 7 12 1 1 1 7 1 10 12 1 10 12 1 100 1 10 12 1 10 12 1 1 7 1 10 100 1 10 10 12 1 1 11 12 1 1 11 12 1 7 1 10 10 10 100 12 1 1 11 100 12 1 1 1 100 1 10 11 100 12 1 1 11 100 12 1 10 12 1 10 12 1 1 10 100 12 1 1 10 12 1 1 10 12 1 1 10 12 1 1 10 100 12 1 1 1 8 10 100 12 1 1 100 1 8 1 10 4 4 10 12 1 1 10 12 1 8 1 4 10 12 10 100 12 1 1 1 100 1 11 100 12 1 1 1 10 100 12 1 1 1 10 12 1 10 12 1 1 10 7 1 7 1 1 1 1 1 1 5 0 1 1 1 1 1 3 1 3 1 3 1 1 1 1 1 1 1 1 1 1 1 1 1 1 1 1 1 1 1 1 1 1 1 1 1 100 1 1 1 1 1 1 1 1 1 1 1 1 1 1 1 1 1 1 1 1 1 1 1 1 1 1 1 1 1 7 1 1 1 1 1 1 1 1 1 1 1 1 1 1 7 1 1 1 1 1 1 1 1 1 1 1 1 1 1 1 1 1 1 1 1 1 1 1 1 1 1 1 1 1 1 1 1 1 1 1 1 1 1 1 1 1 1 1 1 100 1 1 1 7 1 1 1 1 1 7 1 1 1 1 1 1 1 1 1 1 1 1 1 1 1 1 1 1
ciInstanceKlass java/lang/String 1 1 1444 10 7 12 1 1 1 8 1 9 7 12 1 1 1 9 12 1 1 9 12 1 1 9 12 1 1 10 12 1 10 12 1 1 10 12 1 1 9 12 1 10 7 12 1 1 1 10 7 1 10 7 12 1 1 1 10 12 1 1 10 12 1 1 10 12 1 10 12 1 1 10 12 1 10 7 12 1 1 1 7 1 9 7 12 1 1 1 10 7 12 1 1 1 10 7 12 1 1 1 10 12 1 1 10 12 1 1 10 12 1 1 10 12 1 1 9 7 12 1 1 10 12 9 100 12 1 1 10 12 1 1 3 10 12 1 1 7 1 11 12 1 1 11 12 1 11 12 1 1 10 100 12 1 1 1 10 12 1 1 9 100 12 1 1 1 10 12 1 1 10 12 1 11 12 1 1 10 12 1 1 10 12 10 12 1 1 10 7 12 1 1 1 10 12 1 1 10 12 1 1 100 1 7 1 10 12 1 10 12 1 10 12 1 1 100 1 10 12 1 1 100 1 10 12 1 1 10 12 1 1 10 12 1 10 10 12 1 100 1 100 1 7 1 10 12 1 10 12 1 1 10 12 1 1 10 12 1 10 12 1 1 10 12 1 1 10 100 12 1 1 100 1 11 10 7 12 1 1 11 12 1 11 12 1 10 12 1 1 10 12 1 10 12 10 12 1 1 10 10 100 12 1 1 1 10 100 12 1 1 10 12 1 1 10 100 12 1 1 10 12 1 10 12 1 1 10 12 1 1 10 12 1 10 12 1 10 12 1 1 100 1 10 12 1 1 10 12 10 12 1 10 12 1 1 10 12 1 1 10 7 12 1 1 1 10 12 1 10 12 1 1 10 12 1 10 12 1 3 3 10 12 1 1 10 12 1 10 12 1 1 10 12 1 1 10 12 1 1 10 12 1 10 12 1 1 10 12 1 1 10 12 1 10 12 1 10 12 1 10 12 1 1 10 12 1 10 12 1 10 12 1 10 12 1 10 12 1 10 12 1 10 7 1 10 8 1 10 12 1 1 10 12 1 8 1 10 12 1 1 10 12 10 12 1 8 1 10 10 12 1 1 10 12 1 1 10 12 1 1 10 7 1 10 10 12 1 10 12 1 10 12 1 10 10 12 1 10 12 1 10 12 1 10 12 1 10 12 1 10 12 1 10 12 1 1 10 12 1 1 10 12 1 1 10 10 12 1 1 10 10 12 1 100 1 10 10 12 1 1 10 12 1 1 10 7 1 10 12 1 10 12 1 10 7 12 1 1 1 10 12 1 10 12 1 1 10 12 1 11 7 1 11 12 10 12 1 10 12 1 1 10 12 1 1 10 10 12 1 10 12 1 9 12 1 1 11 7 12 1 1 1 10 12 10 10 12 1 10 12 1 1 10 10 12 1 10 12 1 10 12 1 1 10 12 1 1 10 10 12 1 1 10 12 1 10 10 12 1 10 12 10 10 12 10 10 12 1 10 12 1 10 10 12 10 7 12 1 1 1 10 12 10 10 12 10 12 1 10 12 10 12 10 10 12 1 10 12 1 1 10 12 1 1 10 10 12 1 10 7 12 1 1 1 10 12 1 1 10 10 7 12 1 1 1 11 10 12 1 10 12 1 1 10 12 1 1 10 7 12 1 1 1 10 12 1 10 12 1 10 12 1 10 12 1 10 12 1 10 12 1 100 1 7 1 8 1 10 10 10 12 1 10 12 1 1 8 1 10 12 1 3 3 10 12 1 10 12 1 1 10 12 7 1 10 10 12 1 1 10 12 1 10 12 1 10 12 1 1 10 12 1 1 11 7 12 1 1 1 7 1 10 12 1 10 12 1 1 8 1 10 12 1 1 10 12 1 11 7 12 1 1 1 11 7 12 1 1 11 12 1 10 12 1 10 12 1 1 10 10 7 12 1 1 1 10 12 1 10 12 1 10 10 12 10 12 1 1 10 10 12 1 10 10 12 1 10 10 12 1 10 10 12 1 10 12 1 1 10 10 12 1 8 1 10 12 1 1 18 12 1 1 11 100 12 1 1 1 7 1 3 18 12 1 18 12 1 8 1 10 100 12 1 1 1 11 12 1 1 10 12 10 10 12 1 10 11 12 1 1 10 12 1 1 11 12 1 18 3 11 10 12 1 11 11 10 12 1 10 12 1 1 8 1 10 12 1 10 12 1 10 12 1 1 10 10 12 1 11 100 12 1 7 1 100 1 10 12 7 1 10 10 7 12 1 1 1 100 1 10 7 1 10 10 12 1 10 10 12 1 8 1 10 10 12 1 8 1 8 1 10 12 1 10 12 1 10 10 12 10 7 12 1 1 10 7 12 1 1 10 7 12 1 1 8 1 10 12 1 10 12 1 10 9 12 1 10 12 9 7 12 1 1 1 10 12 1 10 12 1 10 12 1 10 12 1 10 12 1 8 1 10 100 12 1 1 1 10 12 10 12 1 1 10 12 10 10 12 10 12 7 1 9 12 1 1 7 1 10 7 1 7 1 7 1 7 1 1 1 1 1 1 5 0 1 1 1 1 1 3 1 3 1 1 1 1 1 1 1 1 1 1 1 1 1 1 1 100 1 1 1 1 1 1 1 1 1 1 1 1 1 1 1 1 1 1 1 1 1 1 1 1 1 1 1 1 1 1 1 100 1 1 1 1 1 1 1 1 1 1 1 7 1 1 1 1 1 1 1 1 1 1 1 1 1 1 1 1 1 1 1 1 1 1 1 1 1 1 1 1 1 1 1 1 1 1 1 1 1 1 1 1 1 1 1 1 1 1 1 1 1 1 1 1 1 1 1 1 1 1 1 1 1 1 1 1 1 1 1 1 1 1 1 1 1 1 1 1 1 1 1 1 1 1 1 1 1 1 1 1 1 1 1 1 1 1 1 1 1 1 1 1 1 1 1 1 1 1 1 1 1 1 1 1 1 1 1 1 1 1 1 1 1 1 1 1 1 1 1 1 1 1 1 1 1 1 1 1 1 1 1 1 1 1 1 1 1 1 1 1 1 1 1 1 1 1 1 1 1 1 1 1 1 1 1 1 1 1 1 1 1 1 1 1 1 1 1 100 1 1 1 1 1 1 1 1 1 1 1 1 1 1 1 1 1 1 1 1 1 1 1 100 1 1 1 1 1 1 1 1 1 1 1 1 1 1 1 7 1 1 1 1 1 1 1 1 1 1 1 1 1 1 1 16 15 10 12 16 15 10 12 15 10 12 15 10 12 15 10 100 12 1 1 1 1 1 1 1 100 1 100 1 1 1
staticfield java/lang/String COMPACT_STRINGS Z 1
staticfield java/lang/String serialPersistentFields [Ljava/io/ObjectStreamField; 0 [Ljava/io/ObjectStreamField;
staticfield java/lang/String CASE_INSENSITIVE_ORDER Ljava/util/Comparator; java/lang/String$CaseInsensitiveComparator
ciInstanceKlass java/lang/constant/ConstantDesc 1 0 37 100 1 100 1 1 1 1 7 1 1 1 1 100 1 100 1 100 1 100 1 100 1 100 1 100 1 100 1 100 1 1 100 1 100 1 1
ciInstanceKlass sun/nio/cs/UTF_8 1 1 84 8 1 10 7 12 1 1 1 10 7 12 1 1 1 8 1 7 1 10 12 1 7 1 10 10 7 12 1 1 1 10 12 1 1 10 12 1 1 7 1 10 12 1 9 12 1 1 10 7 12 1 1 1 9 12 1 1 1 1 1 1 1 1 1 1 1 1 1 1 1 1 1 1 1 1 1 1 1 1 1 1 1 1
staticfield sun/nio/cs/UTF_8 INSTANCE Lsun/nio/cs/UTF_8; sun/nio/cs/UTF_8
staticfield sun/nio/cs/UTF_8 JLA Ljdk/internal/access/JavaLangAccess; java/lang/System$2
instanceKlass sun/nio/cs/IBM437
instanceKlass sun/nio/cs/MS1252
instanceKlass sun/nio/cs/US_ASCII
instanceKlass sun/nio/cs/ISO_8859_1
instanceKlass sun/nio/cs/Unicode
ciInstanceKlass java/nio/charset/Charset 1 1 355 10 7 12 1 1 1 100 1 10 12 1 1 10 12 1 1 9 7 12 1 1 1 9 12 1 7 1 100 1 10 12 1 9 100 12 1 1 1 10 100 12 1 1 1 10 12 1 1 10 100 12 1 1 1 10 12 1 100 1 10 10 7 12 1 1 1 10 12 1 9 100 12 1 1 1 10 7 12 1 1 1 100 1 8 1 10 10 12 1 1 10 12 1 9 12 1 1 10 12 1 10 12 1 10 12 1 1 10 12 1 10 12 1 100 1 10 11 7 12 1 1 11 12 1 10 12 1 1 11 7 12 1 1 1 100 1 10 100 1 9 12 1 1 10 7 12 1 1 9 100 12 1 1 1 10 9 12 1 1 10 7 12 1 1 7 8 1 8 1 8 1 9 12 1 9 12 1 9 12 1 1 11 100 12 1 1 1 8 1 10 12 1 1 8 1 10 100 12 1 1 1 9 100 12 1 1 1 10 100 12 1 1 1 10 12 1 10 12 1 1 100 1 7 1 10 12 1 10 12 1 1 10 100 12 1 1 10 12 10 12 1 1 10 100 12 1 1 1 10 10 12 1 1 10 12 1 10 12 1 1 7 1 10 7 1 1 1 1 1 1 1 1 1 1 1 1 1 1 1 1 1 1 1 1 1 1 7 1 1 1 100 1 100 1 1 1 1 1 1 1 1 1 1 1 1 1 1 1 1 1 1 1 1 1 1 1 1 1 1 1 1 1 1 1 1 1 1 1 1 1 1 1 1 1 1 1 1 1 1 1 1 1 1 1 1 1 1 1 1 100 1 1 1 1
staticfield java/nio/charset/Charset standardProvider Ljava/nio/charset/spi/CharsetProvider; sun/nio/cs/StandardCharsets
staticfield java/nio/charset/Charset zeroAliases [Ljava/lang/String; 0 [Ljava/lang/String;
ciInstanceKlass sun/nio/cs/HistoricallyNamedCharset 1 0 9 100 1 100 1 1 1 1 1
ciInstanceKlass java/lang/InternalError 0 0 34 10 100 12 1 1 1 10 12 1 10 12 1 10 12 1 100 1 1 1 1 5 0 1 1 1 1 1 1 1 1 1 1 1
instanceKlass java/lang/ThreadDeath
instanceKlass org/apache/kafka/common/internals/FatalExitError
instanceKlass scala/NotImplementedError
instanceKlass java/lang/AssertionError
instanceKlass java/lang/VirtualMachineError
instanceKlass java/lang/LinkageError
ciInstanceKlass java/lang/Error 1 1 40 10 7 12 1 1 1 10 12 1 10 12 1 10 12 1 10 12 1 100 1 1 1 1 5 0 1 1 1 1 1 1 1 1 1 1 1 1 1 1
instanceKlass java/lang/StackOverflowError
instanceKlass java/lang/OutOfMemoryError
instanceKlass java/lang/InternalError
ciInstanceKlass java/lang/VirtualMachineError 1 1 34 10 100 12 1 1 1 10 12 1 10 12 1 10 12 1 100 1 1 1 1 5 0 1 1 1 1 1 1 1 1 1 1 1
ciInstanceKlass java/util/Iterator 1 1 53 100 1 8 1 10 12 1 1 10 7 12 1 1 1 11 7 12 1 1 1 11 12 1 1 11 7 12 1 1 1 7 1 1 1 1 1 1 1 1 1 1 1 1 1 1 1 1 1 1 1 1 1
instanceKlass com/fasterxml/jackson/core/io/MergedStream
instanceKlass org/apache/zookeeper/server/ByteBufferInputStream
instanceKlass org/apache/kafka/common/compress/KafkaLZ4BlockInputStream
instanceKlass org/apache/kafka/common/utils/ByteBufferInputStream
instanceKlass java/io/ObjectInputStream
instanceKlass sun/nio/ch/ChannelInputStream
instanceKlass java/util/zip/ZipFile$ZipFileInputStream
instanceKlass java/io/FilterInputStream
instanceKlass java/io/FileInputStream
instanceKlass java/io/ByteArrayInputStream
ciInstanceKlass java/io/InputStream 1 1 195 7 1 10 7 12 1 1 1 100 1 10 10 7 12 1 1 1 10 7 12 1 1 1 10 12 1 100 1 3 10 12 1 1 100 1 8 1 10 12 1 10 7 12 1 1 1 3 7 1 8 1 10 10 7 12 1 1 1 7 1 10 11 7 12 1 1 1 10 12 1 1 11 12 1 1 11 7 12 1 1 1 11 12 1 1 7 1 10 7 12 1 1 1 5 0 10 12 1 10 12 1 1 100 1 10 8 1 10 8 1 8 1 10 12 1 1 10 100 12 1 1 1 7 1 5 0 10 12 1 100 1 7 1 1 1 1 3 1 3 1 1 1 1 1 1 1 1 1 1 1 1 1 1 1 1 1 1 1 1 1 1 1 1 1 1 1 1 1 1 1 1 1 1 1 1 1 1 1 1 1 1 1 1 1 1 1 1 1 1 1 1 1 1 1
ciInstanceKlass jdk/internal/misc/Unsafe 1 1 1287 10 7 12 1 1 1 9 7 12 1 1 1 9 12 1 1 10 12 1 1 10 7 12 1 1 1 10 12 1 1 10 12 1 1 10 12 1 1 10 12 1 1 10 12 1 1 10 12 1 1 10 12 1 1 10 12 1 1 10 12 1 1 10 12 1 1 10 12 1 1 10 12 1 1 10 12 1 1 10 12 1 10 12 1 100 1 10 10 12 1 1 10 12 1 1 5 0 10 12 1 1 10 12 1 1 10 7 12 1 1 1 10 12 1 1 10 12 1 10 12 1 10 12 1 1 10 12 1 1 10 12 1 10 12 1 7 1 7 1 10 8 1 10 12 1 1 10 12 1 8 1 10 12 1 1 10 12 1 10 12 1 10 12 1 1 10 12 1 10 12 1 1 10 12 1 1 10 12 1 10 12 1 10 12 1 10 12 1 1 10 12 1 10 12 1 10 12 1 1 10 12 1 5 0 5 0 5 0 10 12 1 10 12 1 10 12 1 10 12 1 10 12 1 10 12 1 10 12 1 10 12 1 10 12 1 1 10 12 1 10 12 1 7 1 8 1 10 100 1 10 10 12 1 1 10 12 1 1 10 12 1 10 12 1 1 10 12 1 1 10 12 1 10 12 1 1 10 12 1 9 7 12 1 1 9 12 1 100 1 10 10 12 1 1 8 1 10 8 1 8 1 10 12 1 1 9 7 12 1 1 1 9 7 1 9 7 1 9 7 1 9 9 7 1 9 7 1 9 7 1 10 12 1 1 10 12 1 1 10 12 1 1 10 12 1 1 5 0 5 0 9 12 1 1 10 12 1 10 12 1 10 12 1 1 10 12 1 1 10 12 1 8 1 3 10 12 1 1 10 12 1 1 10 12 1 10 12 1 1 10 12 1 1 10 12 1 10 12 1 10 12 1 10 12 1 10 12 1 10 12 1 1 10 12 1 1 10 12 1 10 12 1 10 12 1 10 12 1 10 12 1 10 12 1 1 10 12 1 1 10 12 1 10 12 1 10 12 1 10 12 1 10 12 1 10 12 1 1 10 12 1 1 10 12 1 1 10 12 1 1 10 12 1 10 12 1 10 12 1 10 12 1 10 12 1 10 12 1 10 12 1 1 10 12 1 1 10 12 1 10 12 1 10 12 1 10 12 1 10 12 1 10 12 1 10 12 1 1 10 12 1 1 10 12 1 10 12 1 10 12 1 10 12 1 10 12 1 10 12 1 10 12 1 10 12 1 1 10 12 1 10 12 1 10 12 1 10 12 1 10 12 1 1 10 12 1 10 12 1 10 12 1 10 12 1 10 12 1 10 12 1 10 12 1 10 12 1 1 10 12 1 10 12 1 10 12 1 10 12 1 10 12 1 10 12 1 1 10 12 1 10 12 1 10 12 1 1 10 12 1 10 12 1 10 12 1 10 12 1 10 12 1 10 12 1 10 12 1 10 12 1 10 12 1 10 12 1 10 12 1 10 12 1 10 12 1 10 12 1 10 12 1 10 12 1 10 12 1 10 12 1 10 12 1 10 12 1 10 12 1 10 12 1 10 12 1 100 1 10 100 1 10 9 12 1 5 0 10 12 1 1 5 0 10 12 1 5 0 10 12 1 10 12 1 10 12 1 1 10 12 1 1 10 12 1 10 12 1 10 12 1 10 12 1 1 10 12 1 10 12 1 10 12 1 10 12 1 10 12 1 1 10 12 1 10 12 1 10 12 1 10 12 1 1 10 12 1 10 12 1 10 12 1 1 10 12 1 10 12 1 10 12 1 10 12 1 1 10 12 1 10 10 12 1 1 10 12 1 10 12 1 1 10 12 1 10 12 5 0 5 0 5 0 10 12 1 1 10 12 1 10 12 1 10 12 10 7 12 1 1 8 1 7 1 11 12 1 1 8 1 11 12 1 1 10 7 12 1 1 10 12 1 10 12 1 10 12 1 10 12 1 10 12 1 1 10 12 1 10 12 1 10 12 1 10 12 1 10 12 1 10 12 1 10 7 1 10 12 1 9 12 1 7 1 9 12 1 7 1 9 12 1 7 1 9 12 1 7 1 9 12 1 7 1 9 12 1 7 1 9 12 1 7 1 9 12 1 7 1 9 12 1 10 12 1 9 12 1 9 12 1 9 12 1 9 12 1 9 12 1 9 12 1 9 12 1 9 12 1 9 12 1 9 12 1 1 1 3 1 1 1 1 1 1 1 1 1 1 1 1 1 1 1 1 1 1 1 1 1 1 1 1 1 1 1 1 1 1 1 1 1 1 1 1 1 1 1 1 1 1 1 1 1 1 1 1 1 1 1 1 1 1 1 1 1 1 1 1 1 1 1 1 1 1 1 1 1 1 1 1 1 1 1 1 1 1 1 1 1 1 1 1 1 1 1 1 1 100 1 1 1 1 1 1 1 1 1 1 1 1 1 1 1 1 1 1 1 1 1 1 1 1 1 1 1 1 1 1 1 1 1 1 1 1 1 1 1 1 1 1 1 1 1 1 1 1 1 1 1 1 1 1 1 1 1 1 1 1 1 1 1 1 1 1 1 1 1 1 1 1 1 1 1 1 1 1 1 1 1 1 1 1 1 1 1 1 1 1 1 1 1 1 1 1 1 1 1 1 1 1 1 1 1 1 1 1 1 1 1 1 1 1 1 1 1 1 1 1 1 1 1 1 1 1 1 1 1 1 1 1 1 1 1 1 1 1 1 1 1 1 1 1 1 1 1 1 1 1 1 1 1 1 1 1 1 1 1 1 1 1 1 1 1 1 1 1 1 1 1 1 1 1 1 1 1 1 1 1 1 1 1 1 1 1 1 1 1 1 1 1 1 1 1 1 1 1 1 1 1 1 1 1 1 1 3 1 1 1 1 1 1 1 1 1 1 1 1 1 1 1 1 1 1 1 1 1
staticfield jdk/internal/misc/Unsafe theUnsafe Ljdk/internal/misc/Unsafe; jdk/internal/misc/Unsafe
staticfield jdk/internal/misc/Unsafe ARRAY_BOOLEAN_BASE_OFFSET I 16
staticfield jdk/internal/misc/Unsafe ARRAY_BYTE_BASE_OFFSET I 16
staticfield jdk/internal/misc/Unsafe ARRAY_SHORT_BASE_OFFSET I 16
staticfield jdk/internal/misc/Unsafe ARRAY_CHAR_BASE_OFFSET I 16
staticfield jdk/internal/misc/Unsafe ARRAY_INT_BASE_OFFSET I 16
staticfield jdk/internal/misc/Unsafe ARRAY_LONG_BASE_OFFSET I 16
staticfield jdk/internal/misc/Unsafe ARRAY_FLOAT_BASE_OFFSET I 16
staticfield jdk/internal/misc/Unsafe ARRAY_DOUBLE_BASE_OFFSET I 16
staticfield jdk/internal/misc/Unsafe ARRAY_OBJECT_BASE_OFFSET I 16
staticfield jdk/internal/misc/Unsafe ARRAY_BOOLEAN_INDEX_SCALE I 1
staticfield jdk/internal/misc/Unsafe ARRAY_BYTE_INDEX_SCALE I 1
staticfield jdk/internal/misc/Unsafe ARRAY_SHORT_INDEX_SCALE I 2
staticfield jdk/internal/misc/Unsafe ARRAY_CHAR_INDEX_SCALE I 2
staticfield jdk/internal/misc/Unsafe ARRAY_INT_INDEX_SCALE I 4
staticfield jdk/internal/misc/Unsafe ARRAY_LONG_INDEX_SCALE I 8
staticfield jdk/internal/misc/Unsafe ARRAY_FLOAT_INDEX_SCALE I 4
staticfield jdk/internal/misc/Unsafe ARRAY_DOUBLE_INDEX_SCALE I 8
staticfield jdk/internal/misc/Unsafe ARRAY_OBJECT_INDEX_SCALE I 4
staticfield jdk/internal/misc/Unsafe ADDRESS_SIZE I 8
instanceKlass jdk/internal/reflect/DelegatingClassLoader
instanceKlass java/security/SecureClassLoader
ciInstanceKlass java/lang/ClassLoader 1 1 1108 9 7 12 1 1 1 10 7 12 1 1 1 9 12 1 1 10 7 12 1 1 1 7 1 10 12 1 1 10 12 1 1 9 12 1 1 10 12 1 1 100 1 10 12 1 10 12 1 1 10 7 12 1 1 1 100 1 8 1 10 12 1 10 7 12 1 1 1 10 7 12 1 10 7 1 10 7 1 7 1 7 1 10 12 1 10 12 1 9 12 1 1 10 10 7 12 1 1 1 9 12 1 1 9 12 1 9 12 1 1 9 12 1 9 12 1 1 9 12 1 1 7 1 10 12 1 9 12 1 1 10 12 1 1 10 7 12 1 1 1 9 12 1 9 12 1 1 9 12 1 10 12 1 1 9 12 10 12 1 1 7 1 10 8 1 10 12 1 1 10 12 1 10 7 1 7 1 10 12 1 1 10 7 12 1 1 1 8 1 10 12 1 10 12 1 10 12 1 1 10 12 1 1 10 12 1 1 10 12 1 1 10 12 1 1 10 12 1 7 1 10 12 1 10 100 12 1 1 1 10 12 1 1 10 12 1 10 12 1 10 12 1 10 12 1 10 12 1 1 10 10 12 1 10 12 1 10 100 12 1 1 10 12 1 1 10 12 1 1 10 12 1 100 1 10 12 1 7 1 10 12 1 10 7 12 1 1 1 10 10 12 1 1 10 12 1 1 7 1 8 1 10 8 1 10 12 1 10 12 1 100 1 8 1 10 12 1 1 10 12 1 1 10 10 12 1 1 10 12 1 1 10 12 1 1 10 7 1 10 12 1 1 10 12 1 1 10 12 1 1 10 12 1 1 10 12 1 1 10 12 1 1 10 12 1 10 7 12 1 1 1 10 12 1 10 12 1 10 12 1 1 10 12 1 10 12 1 10 12 1 10 12 1 1 10 12 1 10 12 1 1 8 1 9 12 1 10 12 1 1 8 1 8 1 10 7 12 1 1 100 1 10 10 12 10 12 1 10 12 1 10 12 1 10 12 1 1 10 7 12 1 1 10 12 1 10 7 1 7 1 10 12 1 1 10 12 1 10 7 1 10 12 1 100 1 18 12 1 10 100 12 1 1 1 10 100 12 1 1 1 10 7 12 1 1 10 12 1 10 12 1 100 1 10 12 1 8 1 10 10 12 1 1 10 12 1 10 12 1 1 100 1 10 12 1 10 12 1 1 10 7 12 1 1 10 12 1 8 1 100 1 10 10 12 1 9 12 1 10 7 12 1 1 10 12 1 7 1 8 1 10 12 1 10 8 1 8 1 10 12 1 1 10 12 1 1 10 12 1 1 10 7 12 1 1 7 1 100 1 10 12 1 1 7 1 7 1 10 7 12 1 1 10 12 1 10 12 1 1 10 12 1 10 12 1 1 10 12 1 1 9 100 12 1 1 1 10 12 1 1 10 12 1 10 12 1 10 12 1 1 10 12 1 8 1 7 1 18 12 1 1 10 12 1 1 10 12 1 10 12 1 10 12 1 8 1 10 12 1 10 12 1 18 12 1 11 100 12 1 1 1 100 1 10 12 1 1 10 12 1 10 11 12 1 1 10 18 10 12 1 1 11 7 12 1 18 12 1 11 12 1 1 10 12 10 12 1 1 10 12 1 1 100 1 8 1 10 10 12 1 8 1 8 1 10 100 12 1 1 10 12 1 100 1 10 10 12 1 8 1 8 1 8 1 10 12 1 10 12 1 1 10 12 1 10 7 12 1 1 1 11 7 12 1 1 100 1 10 11 10 12 1 10 12 1 10 12 1 1 9 7 12 1 1 9 12 1 1 9 12 9 12 1 9 12 1 9 12 1 8 10 12 1 1 10 7 12 1 1 1 10 12 1 1 10 12 1 1 10 12 1 10 10 12 1 11 12 1 1 10 100 12 1 1 1 100 1 10 12 1 10 12 1 10 12 1 1 1 1 1 1 1 1 1 1 1 1 1 1 1 1 1 1 1 1 1 1 1 1 1 1 1 1 100 1 1 1 1 1 1 1 1 1 1 1 1 1 1 1 1 1 1 1 1 1 100 1 1 1 1 1 1 1 1 1 1 100 1 1 1 1 1 1 1 1 1 1 1 1 1 1 1 1 1 1 1 1 1 1 1 1 1 1 1 1 1 1 1 1 1 1 1 1 1 1 1 1 1 100 1 1 1 1 1 1 1 1 1 1 1 1 1 1 1 1 1 1 1 7 1 1 1 1 1 1 1 1 1 1 1 1 1 1 1 1 1 1 1 1 1 1 1 1 1 1 1 1 1 1 1 1 1 1 1 1 1 1 1 1 1 1 1 1 1 1 1 1 1 1 100 1 1 1 1 1 1 1 1 1 1 1 1 1 1 1 1 1 1 1 1 1 1 1 1 1 1 1 1 1 1 1 1 1 1 1 1 1 1 1 1 1 1 1 1 1 1 16 1 15 10 12 16 1 16 15 10 12 16 1 16 1 15 10 12 16 15 10 12 16 15 10 12 16 15 10 100 12 1 1 1 1 1 100 1 100 1 1
staticfield java/lang/ClassLoader nocerts [Ljava/security/cert/Certificate; 0 [Ljava/security/cert/Certificate;
staticfield java/lang/ClassLoader $assertionsDisabled Z 1
ciInstanceKlass java/lang/reflect/Constructor 1 1 439 10 7 12 1 1 1 10 7 12 1 1 9 7 12 1 1 1 10 12 1 1 10 12 1 1 10 7 12 1 1 9 12 1 1 10 7 12 1 1 1 9 12 1 1 9 12 1 1 9 12 1 9 12 1 1 9 12 1 9 12 1 1 9 12 1 1 9 12 1 100 1 8 1 10 12 1 10 12 1 9 12 1 1 10 7 12 1 1 10 7 12 1 1 1 10 12 1 1 10 12 1 1 10 12 1 7 1 100 1 8 1 10 10 12 1 10 12 1 10 12 1 1 10 12 1 1 9 100 12 1 1 1 10 7 12 1 1 10 12 1 1 10 12 1 10 12 1 1 10 7 12 1 1 1 10 100 12 1 1 10 12 1 1 10 12 1 10 7 12 1 1 1 8 1 10 10 12 1 100 1 8 1 10 12 1 10 12 1 1 10 12 1 1 10 12 1 10 12 1 10 12 1 1 10 12 1 1 9 12 1 1 10 12 1 1 10 12 1 1 10 12 1 1 11 7 12 1 1 1 10 12 1 1 10 12 1 10 12 1 10 12 1 8 1 9 12 1 1 10 7 12 1 1 1 10 7 12 1 1 10 12 1 1 10 12 1 1 10 12 1 1 10 12 1 1 10 12 1 9 7 12 1 1 10 12 1 10 12 1 10 12 1 100 1 8 1 10 10 12 1 1 10 12 1 10 10 12 1 1 10 12 1 1 10 100 12 1 1 1 11 100 12 1 1 1 10 12 1 1 9 100 12 1 1 1 10 100 12 1 1 1 10 12 1 1 1 1 1 1 1 1 1 1 1 1 1 1 1 1 1 1 1 1 1 1 1 1 1 1 1 1 1 1 1 1 1 1 1 1 1 1 1 1 1 1 1 1 1 1 1 1 1 1 1 1 100 1 100 1 100 1 100 1 1 1 1 1 1 1 1 1 1 1 1 1 1 1 1 1 1 1 1 1 1 1 1 1 1 1 1 1 1 1 1 1 100 1 1
instanceKlass java/lang/reflect/Executable
instanceKlass java/lang/reflect/Field
ciInstanceKlass java/lang/reflect/AccessibleObject 1 1 400 10 7 12 1 1 1 9 100 12 1 1 1 10 7 12 1 1 1 10 7 12 1 1 10 7 12 1 1 1 10 100 12 1 1 1 10 12 1 1 10 12 1 1 9 12 1 1 7 1 10 7 12 1 1 1 11 12 1 7 1 10 12 1 7 1 100 1 10 12 1 10 12 1 1 10 12 1 1 10 12 1 1 10 12 1 1 7 1 10 7 12 1 1 1 10 12 1 1 11 10 7 12 1 1 1 10 12 1 1 10 12 1 10 12 1 10 12 1 1 10 12 1 8 1 7 1 7 1 10 10 12 1 1 8 1 10 12 1 10 12 1 8 1 8 1 8 1 8 1 8 1 8 1 8 1 8 1 8 1 100 1 10 12 1 10 12 1 9 12 1 1 10 12 1 1 10 12 1 10 7 1 100 1 8 1 10 8 1 10 12 1 8 1 10 12 1 10 12 1 1 10 100 1 8 1 10 11 7 12 1 1 1 10 12 1 1 10 12 1 1 10 12 1 1 9 12 1 1 100 1 10 12 1 7 1 10 12 1 10 12 1 1 10 100 1 10 12 1 10 12 10 12 1 10 12 1 10 12 1 1 10 12 1 9 12 1 10 100 12 1 1 8 1 10 100 12 1 1 1 8 1 10 7 12 1 1 1 9 12 1 7 1 10 7 1 10 10 7 12 1 1 1 7 1 10 10 7 12 1 1 1 7 1 9 12 1 1 1 1 1 1 1 1 1 1 1 1 1 1 1 1 1 1 1 1 1 1 1 1 1 1 1 1 1 1 1 1 1 1 1 1 1 1 1 1 1 1 1 1 1 1 1 1 1 1 1 1 1 1 1 1 1 1 1 1 1 1 1 1 1 1 1 1 1 1 1 1 1 1 1 1 1 1 1 1 1 1 1 1
staticfield java/lang/reflect/AccessibleObject reflectionFactory Ljdk/internal/reflect/ReflectionFactory; jdk/internal/reflect/ReflectionFactory
instanceKlass java/lang/reflect/Constructor
instanceKlass java/lang/reflect/Method
ciInstanceKlass java/lang/reflect/Executable 1 1 581 10 7 12 1 1 1 10 7 12 1 1 1 10 7 12 1 1 1 11 7 12 1 1 1 10 7 12 1 1 1 10 12 1 1 10 7 12 1 1 1 10 7 12 1 1 1 10 12 1 8 1 10 10 12 1 1 10 12 1 1 10 7 12 1 1 1 18 12 1 1 11 7 12 1 1 1 8 1 8 1 8 1 10 7 12 1 1 1 11 12 1 1 7 1 8 1 8 1 10 12 1 7 1 8 1 10 12 1 8 1 11 100 12 1 1 1 7 1 11 7 12 1 1 1 11 12 1 8 1 18 8 1 10 12 1 10 12 1 1 18 8 1 10 12 1 7 1 10 12 1 10 12 1 11 12 1 10 12 1 1 8 1 8 1 10 12 1 1 10 12 1 1 10 10 12 1 9 100 12 1 1 1 10 100 12 1 1 1 10 12 1 10 12 1 1 10 7 12 1 1 10 12 1 10 12 1 10 12 1 10 7 12 1 1 7 1 10 100 12 1 1 1 10 12 1 1 10 7 12 1 1 10 12 1 10 12 1 1 9 100 12 1 1 1 10 100 10 12 1 8 1 10 12 1 10 12 1 3 100 1 8 1 10 12 1 10 12 1 10 10 12 1 10 12 1 1 8 1 8 1 8 1 9 12 1 1 9 12 1 10 12 1 100 1 8 1 10 12 1 10 12 1 10 12 1 1 10 12 1 1 10 12 1 10 12 10 12 1 7 1 10 12 1 10 12 1 1 100 1 10 7 12 1 1 1 7 1 10 7 12 1 1 1 10 12 1 1 11 7 12 1 1 10 12 1 10 100 12 1 1 1 10 12 1 1 9 12 1 10 12 1 1 10 12 1 10 12 1 1 9 100 12 1 1 1 10 100 12 1 1 1 10 12 1 10 12 1 1 9 12 1 10 10 10 10 100 12 1 1 1 10 12 1 9 12 1 10 12 1 1 9 12 1 7 1 7 1 1 1 1 1 1 1 1 1 1 1 1 1 1 1 1 1 1 1 1 1 1 1 1 1 1 1 1 1 1 1 1 1 1 1 1 100 1 1 1 1 1 1 1 1 1 1 1 1 1 1 1 1 1 1 1 100 1 1 1 1 1 1 1 1 1 1 1 1 1 1 1 1 1 1 1 1 1 1 1 1 1 1 1 1 1 1 1 1 1 1 1 1 1 1 1 1 1 1 1 7 1 1 1 1 1 1 1 1 1 1 1 1 1 1 1 1 1 1 1 1 1 1 7 1 1 16 15 16 1 16 1 15 10 12 16 15 10 7 12 1 1 1 1 1 1 100 1 1 100 1 100 1 1
ciInstanceKlass java/lang/reflect/Member 1 1 37 100 1 10 12 1 1 100 1 100 1 1 1 1 3 1 3 1 1 1 1 1 1 1 1 1 1 1 1 1 1 1 1 1 1 1 1
instanceKlass org/apache/kafka/server/util/ShutdownableThread
instanceKlass org/apache/zookeeper/server/ZooKeeperThread
instanceKlass org/apache/kafka/common/utils/KafkaThread
instanceKlass java/util/logging/LogManager$Cleaner
instanceKlass java/util/concurrent/ForkJoinWorkerThread
instanceKlass jdk/internal/misc/InnocuousThread
instanceKlass java/lang/ref/Finalizer$FinalizerThread
instanceKlass java/lang/ref/Reference$ReferenceHandler
instanceKlass java/lang/BaseVirtualThread
ciInstanceKlass java/lang/Thread 1 1 870 10 7 12 1 1 1 9 12 1 1 10 7 12 1 1 10 12 1 10 100 12 1 1 100 1 8 1 10 12 1 1 9 12 1 9 12 1 1 9 12 1 1 7 1 10 12 1 1 10 12 1 10 100 12 1 1 1 10 12 9 12 1 1 10 12 1 7 1 10 12 1 100 1 8 1 10 9 100 12 1 1 1 10 12 1 1 10 12 1 1 10 12 1 1 10 12 1 10 12 1 1 3 8 1 7 1 5 0 10 7 12 1 1 1 9 12 1 10 12 1 1 10 7 12 1 1 1 10 7 12 1 1 1 10 12 1 1 10 12 1 1 9 12 1 1 10 7 1 8 1 10 7 1 10 12 1 9 12 1 1 10 7 12 1 1 1 10 10 12 1 1 9 100 12 1 1 1 10 12 1 1 10 12 1 1 10 7 12 1 1 10 12 1 10 12 1 10 7 12 1 1 9 12 1 10 7 12 1 1 1 10 12 1 1 9 12 1 1 9 12 1 1 10 7 12 1 1 1 9 12 1 1 10 100 12 1 1 10 100 12 1 1 1 10 12 1 10 12 1 10 7 12 1 1 9 12 1 8 1 9 7 12 1 1 9 12 1 1 5 0 100 1 10 100 1 10 100 1 10 7 1 10 8 1 10 12 1 1 10 100 12 1 10 12 1 10 12 1 100 1 8 1 10 10 12 1 10 12 1 1 10 100 12 1 1 1 10 100 12 1 1 1 10 12 1 7 1 9 12 1 1 100 1 10 10 12 1 9 12 1 1 10 12 1 1 10 12 1 1 10 12 1 10 12 1 9 12 1 1 10 10 12 1 1 10 12 1 1 11 7 12 1 1 10 7 12 1 1 9 12 1 9 12 1 1 9 12 1 1 10 100 12 1 1 10 12 1 1 9 7 12 1 1 1 10 7 12 1 1 10 12 1 10 12 1 100 1 10 10 12 9 12 1 1 10 12 1 11 100 12 1 1 10 12 1 10 12 1 10 12 1 9 12 1 10 10 12 1 10 12 1 1 9 12 1 9 12 10 12 1 8 1 10 12 1 10 12 1 10 12 1 10 12 1 10 12 1 1 10 12 1 10 12 1 1 10 12 1 10 12 1 10 12 1 10 12 1 10 12 1 1 9 7 12 1 1 1 8 1 10 9 12 1 10 12 1 7 1 8 1 10 10 12 1 8 1 10 12 1 1 9 12 10 12 8 1 10 10 12 1 10 12 1 8 1 10 12 1 10 8 1 10 100 12 1 1 10 12 1 1 100 1 8 1 10 9 12 1 9 12 1 1 10 12 1 1 10 10 12 1 10 12 1 100 10 7 12 1 1 1 9 12 1 10 12 1 1 10 12 1 1 10 100 12 1 1 1 11 7 12 1 1 1 9 100 12 1 1 1 10 100 12 1 1 1 7 1 10 12 1 100 1 10 12 1 10 12 1 1 10 12 1 1 8 1 9 12 1 10 12 1 10 12 1 1 11 7 12 1 1 1 10 12 1 1 1 1 3 1 3 1 3 1 3 1 1 1 1 1 1 1 1 1 1 1 1 1 1 1 1 1 1 1 1 1 7 1 1 1 1 1 1 1 1 1 1 1 1 1 1 1 1 1 1 1 1 1 1 100 1 1 1 1 1 1 1 1 1 1 1 1 1 1 1 1 7 1 7 1 1 1 1 1 1 1 1 1 1 1 1 1 1 1 1 1 1 1 1 1 1 1 1 1 1 1 1 1 1 1 1 1 1 1 1 1 1 1 1 1 1 1 1 1 1 1 1 1 1 1 1 1 1 1 1 1 1 1 1 1 1 1 1 1 1 1 1 1 1 1 1 1 1 1 1 100 100 1 1 1 1 1 1 1 1 1 1 1 1 1 1 1 1 1 1 1 1 1 1 1 1 1 1 100 1 100 1 100 1 100 1 100 1 1 100 1 1 1 1 1 1 1 1 1 1 1 1 1 1 1
staticfield java/lang/Thread NEW_THREAD_BINDINGS Ljava/lang/Object; java/lang/Class
staticfield java/lang/Thread EMPTY_STACK_TRACE [Ljava/lang/StackTraceElement; 0 [Ljava/lang/StackTraceElement;
ciInstanceKlass java/lang/Runnable 1 0 11 100 1 100 1 1 1 1 1 1 1
ciInstanceKlass java/net/URL 1 1 771 10 7 12 1 1 1 10 12 1 10 7 12 1 1 9 12 1 1 9 12 1 10 7 12 1 1 1 10 12 1 1 10 12 1 1 9 12 1 1 10 7 12 1 1 1 8 1 10 12 1 1 7 1 10 10 12 1 1 8 1 10 12 1 1 9 12 1 100 1 8 1 10 12 1 10 12 1 8 1 9 12 1 10 12 1 1 9 12 1 10 12 1 10 12 1 9 12 1 9 12 1 8 1 9 12 1 10 12 1 1 8 1 9 12 1 1 10 12 1 1 10 7 12 1 1 1 8 1 10 12 1 7 1 10 12 1 10 12 1 10 12 1 10 12 1 1 10 12 1 1 8 1 10 12 1 1 10 12 1 8 1 9 12 1 8 1 10 12 1 10 7 12 1 1 1 7 1 10 12 1 10 12 1 1 10 7 12 1 1 1 100 1 8 1 10 10 12 1 8 1 10 12 1 1 10 12 1 10 12 1 10 12 1 10 12 1 10 12 1 10 12 1 8 1 10 12 1 8 1 10 10 100 1 10 10 12 1 8 1 10 7 12 1 1 1 10 12 1 9 100 12 1 1 1 10 7 12 1 1 1 9 12 1 1 10 12 1 10 100 12 1 1 1 100 1 100 1 10 12 1 10 12 1 10 12 1 10 12 1 10 12 1 10 12 10 10 12 1 10 12 1 10 12 1 1 8 1 9 100 12 1 1 1 10 100 12 1 1 1 10 12 1 1 9 100 12 1 1 1 10 12 1 1 100 1 10 12 1 10 12 1 10 10 12 1 1 10 12 1 1 10 12 1 10 12 1 10 12 1 10 7 12 1 1 1 10 12 1 1 10 12 1 9 12 1 1 9 12 1 1 7 1 8 1 10 10 12 1 9 12 1 1 10 7 12 1 1 8 1 10 100 12 1 1 8 1 10 12 1 1 10 12 1 8 1 8 1 10 7 12 1 1 1 7 1 10 7 12 1 1 1 10 12 1 10 12 1 100 1 10 9 100 12 1 1 1 10 100 12 1 1 10 12 1 1 10 12 1 8 1 100 1 10 10 7 12 1 1 1 10 12 1 8 9 100 12 1 1 1 10 12 1 1 10 12 1 10 12 1 1 10 100 12 1 1 11 7 12 1 1 10 12 1 10 12 1 9 12 1 10 12 1 1 10 100 12 1 1 10 100 12 1 1 1 8 10 100 12 1 1 100 1 10 8 8 10 12 1 8 8 8 100 1 10 12 1 9 12 1 1 10 12 1 10 12 1 1 10 12 1 10 12 10 12 1 1 10 12 1 1 10 10 10 12 1 10 12 1 10 12 1 10 12 1 10 12 1 10 10 12 1 100 1 8 1 10 10 10 12 1 1 10 12 1 10 12 1 1 8 1 7 1 10 10 7 1 10 12 1 9 7 12 1 1 1 9 12 1 1 7 1 10 10 7 12 1 1 1 7 1 1 1 1 1 5 0 1 1 1 1 1 1 1 1 1 1 1 1 1 1 1 1 1 1 1 1 1 1 1 1 1 1 1 1 1 1 1 1 1 1 1 1 1 1 1 1 1 1 1 1 1 1 1 1 7 1 1 1 1 1 1 1 1 1 1 1 1 1 1 1 1 1 1 1 1 1 1 1 1 1 1 1 1 1 1 1 1 1 1 1 1 1 100 1 1 1 1 1 1 1 1 1 1 1 1 1 1 1 1 1 100 1 1 1 1 1 1 1 1 1 1 1 1 1 1 1 1 1 1 1
staticfield java/net/URL defaultFactory Ljava/net/URLStreamHandlerFactory; java/net/URL$DefaultFactory
staticfield java/net/URL streamHandlerLock Ljava/lang/Object; java/lang/Object
staticfield java/net/URL serialPersistentFields [Ljava/io/ObjectStreamField; 7 [Ljava/io/ObjectStreamField;
ciMethod java/lang/System arraycopy (Ljava/lang/Object;ILjava/lang/Object;II)V 256 0 128 0 -1
ciMethod java/lang/System getSecurityManager ()Ljava/lang/SecurityManager; 442 0 34738 0 -1
ciInstanceKlass java/lang/Module 1 1 1070 10 7 12 1 1 1 9 7 12 1 1 1 10 7 12 1 1 1 9 12 1 9 12 1 1 9 12 1 1 10 12 1 1 10 12 1 10 12 1 1 10 7 12 1 1 1 7 1 10 7 12 1 1 1 10 12 1 1 11 7 12 1 1 1 10 12 1 1 10 7 12 1 1 1 10 12 1 1 10 7 12 1 1 1 9 100 12 1 1 1 10 7 12 1 1 1 10 12 1 8 1 10 7 12 1 1 1 10 7 12 1 1 1 10 7 12 1 1 1 10 12 1 10 12 1 9 12 1 1 10 100 12 1 1 100 1 7 1 10 8 1 10 12 1 1 10 12 1 10 12 10 12 1 10 7 12 1 1 8 1 8 1 10 8 1 8 1 9 12 1 1 8 1 10 100 12 1 1 1 10 12 1 9 12 1 1 11 12 1 9 7 12 1 1 10 7 12 1 1 1 10 100 12 1 1 1 10 12 1 1 8 1 10 12 1 1 10 12 1 10 12 1 1 9 7 12 1 1 1 10 12 1 1 10 12 1 1 9 12 1 10 12 1 10 12 1 9 12 1 1 11 7 12 1 1 10 12 1 1 9 12 1 9 12 1 10 12 1 10 12 1 100 1 8 1 10 10 12 1 1 10 12 1 8 1 10 12 1 1 8 1 8 1 10 12 1 1 10 12 1 10 12 1 1 18 12 1 1 10 12 1 1 11 12 1 9 12 1 11 12 10 100 12 1 1 100 1 8 1 10 11 12 1 1 10 7 12 1 1 1 10 12 1 10 12 1 1 11 12 1 1 11 7 12 1 1 11 12 1 1 9 12 1 11 12 1 10 12 1 1 10 12 1 1 9 12 1 10 12 10 7 12 1 1 10 7 1 18 12 1 1 11 100 12 1 1 1 18 12 1 11 12 1 1 10 100 12 1 1 1 11 12 1 1 10 7 12 1 1 7 1 11 12 1 7 1 7 1 10 12 1 10 7 12 1 1 1 10 11 7 12 1 8 1 10 10 12 1 1 10 7 12 1 1 10 12 1 10 12 1 7 1 10 12 1 10 11 12 1 1 10 12 10 12 1 1 9 12 1 1 100 1 10 10 12 1 1 11 7 1 10 12 1 1 11 12 1 10 10 12 1 11 10 12 1 1 10 12 1 1 10 12 1 1 10 7 12 1 1 10 12 1 10 12 1 1 10 10 12 1 1 10 12 1 18 12 1 11 12 1 18 12 1 10 12 1 10 12 1 10 12 7 1 10 12 1 10 12 1 10 12 1 9 12 1 7 1 10 10 10 10 12 1 10 12 1 10 12 1 10 12 1 1 10 12 1 1 10 12 1 9 12 1 18 12 1 1 10 7 12 1 1 1 100 1 8 1 10 12 1 1 10 12 1 1 10 7 12 1 1 7 1 10 12 1 1 7 1 8 1 10 12 1 1 100 1 11 12 1 1 10 100 12 1 1 1 18 12 1 1 11 100 12 1 1 1 100 1 10 12 1 10 12 1 1 7 1 7 1 10 12 8 1 10 12 1 1 10 12 1 1 10 100 12 1 1 10 12 1 1 10 12 1 10 12 10 12 1 1 7 1 10 10 12 1 1 10 7 12 1 1 1 100 1 10 12 1 1 10 7 12 1 1 8 1 18 12 1 1 100 1 100 1 9 12 1 1 9 12 1 9 12 1 11 100 12 1 1 1 100 1 11 12 1 1 100 1 10 12 1 8 1 10 12 1 10 12 10 12 1 8 1 10 10 100 12 1 1 7 1 10 10 12 1 10 7 12 1 1 9 12 1 9 12 1 9 12 1 9 12 1 10 12 11 12 1 10 12 1 7 1 1 1 1 1 1 1 1 1 1 1 1 1 1 1 1 1 1 1 100 1 1 1 1 1 1 1 1 1 1 1 1 1 1 1 1 1 1 1 1 1 1 1 1 1 1 1 1 1 1 1 1 1 1 1 1 1 1 1 1 1 1 1 1 1 1 1 1 1 1 1 1 1 1 1 1 1 1 1 1 1 1 1 1 1 1 1 1 1 1 1 1 1 1 1 1 1 1 1 1 1 1 1 1 1 1 1 1 1 1 1 1 1 1 1 100 100 1 1 1 1 1 1 1 1 1 1 1 1 1 1 1 1 1 1 1 1 1 1 1 1 1 1 1 100 1 100 1 1 1 1 1 1 1 1 1 1 1 1 1 1 1 1 1 1 1 1 100 1 1 1 1 1 1 1 1 1 1 1 1 1 1 1 1 1 1 1 1 1 1 1 16 15 10 12 16 16 15 10 12 16 16 15 10 16 1 15 10 12 16 1 15 10 12 16 1 16 15 10 12 16 16 1 15 10 12 16 15 10 7 12 1 1 1 15 10 100 12 1 1 1 1 1 1 1 1 1 1 1 100 1 100 1 1 100 1 100 1 1
staticfield java/lang/Module ALL_UNNAMED_MODULE Ljava/lang/Module; java/lang/Module
staticfield java/lang/Module ALL_UNNAMED_MODULE_SET Ljava/util/Set; java/util/ImmutableCollections$Set12
staticfield java/lang/Module EVERYONE_MODULE Ljava/lang/Module; java/lang/Module
staticfield java/lang/Module EVERYONE_SET Ljava/util/Set; java/util/ImmutableCollections$Set12
staticfield java/lang/Module $assertionsDisabled Z 1
ciInstanceKlass java/lang/StringLatin1 1 1 392 7 1 10 7 12 1 1 1 10 12 1 1 10 7 12 1 1 1 10 7 12 1 1 1 10 12 1 10 7 12 1 1 1 10 12 1 1 10 7 12 1 1 1 10 7 12 1 1 1 10 12 1 1 10 12 1 1 10 10 12 1 10 12 1 10 9 7 12 1 1 1 10 12 1 1 10 7 12 1 1 1 10 12 10 12 1 1 10 12 1 1 10 12 1 10 12 1 1 10 12 1 1 10 7 12 1 1 1 10 12 1 10 12 1 1 9 12 1 1 100 1 10 10 12 1 1 10 7 12 1 1 1 10 12 1 10 12 1 100 1 7 1 8 1 10 12 1 8 1 10 12 1 1 100 1 10 10 12 10 7 12 1 1 1 8 1 8 1 8 1 10 12 1 1 10 100 12 1 1 10 12 1 10 12 1 1 10 12 1 1 10 12 1 1 10 12 1 10 12 10 12 10 12 1 10 12 10 10 12 1 10 12 1 10 12 1 10 7 12 1 1 1 10 7 12 1 1 1 10 12 1 1 10 12 1 1 10 10 7 12 1 1 1 1 1 1 1 1 1 1 1 1 1 1 1 1 1 1 1 1 1 1 1 1 1 1 1 1 1 1 1 1 1 1 1 1 1 1 1 1 1 1 1 1 1 1 1 1 1 1 1 1 100 1 1 1 1 1 1 1 1 1 1 1 1 1 1 1 1 1 1 1 1 1 1 1 1 1 1 1 1 1 1 1 1 1 1 1 1 1 1 1 1 1 1 100 1 1 1 1 1 1 1 1 1 1 1 1 1 1 1 1 1 1 1 1 1 1 1 100 1 1 1 1 1 1 1 1 1 1 1 1 1 1 1 1 1 1 1 1 1 1 1 1 1 1 100 1 1 1 1
staticfield java/lang/StringLatin1 $assertionsDisabled Z 1
ciInstanceKlass java/lang/Character 1 1 604 7 1 7 1 100 1 9 12 1 1 8 1 9 12 1 1 7 1 9 12 1 1 10 7 12 1 1 1 10 100 12 1 1 1 10 100 12 1 1 1 10 7 12 1 1 1 9 7 12 1 1 1 10 12 1 10 12 1 1 10 12 1 1 10 7 12 1 1 10 12 1 1 3 3 3 3 3 10 12 1 1 10 12 1 3 11 7 12 1 1 1 11 12 1 1 10 12 1 1 10 12 1 1 100 1 10 10 12 1 3 10 12 1 1 10 12 1 10 12 1 1 100 1 8 1 10 12 1 1 10 12 1 10 12 1 10 12 1 10 100 12 1 1 1 10 12 1 10 12 1 10 12 1 1 10 12 1 10 7 12 1 1 10 10 12 1 10 10 12 1 10 12 1 1 10 12 1 10 10 12 1 10 12 1 10 12 1 10 12 1 10 12 1 10 12 1 10 12 1 10 12 10 10 12 10 10 12 1 10 10 12 1 10 10 12 1 10 10 12 1 10 12 1 10 12 1 10 12 1 10 12 1 10 12 1 10 12 1 10 10 12 1 10 10 12 1 10 10 12 1 1 10 10 12 1 10 5 0 10 12 1 10 12 1 10 10 12 1 10 10 12 1 1 10 10 12 1 10 10 12 1 9 12 1 1 100 1 10 10 12 1 10 12 1 1 3 10 100 12 1 1 1 10 12 1 10 100 12 1 1 7 1 10 10 12 1 1 10 12 1 1 10 12 1 1 8 1 10 12 1 9 100 12 1 1 1 10 12 1 10 10 12 1 10 12 1 1 10 12 1 10 10 12 1 1 10 10 12 1 1 7 1 8 1 10 12 1 1 10 7 12 1 1 1 8 1 10 12 1 1 9 12 1 1 7 1 7 1 7 1 1 1 1 3 1 3 1 3 1 3 1 1 1 1 1 3 1 1 3 1 3 1 3 1 3 1 3 1 3 1 3 1 3 1 3 1 3 1 3 1 3 1 3 1 3 1 3 1 3 1 3 1 3 1 3 1 3 1 3 1 3 1 3 1 3 1 3 1 3 1 3 1 3 1 1 1 1 1 1 1 1 1 1 1 1 1 1 1 1 1 1 1 3 1 1 1 1 1 1 1 3 1 1 3 1 1 1 1 1 3 1 1 5 0 1 1 1 1 1 1 1 1 1 1 1 1 1 1 1 1 1 1 1 1 1 1 1 1 1 1 1 1 1 1 1 1 1 1 1 1 1 1 1 1 1 1 1 1 1 1 1 1 1 1 1 1 1 1 1 1 1 1 1 1 1 1 1 1 1 1 1 1 1 1 1 1 1 1 1 1 1 1 1 1 1 1 1 1 1 1 1 1 1 1 100 1 100 1 1 1 1 1 1
staticfield java/lang/Character TYPE Ljava/lang/Class; java/lang/Class
staticfield java/lang/Character $assertionsDisabled Z 1
ciInstanceKlass java/util/Arrays 1 1 1029 10 7 12 1 1 1 10 100 12 1 1 1 10 7 12 1 1 1 10 12 1 10 12 1 10 12 1 10 12 1 10 12 1 10 12 1 10 100 12 1 1 1 100 1 7 1 10 8 1 10 12 1 1 10 12 1 8 1 8 1 10 12 1 1 10 12 1 100 1 10 12 1 9 100 12 1 1 1 10 7 12 1 1 100 1 10 12 1 1 10 7 12 1 1 10 7 12 1 1 1 100 1 10 12 1 10 12 1 1 7 1 9 7 12 1 1 1 10 12 1 1 10 7 12 1 1 10 12 1 10 12 1 1 10 12 1 10 12 1 1 7 1 11 12 1 1 10 12 1 10 7 12 1 1 1 10 12 10 12 1 10 12 1 10 12 10 12 1 11 7 12 1 1 1 10 7 12 1 1 1 100 1 10 12 1 10 100 1 10 12 1 10 100 1 10 12 1 10 100 1 10 12 1 10 10 12 1 1 10 12 1 10 12 1 10 12 1 10 12 1 10 12 1 10 7 12 1 1 1 10 12 1 10 7 12 1 1 1 10 12 1 10 12 1 10 7 12 1 1 1 10 12 1 10 12 1 10 12 1 10 12 1 10 12 1 10 12 1 10 12 1 10 12 1 10 12 1 10 12 1 10 12 1 10 12 1 10 12 1 10 12 1 10 12 1 10 12 1 1 10 12 1 1 10 7 12 1 1 1 10 7 1 10 100 1 10 7 1 10 100 1 10 100 1 10 100 1 10 100 1 10 100 1 10 12 1 8 1 10 12 1 1 10 12 1 1 10 12 1 1 10 12 1 1 10 12 1 1 10 12 1 1 10 12 1 1 10 12 1 1 10 12 1 1 7 1 10 12 10 12 1 1 10 12 1 10 12 1 1 10 12 1 1 9 7 12 1 1 1 10 12 1 9 7 1 10 12 1 9 7 1 10 12 1 9 7 1 10 12 1 9 7 1 10 12 1 9 7 1 10 12 1 9 10 12 1 10 12 1 10 12 1 9 12 1 100 1 10 10 12 1 1 10 12 1 10 12 1 10 12 1 10 12 1 10 12 1 10 12 1 10 12 1 10 12 1 10 12 1 8 1 8 1 10 12 1 10 12 1 8 1 10 12 1 10 12 1 10 12 1 10 7 12 1 1 1 3 10 100 1 10 10 12 1 1 11 100 12 1 1 10 12 1 1 10 12 1 10 12 1 10 12 1 10 12 1 10 12 1 10 12 1 10 12 1 10 12 1 11 12 1 8 1 10 11 12 1 11 100 12 1 1 1 11 100 12 1 1 1 11 12 1 1 18 12 1 1 11 12 1 1 11 100 12 1 1 1 18 12 1 11 100 12 1 1 1 18 12 1 11 100 12 1 1 1 18 12 1 100 1 10 7 12 1 1 1 10 12 1 10 12 1 10 12 1 10 12 1 10 12 1 10 12 1 10 12 1 10 12 1 1 10 12 1 10 7 12 1 1 10 12 1 10 12 1 10 12 1 1 10 12 1 10 12 1 10 12 1 1 10 12 1 10 12 1 10 12 1 1 10 12 1 10 12 1 10 12 1 10 12 1 10 12 10 12 1 10 12 10 12 10 12 1 10 12 10 12 1 10 12 1 10 12 1 1 1 1 3 1 3 1 1 1 1 1 1 1 1 1 1 1 1 1 1 1 1 1 1 1 1 1 1 1 1 1 1 1 1 1 1 1 1 1 1 1 1 1 1 1 1 1 1 1 1 1 1 1 1 1 1 1 1 1 1 1 1 1 1 1 1 1 1 1 1 1 1 1 1 1 1 1 1 1 1 1 1 1 1 1 1 1 1 1 1 1 1 1 1 1 1 1 1 1 1 1 1 1 1 1 1 1 1 1 1 1 1 1 1 1 1 1 1 1 1 1 1 1 1 1 1 1 1 1 1 1 1 1 1 1 1 1 1 1 1 1 1 1 1 1 1 1 1 1 1 1 1 1 1 1 1 1 1 1 1 1 1 1 1 1 1 1 1 1 1 1 1 1 1 1 1 1 1 1 1 1 1 1 1 1 1 1 1 1 1 1 1 1 1 1 1 1 1 1 1 1 1 1 1 1 1 1 1 1 1 1 1 1 1 1 1 1 1 1 1 1 1 1 1 1 1 1 1 1 1 1 1 1 1 1 1 1 1 1 1 1 1 1 1 1 1 1 1 1 1 1 1 1 1 1 1 1 1 1 1 100 1 1 16 15 10 12 15 10 12 15 10 12 15 10 12 15 10 100 12 1 1 1 1 1 100 1 100 1 1 1 1 100 1 1 1 1 1 1 100 1 1 100 1 1 100 1 1 1 100 1 100 1 1
staticfield java/util/Arrays $assertionsDisabled Z 1
ciInstanceKlass java/lang/OutOfMemoryError 1 1 26 10 100 12 1 1 1 10 12 1 100 1 1 1 1 5 0 1 1 1 1 1 1 1 1 1
ciMethod java/lang/StringLatin1 inflate ([BII)[B 0 0 1 0 -1
ciMethod java/lang/StringLatin1 inflate ([BI[BII)V 0 0 19 0 -1
ciInstanceKlass java/lang/StringUTF16 1 1 604 7 1 7 1 10 7 12 1 1 1 100 1 10 7 1 3 7 1 7 1 10 8 1 10 12 1 1 10 12 1 8 1 10 12 1 1 10 12 1 9 12 1 1 10 12 1 1 100 1 8 1 10 12 1 9 12 1 1 9 12 1 10 10 12 1 1 10 12 1 1 10 7 12 1 1 1 10 12 1 10 12 1 1 10 12 1 1 10 12 1 1 10 12 1 1 10 12 1 10 12 1 1 10 12 1 1 10 12 1 1 10 12 1 1 10 12 1 10 12 1 10 12 1 1 10 12 1 100 1 10 12 1 10 10 12 1 1 10 12 1 10 12 1 1 10 12 1 10 100 12 1 1 1 10 100 12 1 1 1 10 12 10 12 1 1 10 12 1 10 12 1 1 10 12 1 1 10 12 1 10 12 1 10 12 1 100 1 10 12 1 1 10 12 1 3 10 12 1 1 10 12 1 10 12 1 10 12 1 10 12 1 10 12 1 10 12 1 1 9 12 1 10 12 1 10 12 1 10 12 1 10 12 1 10 12 1 10 10 12 10 12 10 10 12 1 1 10 100 12 1 1 1 10 12 1 10 12 1 100 1 8 1 8 1 10 12 1 1 100 1 10 10 7 12 1 1 1 10 100 12 1 1 8 1 8 1 8 1 10 12 1 1 10 12 1 1 10 12 10 12 1 10 100 12 1 1 10 12 1 1 10 12 1 1 10 12 1 10 12 10 12 10 12 1 10 12 10 12 1 10 12 1 10 12 1 10 12 1 10 12 1 10 100 12 1 1 1 10 100 12 1 1 1 10 12 1 1 10 12 1 1 11 7 12 1 1 10 12 1 10 12 1 10 12 1 1 9 12 1 1 9 12 1 5 0 5 0 10 12 1 10 12 10 12 10 7 12 1 1 1 10 12 1 1 1 1 1 1 1 1 1 1 1 1 1 1 1 1 1 1 1 1 1 1 1 1 1 1 1 1 1 1 1 100 1 1 1 1 1 1 1 1 1 1 1 1 1 1 1 1 1 1 1 1 1 1 1 1 1 1 1 1 1 1 1 1 1 1 1 1 1 1 1 1 1 1 1 1 1 1 1 1 1 1 1 1 1 1 1 1 1 1 1 1 1 1 1 1 1 1 1 1 1 1 1 1 1 1 1 1 1 1 1 1 1 100 1 1 1 1 1 1 1 1 1 1 1 1 1 1 1 1 1 100 1 1 1 1 1 1 1 1 1 1 1 1 1 1 1 1 1 1 1 1 1 1 1 1 1 1 1 1 1 1 1 1 1 1 1 1 1 1 1 1 1 1 1 1 1 1 1 1 1 1 1 1 1 1 1 1 1 1 1 1 1 100 1 100 1 1 1 1 1
staticfield java/lang/StringUTF16 HI_BYTE_SHIFT I 0
staticfield java/lang/StringUTF16 LO_BYTE_SHIFT I 8
staticfield java/lang/StringUTF16 $assertionsDisabled Z 1
ciInstanceKlass java/lang/Integer 1 1 453 7 1 7 1 7 1 7 1 10 12 1 1 9 12 1 1 9 12 1 1 10 100 12 1 1 1 10 12 1 1 10 100 12 1 1 1 10 10 12 1 1 10 7 12 1 1 1 10 12 1 10 12 1 1 10 7 12 1 1 1 10 12 1 1 10 12 1 1 10 12 1 10 12 1 10 12 1 1 10 10 12 1 9 12 1 1 9 12 1 100 1 8 1 10 12 1 7 1 10 12 1 8 1 10 12 1 1 10 12 1 8 1 10 12 1 8 1 10 12 1 1 3 10 12 1 1 3 10 12 1 1 10 12 1 1 10 7 12 1 1 1 11 7 1 10 12 1 1 11 10 12 1 1 8 1 10 12 1 1 8 1 7 1 10 12 1 1 10 12 1 1 5 0 8 1 10 12 1 10 12 1 10 12 1 10 12 1 1 7 1 9 12 1 1 9 12 1 1 10 12 1 10 7 1 9 12 1 10 12 1 10 12 1 10 12 1 1 10 7 12 1 1 1 100 1 100 1 10 12 1 1 10 12 1 1 8 1 8 1 10 12 1 1 8 1 8 1 8 1 8 1 8 1 8 1 10 12 1 10 12 1 5 0 3 3 3 3 10 12 1 10 12 1 3 10 12 1 10 100 12 1 1 1 10 12 1 1 10 12 1 1 8 1 10 7 12 1 1 1 9 12 1 1 7 1 7 1 7 1 1 1 1 3 1 1 1 3 1 3 1 1 5 0 1 1 1 1 1 1 1 1 1 100 1 1 1 1 1 1 1 1 1 1 1 1 1 1 1 1 1 1 1 1 1 1 1 1 1 1 1 1 1 1 1 1 1 1 1 1 1 1 1 1 3 1 1 1 1 1 1 1 1 1 1 1 1 1 1 1 1 7 1 1 1 1 1 1 1 1 1 1 1 1 1 1 1 1 1 1 1 1 1 1 1 1 1 1 1 1 1 1 1 1 1 1 1 1 1 1 1 1 1 1 1 1 1 1 7 1 1 1 1 1 1 1 1 1 100 1 100 1 1
staticfield java/lang/Integer TYPE Ljava/lang/Class; java/lang/Class
staticfield java/lang/Integer digits [C 36
staticfield java/lang/Integer DigitTens [B 100
staticfield java/lang/Integer DigitOnes [B 100
instanceKlass scala/math/ScalaNumber
instanceKlass java/math/BigInteger
instanceKlass java/math/BigDecimal
instanceKlass java/util/concurrent/atomic/Striped64
instanceKlass java/util/concurrent/atomic/AtomicLong
instanceKlass java/util/concurrent/atomic/AtomicInteger
instanceKlass java/lang/Long
instanceKlass java/lang/Integer
instanceKlass java/lang/Short
instanceKlass java/lang/Byte
instanceKlass java/lang/Double
instanceKlass java/lang/Float
ciInstanceKlass java/lang/Number 1 1 37 10 7 12 1 1 1 10 100 12 1 1 1 100 1 1 1 1 5 0 1 1 1 1 1 1 1 1 1 1 1 1 1 1 1 1 1
ciMethod java/lang/StringUTF16 compress ([CII)[B 250 0 7633 0 -1
ciMethod java/lang/StringUTF16 toBytes ([CII)[B 0 0 1 0 -1
ciMethod java/lang/StringUTF16 putChar ([BII)V 48 0 24 0 -1
ciMethod java/lang/StringUTF16 newBytesFor (I)[B 0 0 19 0 -1
ciInstanceKlass java/lang/Thread$FieldHolder 1 1 48 10 7 12 1 1 1 9 7 12 1 1 1 9 12 1 1 9 12 1 1 9 12 1 1 9 12 1 1 1 1 1 1 1 1 1 1 100 1 100 1 1 1 1 100 1 1 1
ciInstanceKlass java/lang/Thread$Constants 0 0 59 7 1 10 7 12 1 1 1 100 1 10 10 7 12 1 1 1 7 1 8 1 10 12 1 9 7 12 1 1 1 7 1 7 1 10 12 1 10 12 1 9 12 1 1 1 1 1 1 1 1 1 1 1 1 1 1 1 1
ciInstanceKlass java/lang/ThreadGroup 1 1 411 10 7 12 1 1 1 9 7 12 1 1 1 8 1 9 12 1 1 7 1 9 12 1 1 9 12 1 1 10 7 12 1 1 1 10 12 1 1 10 12 1 10 12 1 10 12 1 10 12 1 1 10 12 1 1 10 12 1 10 12 1 1 10 12 1 10 12 1 10 100 12 1 1 1 10 12 1 1 18 12 1 1 11 7 12 1 1 1 10 7 12 1 1 1 10 7 12 1 10 12 1 1 10 12 1 1 10 12 1 1 10 100 12 1 1 1 10 12 1 11 12 1 1 11 7 12 1 1 11 12 1 1 10 12 1 1 10 12 1 10 12 1 11 12 1 11 12 1 1 100 1 10 10 12 1 100 1 10 18 12 1 1 11 7 12 1 1 1 11 12 1 1 9 12 1 1 10 12 1 1 8 1 10 7 12 1 1 1 10 100 12 1 1 1 10 12 1 1 11 12 10 12 1 1 10 12 1 1 11 7 1 9 12 1 7 1 10 8 1 10 12 1 1 10 12 1 1 8 1 10 12 1 10 7 12 1 1 1 10 12 1 1 10 7 1 8 1 10 8 1 10 12 1 10 12 1 8 1 9 12 1 1 9 12 1 10 100 12 1 1 1 100 9 12 1 1 7 1 9 12 1 10 12 10 12 1 1 100 10 12 9 12 1 10 12 1 100 1 10 11 12 1 1 7 1 10 10 12 1 10 12 1 1 1 1 1 1 1 1 1 1 1 1 1 1 1 1 1 1 3 1 1 1 1 1 1 1 1 1 1 1 1 100 1 1 1 1 1 1 1 1 1 1 1 1 1 1 1 1 1 1 1 1 1 1 1 1 1 1 1 1 1 1 1 1 1 1 1 1 1 1 1 1 1 1 1 16 15 10 12 16 16 15 10 12 16 15 10 100 12 1 1 1 1 1 100 1 100 1 1
staticfield java/lang/ThreadGroup $assertionsDisabled Z 1
ciInstanceKlass java/lang/Thread$UncaughtExceptionHandler 1 0 16 100 1 100 1 1 1 1 1 1 1 1 100 1 1 1
ciInstanceKlass java/security/AccessControlContext 1 1 374 9 7 12 1 1 1 9 12 1 1 10 100 12 1 1 1 8 1 10 100 12 1 1 1 10 7 12 1 1 1 9 12 1 9 12 1 1 9 12 1 1 10 7 12 1 1 7 1 10 12 1 11 7 12 1 1 1 11 12 1 11 12 1 11 12 1 1 7 1 11 12 1 1 10 12 1 10 7 12 1 1 1 9 100 12 1 1 1 10 7 12 1 1 1 11 100 12 1 1 1 10 7 1 100 1 8 1 10 12 1 10 12 1 1 7 1 10 7 12 1 1 1 9 12 1 9 12 1 9 12 1 9 12 1 1 9 12 1 1 9 12 1 9 12 1 10 7 12 1 1 1 9 12 1 10 12 1 1 10 12 1 1 8 1 10 12 1 1 10 12 1 1 10 7 12 1 1 1 7 1 10 10 12 1 1 10 7 12 1 1 1 10 8 1 10 7 12 1 1 8 1 10 7 12 1 1 8 1 8 1 10 12 1 8 1 10 12 1 8 1 10 12 1 10 12 1 10 12 1 1 8 1 8 1 100 1 10 12 1 10 12 1 1 100 1 10 12 1 8 1 10 12 1 10 12 1 10 8 1 10 12 1 1 10 12 1 1 10 12 1 1 10 12 1 1 10 12 1 10 12 1 11 10 12 1 10 12 1 1 10 10 10 12 1 1 1 1 1 1 1 1 1 1 1 1 1 1 1 1 1 1 1 1 1 1 1 1 100 1 1 1 1 1 1 1 1 1 1 1 1 1 1 1 1 1 1 1 1 1 1 1 1 1 1 1 1 1 1 1 1 1 1 1 1 1 1 1 1 1 1 1 1 1 1 1 1 1 1 1 1 3 1 1
instanceKlass java/lang/ThreadBuilders$BoundVirtualThread
instanceKlass java/lang/VirtualThread
ciInstanceKlass java/lang/BaseVirtualThread 0 0 36 10 100 12 1 1 1 100 1 1 1 1 1 1 1 1 1 1 1 1 1 1 1 1 1 1 1 1 100 1 100 1 1 100 1 1
ciInstanceKlass java/lang/VirtualThread 0 0 907 9 7 12 1 1 1 10 7 12 1 1 1 10 100 12 1 1 1 10 7 12 1 1 1 9 12 1 1 9 12 1 1 100 1 10 12 1 9 12 1 1 18 12 1 1 9 12 1 1 10 12 1 1 100 1 10 12 1 10 12 1 1 10 12 1 1 10 12 1 1 10 12 1 10 7 12 1 10 12 1 10 12 1 10 12 1 10 12 1 11 100 12 1 1 1 100 1 10 12 1 1 10 100 12 1 1 1 10 100 12 1 1 1 10 12 1 100 1 10 10 12 1 10 12 1 1 9 12 1 1 10 12 1 1 9 12 1 1 10 12 1 9 12 1 1 9 12 1 100 1 10 10 12 1 10 100 12 1 1 10 9 10 10 12 1 1 10 12 1 1 10 100 12 1 1 10 100 1 10 9 10 10 12 1 7 1 10 12 1 1 10 12 1 10 12 1 10 12 1 1 9 12 1 10 12 1 10 12 1 9 12 1 1 10 12 1 10 12 1 9 12 1 1 10 12 1 10 12 1 10 12 1 11 100 12 1 1 10 12 1 1 10 12 1 1 10 12 1 1 9 12 1 10 100 1 10 12 1 1 10 12 1 1 10 12 1 10 12 1 10 12 1 10 12 9 12 1 1 10 100 12 1 1 10 12 1 10 12 1 1 10 100 12 1 1 10 12 1 100 1 8 1 10 12 1 10 12 1 1 10 12 1 10 12 1 10 100 12 1 1 10 12 1 10 12 1 1 10 12 1 10 12 1 1 10 7 12 1 1 10 12 1 1 10 12 1 1 100 1 10 10 12 1 7 1 9 12 1 1 10 7 12 1 1 10 9 12 1 1 18 9 100 12 1 1 1 11 100 12 1 1 1 11 100 1 11 12 10 12 1 10 12 1 1 10 12 1 100 1 10 10 12 1 10 12 1 1 10 12 1 1 10 12 1 10 12 1 10 12 1 9 12 1 1 11 100 12 1 1 10 12 9 100 12 1 1 1 9 12 1 10 12 1 1 9 12 1 9 12 1 9 12 1 7 1 10 10 12 1 1 10 12 1 10 12 7 1 7 1 10 8 1 10 12 1 1 10 12 1 10 12 1 10 10 12 1 8 1 10 10 12 1 10 12 1 10 7 12 1 1 8 1 8 1 10 9 100 12 1 1 1 10 12 1 1 10 12 1 10 10 10 12 9 12 1 10 12 1 1 9 12 1 10 12 1 1 9 12 1 10 12 1 1 18 12 1 1 18 12 1 10 7 12 1 1 1 8 1 10 100 12 1 1 1 10 7 12 1 1 1 18 12 1 10 100 12 1 1 1 100 1 10 12 1 8 1 10 12 1 8 1 10 12 1 1 8 1 8 1 10 100 12 1 1 8 1 10 12 1 8 1 8 1 10 100 12 1 1 1 10 12 1 10 12 1 1 10 12 1 18 12 1 1 18 12 1 1 5 0 9 12 1 10 12 1 18 12 1 100 1 10 12 10 7 12 1 1 10 12 1 1 7 1 8 1 10 10 12 1 10 12 1 1 10 12 1 9 12 1 8 10 12 1 1 8 8 9 12 1 8 10 12 1 1 3 1 3 1 3 1 3 1 3 1 3 1 3 1 3 1 3 1 3 1 3 1 3 3 1 3 1 1 1 1 1 1 1 1 1 1 1 1 1 1 7 1 1 1 1 1 1 1 1 1 1 1 1 1 1 7 1 1 1 1 1 1 1 1 1 1 1 7 1 1 1 1 1 1 1 1 1 1 1 1 1 1 1 1 1 1 1 1 1 1 1 1 1 1 1 1 1 1 1 1 1 1 1 1 1 1 1 100 1 1 1 1 1 1 1 1 1 1 1 1 1 1 1 1 1 1 1 1 1 1 1 1 1 1 1 1 1 1 1 1 1 1 1 100 1 1 1 1 1 1 1 1 1 1 1 1 1 1 100 1 1 16 15 10 12 15 16 15 10 12 16 15 10 12 16 16 15 10 12 16 15 10 12 16 15 10 12 16 15 10 12 16 1 15 10 100 12 1 1 1 1 1 1 1 7 1 1 100 1 100 1 1
ciInstanceKlass java/lang/ThreadBuilders$BoundVirtualThread 0 0 132 10 7 12 1 1 1 9 7 12 1 1 1 10 7 12 1 1 1 9 12 1 1 10 12 1 1 10 12 1 1 9 12 1 1 10 7 12 1 1 1 10 12 1 1 7 1 8 1 10 12 1 10 12 1 1 10 12 1 1 10 12 1 1 10 7 12 1 1 1 8 1 10 12 1 8 1 10 12 1 1 10 100 12 1 1 9 100 12 1 1 1 10 12 1 1 10 10 12 1 1 1 1 1 1 1 1 1 1 1 1 1 1 1 1 1 1 1 1 1 1 1 1 1 1 1 1 100 1 1 1 1
ciInstanceKlass jdk/internal/vm/ContinuationScope 0 0 50 10 100 12 1 1 1 10 100 12 1 1 1 100 1 9 100 12 1 1 1 10 12 1 1 10 100 12 1 1 1 10 12 1 1 10 12 1 1 1 1 1 1 1 1 1 1 1 1 1
ciInstanceKlass jdk/internal/vm/StackChunk 0 0 32 10 100 12 1 1 1 9 100 12 1 1 1 9 12 1 1 9 12 1 1 1 1 1 1 1 1 1 1 1 1 1
ciInstanceKlass java/lang/Float 1 1 279 7 1 7 1 10 100 12 1 1 1 10 100 12 1 1 1 4 7 1 10 12 1 1 10 12 1 1 8 1 8 1 10 7 12 1 1 1 10 12 1 1 10 12 1 1 10 100 1 4 10 7 12 1 1 9 12 1 1 10 12 1 1 10 12 1 10 10 12 1 1 10 12 1 10 12 1 3 3 100 1 4 4 4 3 10 12 1 1 9 12 1 1 100 1 10 3 3 4 4 10 12 1 3 3 3 10 12 1 1 10 12 1 1 10 12 1 10 100 12 1 1 1 10 12 1 1 10 12 1 1 10 7 12 1 1 1 8 1 10 12 1 1 9 12 1 1 7 1 7 1 7 1 1 1 1 4 1 4 1 1 1 4 1 1 3 1 3 1 3 1 3 1 3 1 1 1 1 5 0 1 1 1 1 1 1 1 1 1 1 100 1 1 1 1 1 1 1 1 1 1 1 1 1 3 1 1 1 1 1 1 1 1 1 1 1 1 1 1 1 1 1 1 1 1 1 1 1 1 1 1 1 1 1 1 1 1 1 1 1 1 1 1 1 1 1 1 1 1 1 1 1 1 1 1 1 1 1 1 1 1 1 1 1 1 1 7 1 1 1 1 1 1 1 100 1 100 1 1
staticfield java/lang/Float TYPE Ljava/lang/Class; java/lang/Class
staticfield java/lang/Float $assertionsDisabled Z 1
ciInstanceKlass java/lang/Double 1 1 290 7 1 7 1 10 7 12 1 1 1 10 12 1 1 10 7 1 10 12 1 1 10 100 12 1 1 1 6 0 8 1 10 12 1 1 8 1 10 12 1 1 8 1 6 0 10 12 1 1 100 1 5 0 5 0 8 1 8 1 10 7 12 1 1 1 10 7 12 1 1 1 8 1 10 12 1 1 8 1 8 1 8 1 10 12 1 1 10 12 1 10 12 1 1 10 12 1 10 12 1 10 12 1 1 10 12 1 10 7 1 6 0 10 7 12 1 1 9 12 1 1 10 12 1 10 12 1 10 12 1 10 12 1 10 12 1 5 0 10 12 1 1 10 12 1 10 12 1 10 100 12 1 1 1 10 12 1 1 10 12 1 1 8 1 10 7 12 1 1 1 9 12 1 1 7 1 7 1 7 1 1 1 6 0 1 6 0 1 6 0 1 1 1 6 0 1 1 3 1 3 1 3 1 3 1 3 1 1 1 1 5 0 1 1 1 1 1 1 1 1 1 1 1 1 1 1 1 1 100 1 1 1 1 1 1 1 1 1 1 1 1 3 1 1 1 1 1 1 1 1 1 1 1 1 1 1 1 1 1 1 1 1 1 1 1 1 1 1 1 1 1 1 1 1 1 1 7 1 1 1 1 1 1 1 100 1 100 1 1
staticfield java/lang/Double TYPE Ljava/lang/Class; java/lang/Class
ciInstanceKlass java/lang/Byte 1 1 213 7 1 100 1 10 7 12 1 1 1 9 12 1 1 8 1 9 12 1 1 7 1 10 12 1 1 10 12 1 1 10 100 12 1 1 1 10 100 12 1 1 1 9 7 12 1 1 1 10 12 1 1 100 1 7 1 10 12 1 1 8 1 10 12 1 1 8 1 10 12 1 10 12 1 10 12 1 10 12 1 1 10 12 1 10 12 1 10 12 1 1 10 8 1 8 1 10 7 1 9 12 1 1 10 12 1 1 10 12 1 1 10 12 1 1 10 12 1 5 0 10 12 1 1 8 1 10 7 12 1 1 1 9 12 1 1 7 1 7 1 1 1 3 1 3 1 1 1 1 3 1 3 1 1 5 0 1 1 1 1 1 1 1 1 1 1 1 1 1 1 1 1 1 1 1 1 1 1 1 1 1 1 1 1 1 1 1 1 1 1 1 1 1 1 1 1 1 1 1 1 1 1 1 1 1 1 1 1 1 1 1 1
staticfield java/lang/Byte TYPE Ljava/lang/Class; java/lang/Class
ciInstanceKlass java/lang/Short 1 1 222 7 1 7 1 100 1 10 7 12 1 1 1 10 12 1 1 100 1 7 1 10 12 1 1 8 1 10 12 1 1 8 1 10 12 1 10 12 1 10 12 1 10 12 1 1 10 12 1 1 10 12 1 9 12 1 1 8 1 9 12 1 1 7 1 10 12 1 1 10 12 1 10 100 12 1 1 1 10 100 12 1 1 1 9 7 12 1 1 1 10 12 1 10 12 1 1 10 8 1 8 1 10 7 1 9 12 1 1 10 12 1 1 10 12 1 1 10 12 1 1 10 12 1 3 3 5 0 10 12 1 1 8 1 10 7 12 1 1 1 9 12 1 1 7 1 7 1 1 1 3 1 3 1 1 1 1 3 1 3 1 1 5 0 1 1 1 1 1 1 1 1 1 1 1 1 1 1 1 1 1 1 1 1 1 1 1 1 1 1 1 3 1 1 1 1 1 1 1 1 1 1 1 1 1 1 1 1 1 1 1 1 1 1 1 1 1 1 1 1 1 1
staticfield java/lang/Short TYPE Ljava/lang/Class; java/lang/Class
ciInstanceKlass java/lang/Long 1 1 524 7 1 7 1 7 1 7 1 10 12 1 1 9 12 1 1 9 7 12 1 1 1 10 100 12 1 1 1 10 12 1 1 10 100 12 1 1 1 10 10 12 10 12 1 10 12 1 10 12 1 5 0 5 0 7 1 10 12 1 1 10 12 1 1 10 12 1 10 12 1 10 12 1 10 12 1 1 10 100 12 1 1 10 12 1 10 12 1 1 10 12 1 1 10 12 1 1 10 12 1 1 10 7 12 1 1 1 10 12 1 1 10 12 1 10 12 1 10 12 1 10 12 1 1 10 10 12 1 5 0 5 0 9 12 1 1 9 12 1 5 0 7 1 8 1 10 12 1 8 1 10 12 1 8 1 8 1 10 12 1 1 5 0 10 12 1 1 5 0 10 12 1 1 10 12 1 1 10 100 12 1 1 1 11 7 1 10 12 1 1 11 10 12 1 1 8 1 10 12 1 1 8 1 7 1 10 12 1 1 10 12 1 8 1 8 1 11 12 1 1 10 12 1 10 12 1 10 12 1 5 0 5 0 9 7 12 1 1 1 10 12 1 10 12 1 1 8 1 8 1 10 12 1 1 8 1 8 1 8 1 8 1 8 1 8 1 10 12 1 10 7 1 9 12 1 1 10 12 1 10 12 1 1 10 12 1 1 10 7 12 1 1 1 100 1 100 1 10 12 1 1 10 12 1 1 5 0 10 12 1 10 12 1 5 0 5 0 5 0 10 12 1 1 10 12 1 5 0 5 0 10 12 1 10 12 1 10 100 12 1 1 1 10 12 1 1 10 12 1 1 8 1 10 7 12 1 1 1 9 12 1 1 7 1 7 1 7 1 1 1 1 5 0 1 1 1 1 3 1 3 1 5 0 1 1 1 1 1 1 1 1 1 100 1 1 1 1 1 1 1 1 1 1 1 1 1 1 1 1 1 1 1 1 1 1 1 1 1 1 1 1 1 1 1 1 1 1 1 1 1 1 1 1 1 1 1 1 1 1 1 1 1 1 1 1 1 1 1 3 1 1 1 1 1 1 1 1 1 1 1 1 1 1 1 7 1 1 1 1 1 1 1 1 1 1 1 1 1 1 1 1 1 1 1 1 1 1 1 1 1 1 1 1 1 1 1 1 1 1 1 1 1 1 1 1 1 1 1 7 1 1 1 1 1 1 1 1 1 100 1 100 1 1
staticfield java/lang/Long TYPE Ljava/lang/Class; java/lang/Class
ciInstanceKlass jdk/internal/vm/vector/VectorSupport 0 0 573 100 1 10 100 12 1 1 1 9 12 1 1 10 12 1 1 100 1 10 12 1 11 100 12 1 1 1 11 100 12 1 1 1 11 100 12 1 1 11 100 12 1 1 11 100 12 1 1 1 11 100 12 1 1 11 100 12 1 1 11 100 12 1 1 11 100 12 1 1 11 100 12 1 1 11 100 12 1 1 11 100 12 1 1 1 11 100 12 1 1 11 100 12 1 1 1 11 100 12 1 1 1 11 100 12 1 1 11 100 12 1 1 1 11 100 12 1 1 100 1 10 12 1 1 11 100 12 1 1 11 100 12 1 1 11 100 12 1 1 11 100 12 1 1 11 100 12 1 1 11 100 12 1 1 9 12 1 1 10 100 12 1 1 11 100 12 1 1 10 12 1 1 10 100 12 1 1 1 10 12 1 10 12 1 1 10 12 1 1 1 1 1 3 1 3 1 3 1 3 1 3 1 3 1 3 1 3 1 3 1 3 1 3 1 3 1 3 1 3 1 3 1 3 1 3 1 3 1 3 1 3 1 3 1 3 1 3 1 3 1 3 1 3 1 3 1 3 1 3 1 3 1 3 1 3 1 3 1 3 1 3 1 3 1 3 1 3 1 3 1 3 1 3 1 3 1 3 1 3 1 3 1 3 1 3 1 3 1 3 1 3 1 3 1 3 1 3 1 1 1 1 1 1 1 1 1 1 1 1 1 1 1 1 1 1 1 1 1 1 1 1 1 1 1 1 1 1 1 1 1 1 1 1 1 1 1 1 1 1 1 1 1 1 1 1 1 1 1 1 1 1 1 1 1 1 1 1 1 1 1 1 1 1 1 1 1 1 1 1 1 1 1 1 1 1 1 1 1 1 1 1 1 1 1 1 1 1 1 1 1 1 1 1 1 1 1 1 1 1 1 1 1 1 1 1 1 1 1 1 1 1 1 1 1 1 1 1 1 1 1 1 1 1 1 1 1 1 1 1 1 1 1 1 1 1 1 1 1 1 1 1 1 1 1 1 1 1 1 1 1 1 1 1 1 1 1 1 1 1 1 1 1 1 1 1 1 1 1 1 1 1 1 1 1 1 1 1 1 1 1 1 1 1 1 1 1 1 1 1 1 1 1 1 1 1 1 1 1 1 1 1 1 1 1 1 1 1 1 1 1 1 1 1 1 1 1 1 1 1 1 1 1 1 1 1 1 1 1 1 1 1 1 100 1 100 1 100 1 100 1 100 1 1 1 1 1 1 1 1 1 1 1 1 1 1 1 1 1 1 1 1 1 1 1 1 1 1 1 1 1 1 1
instanceKlass jdk/internal/vm/vector/VectorSupport$VectorShuffle
instanceKlass jdk/internal/vm/vector/VectorSupport$VectorMask
instanceKlass jdk/internal/vm/vector/VectorSupport$Vector
ciInstanceKlass jdk/internal/vm/vector/VectorSupport$VectorPayload 0 0 32 10 100 12 1 1 1 9 100 12 1 1 1 10 100 12 1 1 1 1 1 1 1 1 1 1 1 1 1 1 1 1
ciInstanceKlass jdk/internal/vm/vector/VectorSupport$Vector 0 0 28 10 100 12 1 1 1 100 1 1 1 1 1 1 1 1 1 1 1 1 1 1 1 100 1 1 1 1
ciInstanceKlass jdk/internal/vm/vector/VectorSupport$VectorMask 0 0 28 10 100 12 1 1 1 100 1 1 1 1 1 1 1 1 1 1 1 1 1 1 1 100 1 1 1 1
ciInstanceKlass jdk/internal/vm/vector/VectorSupport$VectorShuffle 0 0 28 10 100 12 1 1 1 100 1 1 1 1 1 1 1 1 1 1 1 1 1 1 1 100 1 1 1 1
ciInstanceKlass jdk/internal/vm/FillerObject 0 0 16 10 100 12 1 1 1 100 1 1 1 1 1 1 1 1
instanceKlass java/lang/ref/PhantomReference
instanceKlass java/lang/ref/FinalReference
instanceKlass java/lang/ref/WeakReference
instanceKlass java/lang/ref/SoftReference
ciInstanceKlass java/lang/ref/Reference 1 1 190 9 7 12 1 1 1 9 7 12 1 1 10 12 1 1 10 12 1 1 9 12 1 1 10 12 1 1 9 12 1 1 9 12 1 1 7 1 10 12 1 10 7 12 1 1 10 12 1 10 12 1 1 10 12 1 7 1 8 1 10 12 1 1 7 1 10 12 1 1 10 12 1 1 10 12 1 9 12 1 10 12 1 1 10 12 1 10 12 1 9 12 1 7 1 100 1 10 12 9 12 1 9 12 1 100 1 10 10 12 1 10 10 7 12 1 1 7 1 10 10 7 12 1 1 1 1 1 1 1 1 1 1 1 1 1 1 1 1 1 1 1 7 1 1 1 100 1 1 1 1 1 1 1 1 1 1 1 1 1 1 1 1 1 1 1 1 1 1 1 1 1 1 1 1 1 1 1 1 1 1 1 7 1 7 1 7 1 1 1
staticfield java/lang/ref/Reference processPendingLock Ljava/lang/Object; java/lang/Object
staticfield java/lang/ref/Reference $assertionsDisabled Z 1
instanceKlass sun/util/locale/provider/LocaleResources$ResourceReference
instanceKlass sun/util/resources/Bundles$BundleReference
instanceKlass com/sun/beans/util/Cache$Kind$Soft
instanceKlass java/io/ClassCache$CacheRef
instanceKlass sun/util/locale/LocaleObjectCache$CacheEntry
instanceKlass java/lang/invoke/LambdaFormEditor$Transform
ciInstanceKlass java/lang/ref/SoftReference 1 1 47 10 7 12 1 1 1 9 7 12 1 1 1 9 12 1 10 12 1 10 12 1 1 1 1 1 1 1 1 1 1 1 1 1 1 1 1 1 1 1 1 100 1 1 1 1 1
instanceKlass sun/nio/ch/FileLockTable$FileLockReference
instanceKlass java/util/concurrent/ArrayBlockingQueue$Itrs$Node
instanceKlass java/beans/WeakIdentityMap$Entry
instanceKlass sun/rmi/transport/WeakRef
instanceKlass java/util/logging/LogManager$LoggerWeakRef
instanceKlass java/util/logging/Level$KnownLevel
instanceKlass java/lang/WeakPairMap$WeakRefPeer
instanceKlass com/sun/jmx/mbeanserver/WeakIdentityHashMap$IdentityWeakReference
instanceKlass java/lang/ClassValue$Entry
instanceKlass java/lang/ThreadLocal$ThreadLocalMap$Entry
instanceKlass java/lang/invoke/MethodType$ConcurrentWeakInternSet$WeakEntry
instanceKlass java/util/WeakHashMap$Entry
ciInstanceKlass java/lang/ref/WeakReference 1 1 31 10 7 12 1 1 1 10 12 1 100 1 1 1 1 1 1 1 1 1 1 1 1 1 1 1 1 1 1 1 1
instanceKlass java/lang/ref/Finalizer
ciInstanceKlass java/lang/ref/FinalReference 1 1 50 10 7 12 1 1 1 10 7 12 1 1 1 10 12 1 1 7 1 8 1 10 12 1 1 1 1 1 1 1 1 1 1 1 1 1 1 1 1 1 1 1 1 1 1 1 1 1 7 1
instanceKlass jdk/internal/ref/PhantomCleanable
instanceKlass jdk/internal/ref/Cleaner
ciInstanceKlass java/lang/ref/PhantomReference 1 1 39 10 100 12 1 1 1 10 7 12 1 1 1 1 1 1 1 1 1 1 1 1 1 1 1 1 1 1 1 1 1 1 1 1 1 1 1 1 1
ciInstanceKlass java/lang/ref/Finalizer 1 1 155 9 7 12 1 1 1 10 7 12 1 1 1 9 12 1 1 9 12 1 1 9 12 1 9 12 1 9 12 1 1 10 12 1 7 1 8 1 10 12 1 10 12 1 1 9 12 1 100 1 10 12 1 7 1 11 100 12 1 1 10 12 1 7 1 10 12 1 100 1 10 12 1 10 7 12 1 1 1 10 100 12 1 1 1 100 1 10 10 12 1 7 1 10 12 1 7 1 10 12 1 1 10 12 1 1 10 12 1 10 7 12 1 1 1 7 1 10 7 1 10 10 12 1 1 1 1 1 1 1 1 1 1 1 1 1 1 1 1 1 1 1 1 1 1 1 1 1 1 1 1 1 1 1 1
staticfield java/lang/ref/Finalizer lock Ljava/lang/Object; java/lang/Object
staticfield java/lang/ref/Finalizer ENABLED Z 1
staticfield java/lang/ref/Finalizer $assertionsDisabled Z 1
instanceKlass org/apache/kafka/common/network/Selector$CloseMode
instanceKlass org/apache/kafka/storage/internals/log/FetchIsolation
instanceKlass org/apache/kafka/common/IsolationLevel
instanceKlass org/apache/kafka/storage/internals/log/LeaderHwChange
instanceKlass org/apache/kafka/storage/internals/log/AppendOrigin
instanceKlass org/apache/kafka/common/resource/ResourceType
instanceKlass org/apache/kafka/common/acl/AclOperation
instanceKlass org/apache/kafka/common/network/KafkaChannel$ChannelMuteEvent
instanceKlass org/apache/kafka/common/ElectionType
instanceKlass org/apache/kafka/common/network/ChannelState$State
instanceKlass org/apache/kafka/common/network/KafkaChannel$ChannelMuteState
instanceKlass org/apache/kafka/clients/ConnectionState
instanceKlass org/apache/kafka/metadata/LeaderRecoveryState
instanceKlass org/apache/kafka/common/requests/AbstractControlRequest$Type
instanceKlass org/apache/zookeeper/AddWatchMode
instanceKlass org/apache/zookeeper/Op$OpKind
instanceKlass com/fasterxml/jackson/annotation/JsonFormat$Feature
instanceKlass com/fasterxml/jackson/annotation/JsonProperty$Access
instanceKlass com/fasterxml/jackson/databind/AnnotationIntrospector$ReferenceProperty$Type
instanceKlass com/fasterxml/jackson/annotation/PropertyAccessor
instanceKlass com/fasterxml/jackson/core/StreamWriteCapability
instanceKlass org/apache/kafka/common/protocol/Errors
instanceKlass org/apache/kafka/common/message/ApiMessageType
instanceKlass org/apache/kafka/common/protocol/ApiKeys
instanceKlass org/apache/kafka/common/message/ApiMessageType$ListenerType
instanceKlass org/apache/kafka/clients/NetworkClient$State
instanceKlass org/apache/kafka/common/network/Mode
instanceKlass org/apache/kafka/common/security/JaasContext$Type
instanceKlass org/apache/kafka/common/security/scram/internals/ScramMechanism
instanceKlass java/nio/file/StandardCopyOption
instanceKlass org/apache/kafka/common/utils/AbstractIterator$State
instanceKlass org/apache/kafka/storage/internals/log/AbstractIndex$SearchResultType
instanceKlass org/apache/kafka/storage/internals/log/IndexSearchType
instanceKlass java/lang/invoke/MethodHandleImpl$ArrayAccess
instanceKlass org/apache/kafka/storage/internals/log/LazyIndex$IndexType
instanceKlass org/apache/kafka/clients/admin/ConfigEntry$ConfigSource
instanceKlass org/apache/kafka/common/requests/DescribeConfigsResponse$ConfigSource
instanceKlass org/apache/kafka/common/config/ConfigResource$Type
instanceKlass org/apache/kafka/common/record/TimestampType
instanceKlass org/apache/kafka/server/quota/ClientQuotaType
instanceKlass org/apache/kafka/metadata/properties/MetaPropertiesVersion
instanceKlass com/fasterxml/jackson/databind/node/JsonNodeType
instanceKlass com/fasterxml/jackson/core/JsonToken
instanceKlass com/fasterxml/jackson/core/StreamReadCapability
instanceKlass com/fasterxml/jackson/core/JsonEncoding
instanceKlass com/fasterxml/jackson/core/JsonParser$NumberType
instanceKlass com/fasterxml/jackson/databind/DeserializationFeature
instanceKlass com/fasterxml/jackson/databind/cfg/JsonNodeFeature
instanceKlass com/fasterxml/jackson/databind/cfg/EnumFeature
instanceKlass com/fasterxml/jackson/databind/SerializationFeature
instanceKlass com/fasterxml/jackson/core/util/Separators$Spacing
instanceKlass com/fasterxml/jackson/databind/MapperFeature
instanceKlass com/fasterxml/jackson/annotation/JsonFormat$Shape
instanceKlass com/fasterxml/jackson/databind/cfg/CoercionInputShape
instanceKlass com/fasterxml/jackson/databind/cfg/CoercionAction
instanceKlass com/fasterxml/jackson/databind/type/LogicalType
instanceKlass com/fasterxml/jackson/annotation/JsonAutoDetect$Visibility
instanceKlass com/fasterxml/jackson/annotation/Nulls
instanceKlass com/fasterxml/jackson/annotation/JsonInclude$Include
instanceKlass com/fasterxml/jackson/core/JsonGenerator$Feature
instanceKlass com/fasterxml/jackson/core/JsonParser$Feature
instanceKlass com/fasterxml/jackson/core/JsonFactory$Feature
instanceKlass com/fasterxml/jackson/core/Base64Variant$PaddingReadBehaviour
instanceKlass com/fasterxml/jackson/databind/util/internal/PrivateMaxEntriesMap$DrainStatus
instanceKlass org/apache/zookeeper/KeeperException$Code
instanceKlass org/apache/zookeeper/server/EphemeralType
instanceKlass org/apache/zookeeper/CreateMode
instanceKlass org/apache/kafka/common/resource/PatternType
instanceKlass com/yammer/metrics/core/Histogram$SampleType
instanceKlass org/apache/zookeeper/Watcher$WatcherType
instanceKlass org/apache/zookeeper/Watcher$Event$EventType
instanceKlass org/apache/zookeeper/ZooKeeper$States
instanceKlass org/apache/zookeeper/Watcher$Event$KeeperState
instanceKlass org/apache/kafka/metadata/BrokerState
instanceKlass org/apache/kafka/metadata/properties/MetaPropertiesEnsemble$VerificationFlag
instanceKlass org/apache/kafka/common/record/RecordVersion
instanceKlass java/util/stream/MatchOps$MatchKind
instanceKlass org/apache/kafka/server/record/BrokerCompressionType
instanceKlass org/apache/kafka/common/config/ConfigDef$Width
instanceKlass org/apache/kafka/common/config/ConfigDef$Type
instanceKlass org/apache/kafka/common/config/ConfigDef$Importance
instanceKlass org/apache/kafka/common/config/SslClientAuth
instanceKlass org/apache/kafka/common/metrics/Sensor$RecordingLevel
instanceKlass org/apache/kafka/common/record/CompressionType
instanceKlass org/apache/kafka/coordinator/group/Group$GroupType
instanceKlass org/apache/kafka/server/common/MetadataVersion
instanceKlass org/apache/kafka/common/security/auth/SecurityProtocol
instanceKlass java/math/RoundingMode
instanceKlass sun/util/locale/provider/LocaleProviderAdapter$Type
instanceKlass com/sun/beans/introspect/PropertyInfo$Name
instanceKlass com/sun/beans/util/Cache$Kind
instanceKlass java/net/StandardProtocolFamily
instanceKlass jdk/internal/util/OperatingSystem
instanceKlass java/security/DrbgParameters$Capability
instanceKlass sun/security/util/KnownOIDs
instanceKlass java/lang/StackWalker$Option
instanceKlass java/io/ObjectInputFilter$Status
instanceKlass com/sun/management/VMOption$Origin
instanceKlass com/sun/management/HotSpotDiagnosticMXBean$ThreadDumpFormat
instanceKlass java/util/Locale$Category
instanceKlass java/util/regex/Pattern$Qtype
instanceKlass java/lang/management/MemoryType
instanceKlass java/lang/reflect/ProxyGenerator$PrimitiveTypeInfo
instanceKlass java/lang/annotation/RetentionPolicy
instanceKlass java/lang/annotation/ElementType
instanceKlass sun/util/logging/PlatformLogger$Level
instanceKlass java/lang/System$Logger$Level
instanceKlass jdk/internal/logger/BootstrapLogger$LoggingBackend
instanceKlass java/util/zip/ZipCoder$Comparison
instanceKlass java/nio/file/LinkOption
instanceKlass sun/nio/fs/WindowsPathType
instanceKlass java/nio/file/StandardOpenOption
instanceKlass java/util/stream/Collector$Characteristics
instanceKlass java/util/concurrent/TimeUnit
instanceKlass java/util/stream/StreamShape
instanceKlass java/lang/invoke/MethodHandles$Lookup$ClassOption
instanceKlass java/lang/invoke/VarHandle$AccessType
instanceKlass java/lang/invoke/VarHandle$AccessMode
instanceKlass java/lang/invoke/MethodHandleImpl$Intrinsic
instanceKlass java/lang/invoke/LambdaForm$BasicType
instanceKlass java/lang/invoke/LambdaForm$Kind
instanceKlass sun/invoke/util/Wrapper
instanceKlass java/util/stream/StreamOpFlag$Type
instanceKlass java/util/stream/StreamOpFlag
instanceKlass java/io/File$PathStatus
instanceKlass java/lang/module/ModuleDescriptor$Requires$Modifier
instanceKlass java/lang/reflect/AccessFlag$Location
instanceKlass java/lang/reflect/AccessFlag
instanceKlass java/lang/module/ModuleDescriptor$Modifier
instanceKlass java/lang/reflect/ClassFileFormatVersion
instanceKlass java/lang/Thread$State
ciInstanceKlass java/lang/Enum 1 1 204 9 7 12 1 1 1 9 12 1 1 10 7 12 1 1 1 9 12 1 10 7 12 1 1 1 100 1 10 10 12 1 1 10 12 1 7 1 10 10 7 12 1 1 10 12 1 1 18 12 1 1 10 100 12 1 1 1 10 12 1 1 11 7 12 1 1 1 100 1 8 1 10 12 1 100 1 7 1 10 8 1 10 12 1 1 10 12 1 1 8 1 10 12 1 10 100 1 8 1 10 10 12 1 1 10 100 12 1 1 1 7 1 7 1 7 1 1 1 1 1 1 1 1 1 1 1 1 1 1 1 1 1 1 1 1 1 1 1 1 1 1 1 1 1 1 1 1 1 1 1 1 1 1 1 1 1 1 1 1 1 1 1 3 1 1 1 1 100 1 7 1 1 100 1 1 1 1 1 1 1 1 1 1 1 16 15 10 12 16 15 10 100 12 1 1 1 1 1 100 1 100 1 1
ciInstanceKlass java/lang/reflect/Method 1 1 472 9 7 12 1 1 1 10 7 12 1 1 1 10 7 12 1 1 9 12 1 1 10 12 1 1 10 12 1 1 10 7 12 1 1 10 7 12 1 1 1 9 12 1 1 9 12 1 9 12 1 1 9 12 1 9 12 1 9 12 1 1 9 12 1 9 12 1 1 9 12 1 9 12 1 9 12 1 1 100 1 8 1 10 12 1 10 12 1 9 12 1 1 8 1 10 7 12 1 1 10 7 12 1 1 1 10 12 1 1 10 12 1 1 10 12 1 10 12 1 1 10 12 1 1 9 7 12 1 1 1 10 12 1 1 10 12 10 7 12 1 1 10 12 1 1 10 12 1 10 12 1 10 12 1 10 7 12 1 1 1 10 12 1 1 10 7 1 10 7 12 1 1 1 10 7 12 1 1 10 12 1 1 10 12 1 1 10 12 1 10 7 12 1 1 1 10 12 1 10 8 1 10 12 1 10 12 1 7 1 8 1 8 1 8 1 10 12 1 10 12 1 1 10 12 1 1 10 10 12 1 1 10 12 1 11 7 1 10 12 1 9 12 1 1 10 12 1 1 10 12 1 10 12 1 1 10 12 1 1 11 7 12 1 1 1 11 12 1 9 12 1 1 10 12 1 10 12 1 10 12 1 10 12 1 10 12 1 10 12 1 9 12 1 1 10 7 12 1 1 1 10 7 12 1 1 10 12 1 1 10 7 12 1 1 1 10 7 12 1 1 1 10 7 12 1 1 1 11 7 12 1 1 1 10 7 12 1 1 1 7 1 100 1 100 1 10 12 1 10 12 1 1 10 12 1 100 1 8 1 10 12 1 10 10 12 1 1 10 12 1 1 10 12 1 1 10 12 1 1 8 1 10 12 1 1 1 1 1 1 1 1 1 1 1 1 1 1 1 1 1 1 1 1 1 1 1 1 1 1 1 1 1 1 1 1 1 1 1 1 1 1 1 1 1 1 1 1 1 1 1 1 1 1 1 1 1 100 1 100 1 100 1 1 1 1 1 1 1 1 1 1 1 1 1 1 1 1 1 1 1 1 1 1 1 1 1 1 1 1 1 1
ciInstanceKlass java/lang/reflect/Field 1 1 457 9 7 12 1 1 1 10 12 1 1 10 100 12 1 1 1 10 100 12 1 1 9 12 1 1 10 12 1 1 10 12 1 1 10 100 12 1 1 10 7 12 1 1 1 9 12 1 1 9 12 1 9 12 1 9 12 1 1 9 12 1 1 9 12 1 9 12 1 1 9 12 1 1 100 1 8 1 10 12 1 10 12 1 9 12 1 1 9 12 1 10 12 1 10 7 12 1 1 10 12 1 1 10 12 1 1 10 12 1 10 12 1 1 9 100 12 1 1 1 10 100 12 1 1 1 7 1 10 12 1 1 10 12 1 1 10 12 1 1 10 12 1 10 12 1 10 7 1 10 7 12 1 1 7 1 10 8 1 10 12 1 1 10 12 1 1 8 1 10 12 10 12 1 8 1 8 1 10 11 7 1 9 12 1 10 12 1 1 10 12 1 1 11 7 12 1 1 1 10 12 1 11 12 1 1 11 12 1 1 11 12 1 1 11 12 1 1 11 12 1 1 11 12 1 1 11 12 1 1 11 12 1 1 11 12 1 1 11 12 1 1 11 12 1 1 11 12 1 1 11 12 1 1 11 12 1 1 11 12 1 1 11 12 1 1 11 12 1 1 10 12 1 10 7 12 1 1 10 12 1 10 12 1 10 12 1 9 12 1 1 10 7 12 1 1 1 10 12 1 1 10 12 1 10 100 12 1 1 10 12 1 1 11 7 1 10 12 1 7 1 10 100 12 1 1 1 10 7 12 1 1 1 9 12 1 10 7 12 1 1 1 11 7 12 1 1 1 10 12 1 1 10 12 1 1 9 100 12 1 1 10 100 12 1 1 1 10 12 1 1 7 1 1 1 1 1 1 1 1 1 1 1 1 1 1 1 1 1 1 1 1 1 1 1 1 1 1 1 1 1 1 1 1 1 1 1 1 1 1 1 100 1 1 1 1 1 1 1 1 1 1 1 1 1 1 1 1 1 1 1 1 1 1 1 1 1 1 1 1 1 1 1 1 7 1 1 1 1 1 1 1 1 1 100 1 1
ciInstanceKlass java/lang/reflect/Parameter 0 0 243 10 7 12 1 1 1 9 7 12 1 1 1 9 12 1 1 9 12 1 1 9 12 1 10 12 1 1 10 12 1 1 10 7 12 1 1 1 7 1 10 10 12 1 1 11 7 12 1 1 1 10 12 1 10 100 12 1 1 1 10 12 1 1 10 12 1 10 12 1 8 1 8 1 10 7 12 1 1 1 10 12 1 10 12 9 100 12 1 1 1 10 100 12 1 1 1 10 12 1 8 1 10 12 1 9 12 1 1 10 12 1 1 9 12 1 1 10 12 1 1 10 12 1 1 10 12 1 1 10 12 1 10 10 12 1 10 100 12 1 1 1 10 12 1 1 11 7 12 1 1 10 7 12 1 1 7 1 10 100 12 1 1 1 10 12 1 1 10 12 1 1 10 12 1 1 10 12 1 1 9 12 1 100 1 10 11 12 1 1 11 12 1 1 7 1 1 1 1 1 1 1 1 1 1 1 1 1 1 1 1 1 1 1 1 1 1 1 1 1 1 1 1 1 1 1 1 1 1 1 1 1 1 1 1 1 100 1 1 1 1 1 1
ciInstanceKlass java/lang/reflect/RecordComponent 0 0 196 10 7 12 1 1 1 9 7 12 1 1 1 9 12 1 1 9 12 1 10 12 1 1 10 12 1 1 10 100 12 1 1 1 10 12 1 1 9 12 1 1 10 12 1 1 10 12 1 1 10 12 1 10 100 12 1 1 10 100 12 1 1 9 12 1 1 10 100 12 1 1 1 11 100 12 1 1 1 10 9 100 12 1 1 1 10 100 12 1 1 1 9 12 1 1 10 100 12 1 1 1 10 12 1 1 11 7 12 1 1 10 7 12 1 1 7 1 9 12 1 9 12 1 1 9 12 1 10 100 12 1 1 1 10 12 1 1 10 12 1 1 7 1 10 10 12 1 10 12 1 1 8 1 10 12 1 10 12 1 9 12 1 7 1 1 1 1 1 1 1 1 1 1 1 1 1 1 1 1 1 1 1 1 1 1 7 1 1 1 1 1 1 100 1 1
ciInstanceKlass java/lang/StringBuffer 1 1 483 10 7 12 1 1 1 10 12 1 10 12 1 10 12 1 1 9 7 12 1 1 1 10 12 1 1 10 12 1 10 12 1 1 9 12 1 1 10 12 1 10 12 1 1 10 12 1 1 10 12 1 10 12 1 1 10 12 1 10 12 1 1 10 12 1 1 10 7 12 1 1 1 10 12 1 1 10 12 1 10 12 1 10 12 1 10 12 1 10 12 1 10 12 1 10 12 1 10 12 1 10 12 1 10 12 1 10 12 1 10 12 1 10 12 1 10 12 1 1 10 12 1 10 12 1 1 10 12 1 1 10 10 12 1 1 10 12 1 10 12 1 10 12 1 10 12 1 10 12 1 10 12 1 10 12 10 12 1 10 12 1 10 12 1 10 12 1 1 10 12 1 10 12 1 10 10 12 1 1 10 12 1 10 12 1 10 12 1 10 10 100 12 1 1 1 10 10 12 1 1 9 12 1 1 10 100 12 1 1 10 100 1 8 10 100 12 1 1 1 8 10 12 1 8 1 10 12 1 10 12 1 10 100 12 1 1 1 10 100 12 1 1 1 7 1 10 12 100 1 8 1 10 10 12 1 1 10 12 1 1 10 12 1 10 12 1 10 12 1 1 10 12 1 10 12 1 10 12 1 10 12 1 10 12 1 10 12 10 12 1 10 12 1 10 12 1 10 12 1 10 12 1 10 12 1 10 12 1 10 12 1 10 12 1 10 12 1 10 12 10 12 10 12 1 10 12 1 10 12 1 10 12 10 12 1 10 12 1 10 12 1 10 12 1 10 12 1 10 12 1 10 12 1 10 12 1 10 12 1 10 12 1 10 12 1 7 1 10 12 1 9 7 12 1 1 1 9 7 1 9 12 1 1 7 1 7 1 7 1 7 1 1 1 1 5 0 1 1 1 1 1 1 1 1 1 1 1 1 1 1 1 1 1 1 1 1 1 1 1 1 1 1 1 1 1 1 1 1 1 1 1 1 1 1 1 1 1 1 1 1 1 1 1 1 1 1 1 1 1 1 1 1 1 1 1 1 1 100 1 1 1 1 1 7 1 1 1 1 1 1 1 1 1 1 1 1 1 1 1 1 1 1
staticfield java/lang/StringBuffer serialPersistentFields [Ljava/io/ObjectStreamField; 3 [Ljava/io/ObjectStreamField;
instanceKlass jdk/internal/loader/BuiltinClassLoader
instanceKlass java/net/URLClassLoader
ciInstanceKlass java/security/SecureClassLoader 1 1 102 10 7 12 1 1 1 7 1 10 12 1 9 7 12 1 1 1 10 12 1 10 12 1 10 12 1 1 10 12 1 1 10 12 1 7 1 10 7 1 10 12 1 7 1 10 12 1 11 7 12 1 1 1 7 1 11 12 1 10 12 1 1 1 1 1 1 1 1 1 1 1 1 1 1 1 1 1 1 1 1 1 1 1 1 1 1 1 1 1 1 1 1 1 1 1 1 100 1 1 1 1
ciInstanceKlass java/net/URLClassLoader 0 0 600 10 7 12 1 1 1 100 1 10 12 1 9 7 12 1 1 1 10 7 12 1 1 1 9 12 1 1 100 1 10 12 1 9 12 1 1 10 12 1 10 10 12 1 10 100 12 1 1 1 10 12 1 1 10 7 12 1 1 1 10 100 12 1 1 1 100 1 10 12 1 1 10 12 1 1 10 12 1 1 100 1 100 1 10 7 12 1 1 1 100 1 8 1 10 12 1 10 7 12 1 1 1 10 12 1 1 10 12 1 1 11 100 12 1 1 1 11 7 12 1 1 1 11 12 1 1 7 1 11 12 1 11 7 12 1 1 10 12 1 11 12 1 11 12 1 1 11 10 12 1 1 10 12 1 1 10 12 1 1 100 1 10 12 1 10 12 1 1 7 1 100 1 10 12 1 1 7 1 10 10 12 1 1 10 100 12 1 1 10 12 1 100 1 7 1 10 8 1 10 12 1 1 8 1 10 12 1 1 10 10 12 1 8 1 8 1 10 12 1 1 10 7 12 1 1 1 10 100 12 1 1 1 10 12 1 1 10 12 1 1 10 12 1 1 10 12 1 10 12 1 100 1 100 1 8 1 10 12 1 10 12 1 1 10 12 1 1 7 1 10 12 1 10 100 12 1 1 1 10 12 1 1 10 12 1 1 10 12 1 1 10 12 1 10 100 12 1 1 1 10 12 1 1 8 1 10 12 1 1 11 100 12 1 1 1 9 100 12 1 1 1 10 100 12 1 1 1 9 12 1 9 12 1 9 12 1 9 12 1 9 12 1 9 12 1 10 7 12 1 1 1 8 1 10 12 1 1 100 1 10 10 12 1 10 12 1 1 10 12 1 1 100 1 10 12 1 10 12 1 1 10 12 1 10 12 1 1 100 1 10 100 12 1 1 9 100 12 1 1 1 10 12 1 8 1 100 1 8 1 10 12 1 10 12 1 8 1 10 12 1 10 12 1 9 12 1 1 10 100 12 1 1 10 12 1 10 12 1 10 100 1 8 1 10 100 1 10 12 1 10 100 12 1 100 1 10 12 1 10 12 1 100 1 10 10 7 12 1 1 1 1 1 1 1 1 1 1 1 1 1 1 1 1 1 1 1 1 1 1 1 1 1 1 1 1 1 1 1 1 1 1 1 1 1 7 1 100 1 7 1 7 1 1 1 1 1 1 1 1 1 1 1 1 1 1 1 1 1 1 1 1 1 1 1 1 1 1 1 1 1 1 1 1 1 1 1 1 1 1 1 1 1 1 1 1 1 1 100 1 1 1 1 1 1 1 1 1 1 1 1 1 1 1 1 1 1 1 1 1 1 1 1 1 1 1 1 1 1 1 1 1 1 1 1 1 100 1 1 1
ciInstanceKlass java/util/jar/Manifest 1 1 339 10 7 12 1 1 1 7 1 10 9 7 12 1 1 1 7 1 10 9 12 1 1 9 12 1 1 10 12 1 10 12 1 1 10 12 1 1 10 12 1 1 10 12 1 1 11 7 1 11 12 1 1 10 12 1 1 10 100 12 1 1 1 100 1 7 1 10 8 1 10 12 1 1 10 12 1 1 10 12 1 10 12 1 11 100 1 10 12 1 10 12 1 1 11 12 1 1 10 12 1 11 12 1 1 11 100 12 1 1 1 11 7 12 1 1 11 12 1 1 100 1 10 12 1 8 1 11 12 1 7 1 10 12 1 1 11 12 1 10 12 1 10 12 1 10 7 12 1 1 1 8 1 10 12 1 1 10 9 7 12 1 1 1 10 12 1 1 10 100 12 1 10 12 1 10 12 1 9 100 12 1 1 1 8 1 10 12 1 8 1 8 1 7 1 10 12 1 10 12 1 10 12 1 1 100 1 8 1 10 12 1 1 8 1 10 10 12 1 1 8 1 10 12 1 1 10 7 12 1 1 1 10 12 1 10 11 12 1 1 10 12 1 10 7 12 1 1 1 10 12 1 1 10 12 1 10 12 1 1 11 10 12 1 11 10 12 1 7 1 1 1 1 1 1 1 1 1 1 1 1 1 1 1 1 1 1 1 1 1 1 1 1 1 1 1 1 1 1 1 1 1 1 1 1 1 1 1 1 1 1 1 100 1 1 1 1 1 1 1 1 1 1 1 1 1 1 7 1 1 1 1 1 1 1 1 1 1 1
ciInstanceKlass java/io/ByteArrayInputStream 1 1 117 10 7 12 1 1 1 9 7 12 1 1 1 9 12 1 1 9 12 1 9 12 1 10 100 12 1 1 1 10 7 12 1 1 1 10 7 12 1 1 1 10 7 12 1 1 1 10 12 1 1 3 10 100 1 10 100 12 1 1 1 9 12 1 1 100 1 10 10 7 12 1 1 1 1 1 1 1 1 1 1 1 1 1 1 1 1 1 1 1 1 1 1 1 1 1 1 1 1 1 1 1 100 1 1 1 1 1 1 1 1 1 1 1 1 1 1
staticfield java/io/ByteArrayInputStream $assertionsDisabled Z 1
instanceKlass java/nio/CharBuffer
instanceKlass java/nio/LongBuffer
instanceKlass java/nio/IntBuffer
instanceKlass java/nio/ByteBuffer
ciInstanceKlass java/nio/Buffer 1 1 256 100 1 10 7 12 1 1 1 9 7 12 1 1 1 9 12 1 9 12 1 1 9 12 1 9 12 1 1 10 12 1 1 10 12 1 1 10 12 100 1 7 1 10 8 1 10 12 1 1 10 12 1 8 1 8 1 10 12 1 1 10 12 1 8 1 9 12 1 1 100 1 8 1 10 12 1 8 1 8 1 9 12 10 12 1 8 1 8 1 8 1 10 12 1 8 1 8 1 8 1 100 1 10 100 1 10 100 1 10 9 12 1 1 10 7 12 1 1 1 100 1 10 12 1 1 10 12 1 10 100 12 1 1 10 7 12 1 1 1 10 7 12 1 1 1 9 12 1 1 10 7 12 1 1 1 9 12 1 1 7 1 10 10 12 1 1 7 1 10 10 7 12 1 1 1 1 1 3 1 1 1 1 1 1 1 1 1 1 1 1 1 1 100 1 1 1 1 1 1 1 7 1 1 1 1 1 1 1 1 1 1 1 1 1 1 1 1 1 1 1 1 1 1 1 1 1 1 1 1 1 1 1 1 1 1 1 1 1 1 1 100 1 100 1 100 1 100 1 100 1 100 1 100 1 1
staticfield java/nio/Buffer UNSAFE Ljdk/internal/misc/Unsafe; jdk/internal/misc/Unsafe
staticfield java/nio/Buffer SCOPED_MEMORY_ACCESS Ljdk/internal/misc/ScopedMemoryAccess; jdk/internal/misc/ScopedMemoryAccess
staticfield java/nio/Buffer IOOBE_FORMATTER Ljava/util/function/BiFunction; jdk/internal/util/Preconditions$4
staticfield java/nio/Buffer $assertionsDisabled Z 1
ciMethod java/nio/Buffer position (I)Ljava/nio/Buffer; 512 0 5418 0 176
ciMethod java/nio/Buffer position ()I 260 0 130 0 0
ciMethod java/nio/Buffer limit ()I 264 0 132 0 0
ciMethod java/nio/Buffer remaining ()I 560 0 38843 0 96
ciMethod java/nio/Buffer createPositionException (I)Ljava/lang/IllegalArgumentException; 0 0 1 0 -1
ciMethod java/nio/Buffer session ()Ljdk/internal/foreign/MemorySessionImpl; 638 0 97287 0 -1
ciMethod java/nio/Buffer checkSession ()V 514 0 13823 0 0
ciInstanceKlass java/util/Objects 1 1 184 10 7 12 1 1 1 100 1 8 1 10 12 1 10 12 1 1 10 7 12 1 1 1 10 12 1 1 10 12 1 10 7 12 1 1 1 10 12 1 1 10 7 12 1 1 1 7 1 10 10 12 1 1 10 7 12 1 1 10 12 1 1 8 1 10 7 12 1 1 1 10 7 12 1 1 1 10 11 100 12 1 1 1 100 1 10 10 12 1 8 1 10 12 1 8 1 100 1 11 12 1 1 8 1 10 7 12 1 1 1 10 12 1 1 10 12 1 10 12 1 10 12 1 10 12 1 1 1 1 1 1 1 1 1 1 1 1 1 1 1 1 1 1 1 1 1 1 1 1 1 1 1 1 1 1 1 1 1 1 1 1 1 1 1 1 1 1 1 1 1 1 1 1 1 1 1 1 1 1 1 1 1 1
ciInstanceKlass jdk/internal/util/Preconditions 1 1 194 10 7 12 1 1 1 11 7 12 1 1 1 11 7 12 1 1 1 7 1 100 1 10 7 12 1 1 1 10 12 1 8 1 7 1 10 7 12 1 1 1 10 12 1 1 8 1 8 1 10 7 12 1 1 7 1 10 12 1 8 1 10 7 12 1 1 1 8 1 10 12 1 1 10 12 1 1 11 12 1 8 1 8 1 11 12 1 1 8 1 8 1 8 1 10 12 1 1 10 12 1 1 10 12 1 10 12 1 10 12 1 10 12 7 1 10 10 12 1 1 9 12 1 1 7 1 10 9 12 1 7 1 10 9 12 1 1 1 1 1 1 1 1 1 1 1 1 1 1 1 1 1 1 1 1 1 1 1 1 1 1 1 1 1 1 1 1 1 1 1 1 1 1 1 1 1 1 1 1 1 1 1 1 1 1 1 1 1 1 1 1 1 1
staticfield jdk/internal/util/Preconditions SIOOBE_FORMATTER Ljava/util/function/BiFunction; jdk/internal/util/Preconditions$4
staticfield jdk/internal/util/Preconditions AIOOBE_FORMATTER Ljava/util/function/BiFunction; jdk/internal/util/Preconditions$4
staticfield jdk/internal/util/Preconditions IOOBE_FORMATTER Ljava/util/function/BiFunction; jdk/internal/util/Preconditions$4
ciMethod java/util/Objects requireNonNull (Ljava/lang/Object;)Ljava/lang/Object; 640 0 220072 0 -1
ciMethod java/util/Objects checkFromIndexSize (III)I 516 0 29135 0 160
instanceKlass scala/collection/convert/JavaCollectionWrappers$MutableBufferWrapper
instanceKlass scala/collection/convert/JavaCollectionWrappers$SeqWrapper
instanceKlass java/util/Vector
instanceKlass java/util/AbstractSequentialList
instanceKlass sun/security/jca/ProviderList$3
instanceKlass java/util/ArrayList$SubList
instanceKlass java/util/Collections$SingletonList
instanceKlass java/util/Arrays$ArrayList
instanceKlass java/util/Collections$EmptyList
instanceKlass java/util/ArrayList
ciInstanceKlass java/util/AbstractList 1 1 218 10 7 12 1 1 1 9 7 12 1 1 1 10 12 1 1 10 12 1 1 100 1 10 10 12 1 1 11 100 12 1 1 1 11 12 1 1 11 12 1 10 7 12 1 1 1 10 12 1 11 12 1 11 12 1 11 12 1 10 12 1 1 10 12 1 1 11 7 12 1 1 1 11 7 1 11 7 1 10 12 1 100 1 10 12 1 10 12 1 1 7 1 100 1 10 12 1 100 1 10 100 1 7 1 10 8 1 10 12 1 1 10 12 1 10 12 1 1 10 12 1 8 1 100 1 8 1 8 1 8 1 10 7 1 11 10 10 12 1 11 12 1 10 12 1 1 8 1 8 1 1 1 1 1 1 1 1 1 1 1 1 1 1 1 1 1 1 1 1 1 1 1 1 1 1 1 1 1 1 1 1 1 1 1 1 1 1 1 1 1 1 1 1 1 1 1 1 1 1 1 1 1 1 1 1 1 1 100 1 100 1 1 1 1 1 1 1
ciInstanceKlass java/lang/Iterable 1 1 62 10 7 12 1 1 1 11 7 12 1 1 1 11 7 12 1 1 1 11 12 1 1 11 7 12 1 1 1 10 100 12 1 1 1 100 1 1 1 1 1 1 1 1 1 1 1 1 1 1 1 1 1 1 1 1 1 1 1 1 1 1
ciInstanceKlass java/util/Collection 1 1 115 11 7 12 1 1 1 7 1 11 7 12 1 1 1 10 7 12 1 1 1 11 12 1 1 11 7 12 1 1 1 11 12 1 1 11 7 12 1 1 1 11 12 1 1 10 7 12 1 1 1 11 12 1 10 7 12 1 1 1 100 1 100 1 1 1 1 1 1 1 1 1 1 1 1 1 1 1 1 1 1 1 1 1 1 1 1 1 1 1 1 1 1 1 1 1 1 1 1 1 1 1 1 1 1 1 1 1 1 1 1 1 1 1 1
ciInstanceKlass java/util/SequencedCollection 1 1 109 100 1 10 12 1 1 11 7 12 1 1 1 11 7 12 1 1 1 11 12 1 1 11 12 1 7 1 7 1 1 1 1 1 1 1 1 1 1 1 1 1 1 1 1 1 1 1 1 1 1 1 1 1 1 1 1 1 100 1 8 1 1 12 10 1 1 1 8 1 1 1 8 1 1 1 8 1 1 1 8 1 1 8 1 1 1 8 1 1 8 1 1 1 8 1 1 8 1 1 1 8 1 1 8 1 1 8 1
ciInstanceKlass java/util/List 1 1 251 10 100 12 1 1 1 11 100 12 1 1 1 11 100 12 1 1 1 11 12 1 1 11 100 12 1 1 11 12 1 1 11 12 1 1 10 100 12 1 1 1 7 1 100 1 10 12 1 1 100 1 10 7 12 1 1 1 11 12 1 1 11 12 1 11 12 1 100 1 10 12 1 11 12 1 1 11 12 1 1 11 12 1 10 100 12 1 1 1 9 7 12 1 1 1 7 1 10 12 10 12 1 7 1 10 12 1 1 10 12 1 10 12 1 1 11 12 1 1 100 1 1 1 1 1 1 1 1 1 1 1 1 1 1 1 1 1 1 1 1 1 1 1 1 1 1 1 1 1 1 1 1 1 1 1 1 1 1 1 1 1 1 1 1 100 1 100 1 1 1 1 1 1 1 1 1 1 1 1 1 1 1 1 1 1 1 1 1 1 1 1 1 1 1 1 1 1 1 1 1 1 1 1 1 1 1 1 1 1 1 1 1 1 1 1 1 1 1 1 1 1 1 1 1 1 1 1 1 1 1 1 1 1 1 1 1 1 1 1 1 1 1 1 100 1 1 100 1 1 1
instanceKlass org/apache/kafka/common/utils/ImplicitLinkedHashCollection
instanceKlass java/util/concurrent/ConcurrentLinkedDeque
instanceKlass java/util/concurrent/ConcurrentSkipListMap$Values
instanceKlass com/fasterxml/jackson/databind/util/internal/LinkedDeque
instanceKlass scala/collection/convert/JavaCollectionWrappers$IterableWrapper
instanceKlass java/util/AbstractQueue
instanceKlass java/util/IdentityHashMap$Values
instanceKlass java/util/LinkedHashMap$LinkedValues
instanceKlass java/util/TreeMap$Values
instanceKlass java/util/HashMap$Values
instanceKlass java/util/ArrayDeque
instanceKlass java/util/AbstractSet
instanceKlass java/util/ImmutableCollections$AbstractImmutableCollection
instanceKlass java/util/AbstractList
ciInstanceKlass java/util/AbstractCollection 1 1 160 10 7 12 1 1 1 10 7 12 1 1 1 10 12 1 1 11 7 12 1 1 1 11 12 1 1 10 12 1 1 10 100 12 1 1 1 10 12 1 1 10 12 1 1 10 7 12 1 1 10 7 12 1 1 1 7 1 10 7 12 1 1 1 10 100 12 1 1 1 100 1 10 11 12 1 11 7 1 10 12 1 10 12 1 10 100 12 1 1 1 11 8 1 7 1 10 10 12 1 1 8 1 10 12 1 10 12 1 1 1 1 1 1 1 1 1 1 1 1 1 1 1 1 1 1 1 1 1 1 1 1 1 1 1 1 1 1 1 1 1 1 1 1 1 1 1 1 1 1 1 1 1 1 1 1 1 1 1 1
ciInstanceKlass java/lang/AssertionStatusDirectives 0 0 24 10 100 12 1 1 1 100 1 1 1 1 1 1 1 1 1 1 1 1 1 1 1 1
instanceKlass org/apache/kafka/storage/internals/log/RecordValidationException
instanceKlass java/util/concurrent/CompletionException
instanceKlass java/io/UncheckedIOException
instanceKlass kafka/common/StateChangeFailedException
instanceKlass kafka/common/BrokerEndPointNotAvailableException
instanceKlass java/util/concurrent/RejectedExecutionException
instanceKlass kafka/server/metadata/FeatureCacheUpdateException
instanceKlass kafka/common/ThreadShutdownException
instanceKlass kafka/common/LogCleaningAbortedException
instanceKlass kafka/common/OffsetsOutOfOrderException
instanceKlass kafka/common/UnexpectedAppendOffsetException
instanceKlass org/apache/kafka/storage/internals/log/CorruptIndexException
instanceKlass kafka/common/TopicAlreadyMarkedForDeletionException
instanceKlass org/apache/kafka/server/common/AdminOperationException
instanceKlass java/security/ProviderException
instanceKlass kafka/zookeeper/ZooKeeperClientException
instanceKlass kafka/common/GenerateBrokerIdException
instanceKlass java/util/ConcurrentModificationException
instanceKlass java/nio/BufferUnderflowException
instanceKlass org/apache/kafka/common/KafkaException
instanceKlass java/lang/IndexOutOfBoundsException
instanceKlass java/util/NoSuchElementException
instanceKlass java/lang/UnsupportedOperationException
instanceKlass joptsimple/ValueConversionException
instanceKlass joptsimple/internal/ReflectionException
instanceKlass joptsimple/OptionException
instanceKlass java/lang/reflect/UndeclaredThrowableException
instanceKlass scala/MatchError
instanceKlass java/util/MissingResourceException
instanceKlass java/lang/IllegalStateException
instanceKlass java/lang/SecurityException
instanceKlass java/lang/IllegalArgumentException
instanceKlass java/lang/ArithmeticException
instanceKlass java/lang/NullPointerException
instanceKlass java/lang/IllegalMonitorStateException
instanceKlass java/lang/ArrayStoreException
instanceKlass java/lang/ClassCastException
ciInstanceKlass java/lang/RuntimeException 1 1 40 10 7 12 1 1 1 10 12 1 10 12 1 10 12 1 10 12 1 100 1 1 1 1 5 0 1 1 1 1 1 1 1 1 1 1 1 1 1 1
instanceKlass jdk/internal/misc/ThreadTracker$ThreadRef
instanceKlass java/security/SecureClassLoader$CodeSourceKey
instanceKlass jdk/net/UnixDomainPrincipal
instanceKlass jdk/jfr/internal/jfc/model/Constraint
instanceKlass java/nio/DirectByteBuffer$Deallocator
instanceKlass jdk/jfr/internal/query/ViewFile$ViewConfiguration
instanceKlass jdk/jfr/internal/dcmd/Argument
instanceKlass java/lang/reflect/Proxy$ProxyBuilder$ProxyClassContext
instanceKlass jdk/internal/module/ModuleReferenceImpl$CachedHash
instanceKlass java/util/stream/Collectors$CollectorImpl
instanceKlass jdk/internal/reflect/ReflectionFactory$Config
instanceKlass jdk/internal/foreign/abi/UpcallLinker$CallRegs
instanceKlass jdk/internal/foreign/abi/VMStorage
ciInstanceKlass java/lang/Record 1 1 22 10 7 12 1 1 1 100 1 1 1 1 1 1 1 1 1 1 1 1 1 1
ciInstanceKlass java/lang/invoke/MethodType 1 1 780 7 1 10 7 12 1 1 1 9 12 1 1 9 12 1 1 9 12 1 1 10 7 12 1 1 1 9 7 12 1 1 8 1 10 100 12 1 1 1 9 7 1 9 7 1 10 12 1 1 7 1 10 8 1 10 12 1 1 10 12 1 10 12 1 1 7 1 8 1 10 12 1 100 1 10 10 12 1 10 12 1 1 10 12 1 1 11 7 12 1 1 1 9 12 1 11 12 1 1 7 10 12 1 1 10 12 1 1 7 1 7 1 10 7 12 1 1 1 10 12 1 10 12 1 9 12 1 1 10 7 12 1 1 10 12 1 1 10 7 12 1 1 1 10 7 12 1 1 1 10 12 1 9 12 1 1 10 12 1 1 10 12 1 1 10 12 1 1 10 12 1 1 10 12 1 1 10 12 1 10 12 1 10 12 1 1 10 12 1 8 1 8 1 10 12 1 1 9 12 1 1 100 1 10 10 12 1 1 10 12 1 10 12 1 1 10 12 1 1 10 12 1 10 12 1 10 12 1 8 1 10 12 1 1 10 100 12 1 1 1 10 12 1 10 12 1 1 10 12 1 10 12 1 10 12 1 1 10 12 1 10 12 1 9 12 1 10 12 1 10 10 12 1 1 10 12 1 9 12 1 1 10 12 1 1 11 12 1 1 10 12 1 1 7 1 10 12 10 12 1 10 12 1 100 1 8 1 8 1 8 1 10 12 1 10 12 1 10 12 1 10 10 12 1 11 12 1 1 11 12 1 10 100 12 1 1 1 9 12 1 10 12 1 10 12 1 1 10 12 1 1 10 12 1 10 12 1 10 100 12 1 1 1 10 12 1 1 10 12 1 10 12 1 10 12 1 10 9 12 1 1 7 1 10 12 1 10 12 1 1 9 100 12 1 1 1 10 7 12 1 1 1 10 7 12 1 1 1 10 12 1 1 10 7 12 1 1 1 10 12 1 1 8 1 10 7 12 1 1 1 11 12 1 1 9 12 1 1 10 12 1 1 10 12 1 10 12 1 1 10 12 1 1 10 100 12 1 1 100 1 10 12 1 1 11 100 12 1 1 18 12 1 1 11 12 1 1 18 12 1 11 12 1 100 1 11 100 12 1 1 10 12 1 100 1 10 12 1 10 100 12 1 1 10 12 1 1 9 12 1 1 9 100 12 1 1 1 10 7 12 1 1 1 9 12 1 10 100 12 1 1 10 12 1 100 10 12 1 1 10 12 1 10 7 1 7 1 9 12 1 1 7 1 7 1 7 1 1 1 5 0 1 1 1 1 1 1 1 3 1 3 1 3 1 1 1 1 1 1 1 1 1 1 1 1 1 1 1 1 1 1 1 1 1 1 1 1 1 1 1 1 1 1 1 1 1 1 1 1 1 1 1 1 1 1 1 1 1 1 1 1 1 1 1 1 1 1 1 1 1 1 1 1 1 1 1 1 1 1 1 1 1 1 1 1 1 1 1 1 1 1 1 1 1 1 1 1 1 1 1 1 1 1 1 1 1 1 1 1 1 1 1 1 1 1 1 1 1 1 1 1 1 1 1 1 1 1 1 1 1 1 1 1 1 1 1 1 1 1 1 1 1 1 1 100 1 100 1 1 1 1 1 1 1 1 1 1 1 1 1 100 1 1 1 7 1 1 1 1 1 1 1 1 1 1 1 1 1 1 1 1 1 1 1 1 1 1 16 15 10 12 16 16 15 10 12 16 15 10 100 12 1 1 1 1 1 1 1 7 1 1 7 1 1 100 1 100 1 1
staticfield java/lang/invoke/MethodType internTable Ljava/lang/invoke/MethodType$ConcurrentWeakInternSet; java/lang/invoke/MethodType$ConcurrentWeakInternSet
staticfield java/lang/invoke/MethodType NO_PTYPES [Ljava/lang/Class; 0 [Ljava/lang/Class;
staticfield java/lang/invoke/MethodType objectOnlyTypes [Ljava/lang/invoke/MethodType; 20 [Ljava/lang/invoke/MethodType;
staticfield java/lang/invoke/MethodType METHOD_HANDLE_ARRAY [Ljava/lang/Class; 1 [Ljava/lang/Class;
staticfield java/lang/invoke/MethodType serialPersistentFields [Ljava/io/ObjectStreamField; 0 [Ljava/io/ObjectStreamField;
staticfield java/lang/invoke/MethodType $assertionsDisabled Z 1
ciInstanceKlass java/lang/invoke/TypeDescriptor$OfMethod 1 0 43 100 1 100 1 100 1 1 1 1 1 1 1 1 1 1 1 1 1 1 1 1 1 1 1 1 1 1 1 1 1 1 1 1 1 1 1 1 1 1 100 1 1
instanceKlass java/lang/InstantiationException
instanceKlass java/lang/reflect/InvocationTargetException
instanceKlass java/lang/IllegalAccessException
instanceKlass java/lang/NoSuchFieldException
instanceKlass java/lang/NoSuchMethodException
instanceKlass java/lang/ClassNotFoundException
ciInstanceKlass java/lang/ReflectiveOperationException 1 1 34 10 7 12 1 1 1 10 12 1 10 12 1 10 12 1 100 1 1 1 1 5 0 1 1 1 1 1 1 1 1 1 1 1
instanceKlass java/lang/invoke/DelegatingMethodHandle
instanceKlass java/lang/invoke/BoundMethodHandle
instanceKlass java/lang/invoke/DirectMethodHandle
ciInstanceKlass java/lang/invoke/MethodHandle 1 1 733 100 1 9 7 12 1 1 1 10 7 12 1 1 1 10 7 12 1 1 1 7 1 7 1 10 12 1 1 9 12 1 1 10 12 1 10 12 1 1 10 12 1 1 10 100 12 1 1 1 10 12 1 1 10 12 1 1 11 7 12 1 1 1 10 12 1 1 10 12 1 10 12 1 10 12 1 1 9 12 1 1 9 12 1 1 10 7 12 1 1 1 10 12 1 1 10 12 1 10 12 1 100 1 7 1 10 8 1 10 12 1 1 10 12 1 8 1 10 12 1 1 10 12 1 10 7 12 1 1 1 10 12 1 1 10 12 1 1 10 12 1 1 10 7 12 1 1 1 10 12 1 1 10 12 1 1 10 12 1 10 12 1 1 10 7 12 1 1 10 7 12 1 1 10 12 1 10 12 1 10 12 1 1 10 12 1 1 10 12 1 1 10 12 1 1 10 7 12 1 1 1 10 7 12 1 1 1 10 12 1 1 10 12 1 1 10 12 1 1 8 1 10 7 12 1 1 1 8 1 10 12 1 10 12 1 1 10 12 1 1 10 12 1 8 1 10 12 1 1 8 1 10 12 1 8 1 10 7 12 1 1 1 9 12 1 1 100 1 10 9 7 12 1 1 1 9 7 1 8 1 10 12 1 1 10 12 1 10 12 1 1 10 12 1 10 12 1 1 10 12 1 10 12 1 1 10 12 1 10 12 1 1 10 12 1 1 8 1 10 12 1 1 8 1 10 12 1 10 12 1 1 10 12 1 10 12 1 10 12 1 1 9 100 12 1 1 1 10 12 1 1 11 12 1 10 12 1 10 12 1 1 10 100 12 1 1 100 1 11 12 1 10 100 1 11 12 1 7 1 10 12 1 11 12 1 9 100 12 1 1 1 11 12 1 1 11 100 12 1 1 1 10 12 1 1 9 12 1 11 12 1 9 12 1 9 12 1 9 12 1 11 12 1 1 9 12 1 9 12 1 9 12 1 9 12 1 9 12 1 9 12 1 9 12 1 8 1 10 12 1 10 12 1 8 1 10 12 1 10 12 1 10 12 1 1 10 10 10 7 12 1 1 10 12 1 1 100 1 100 1 8 1 8 1 10 10 12 1 1 10 12 1 10 12 1 7 1 10 100 12 1 1 1 10 9 7 12 1 1 1 10 12 1 1 10 12 1 1 8 1 8 1 10 7 12 1 1 9 12 1 9 12 1 1 9 12 1 1 10 12 1 7 1 10 12 1 10 12 1 1 9 12 1 1 9 12 1 1 10 7 12 1 1 1 11 7 12 1 1 9 12 1 10 12 1 1 9 12 1 10 12 1 8 10 12 1 1 8 1 1 1 1 1 1 1 1 7 1 1 1 1 1 1 1 1 1 1 1 1 1 1 1 1 1 1 1 1 1 1 1 1 1 1 1 1 1 1 100 1 1 1 1 1 1 1 1 1 1 1 1 1 1 1 1 1 1 1 1 1 1 1 1 1 1 1 1 1 1 1 1 1 1 1 1 1 1 1 1 1 1 1 1 1 1 1 1 1 1 1 1 1 1 1 1 1 1 1 1 1 1 1 1 1 1 1 1 1 1 1 1 1 1 1 1 1 1 1 1 1 1 1 1 1 1 100 1 1 100 1 7 1 100 1 1 100 1 1 100 1 1 1 1
staticfield java/lang/invoke/MethodHandle FORM_OFFSET J 20
staticfield java/lang/invoke/MethodHandle UPDATE_OFFSET J 13
staticfield java/lang/invoke/MethodHandle $assertionsDisabled Z 1
instanceKlass com/fasterxml/jackson/core/util/InternCache
ciInstanceKlass java/util/concurrent/ConcurrentHashMap 1 1 1210 7 1 7 1 3 10 12 1 1 3 7 1 10 7 12 1 1 1 7 1 10 7 12 1 1 1 100 1 11 12 1 1 11 12 1 11 12 1 1 9 12 1 1 9 12 1 1 9 12 1 10 7 12 1 1 1 7 1 10 12 1 1 10 12 1 1 10 7 12 1 1 1 4 10 12 1 9 12 1 10 12 1 1 100 1 10 5 0 10 12 1 10 12 1 1 5 0 10 12 1 1 10 12 1 9 12 1 1 10 12 1 1 9 12 1 9 12 1 1 10 12 1 1 9 12 1 10 12 1 1 9 12 1 1 10 12 1 1 100 1 10 7 1 10 12 1 10 12 1 1 10 12 1 1 10 12 1 1 10 12 1 10 12 1 1 10 12 1 1 100 1 10 12 1 1 7 1 100 1 8 1 10 12 1 10 12 1 1 10 12 1 1 11 7 12 1 1 10 12 1 1 11 12 1 1 11 7 12 1 1 1 11 7 12 1 1 1 11 12 1 7 1 11 12 1 11 12 1 10 12 1 1 10 12 1 1 9 12 1 1 10 100 12 1 1 1 9 10 12 1 1 9 12 1 10 12 1 1 5 0 9 12 1 1 7 1 10 12 1 9 12 1 1 7 1 10 12 1 9 12 1 7 1 10 7 1 10 10 12 1 1 8 1 10 12 1 10 12 1 1 11 100 1 10 12 1 10 100 12 1 1 1 8 1 10 100 12 1 1 1 8 1 10 12 1 8 1 10 12 1 10 12 1 1 10 100 12 1 1 10 12 1 10 12 1 10 12 1 9 12 1 9 10 12 1 9 12 1 1 11 7 12 1 1 1 11 7 12 1 1 1 100 1 10 12 11 100 12 1 1 10 11 7 12 1 10 12 1 100 1 10 12 1 100 1 10 10 9 7 12 1 1 1 10 12 3 10 7 12 1 1 9 12 1 10 12 1 1 9 12 1 1 9 12 1 10 12 1 1 10 100 12 1 1 9 12 1 9 7 12 1 1 10 12 1 1 10 12 1 3 9 12 1 9 12 1 10 12 1 1 7 1 9 3 9 12 1 7 1 10 12 1 9 12 1 10 12 1 9 12 1 10 12 1 9 12 1 10 100 12 1 1 1 100 10 12 1 7 1 5 0 10 100 12 1 1 100 1 10 12 1 1 10 12 1 10 12 1 100 1 10 12 1 10 100 1 100 1 10 10 12 1 10 100 1 10 12 1 10 100 1 10 12 1 10 7 1 10 12 1 1 100 1 10 12 1 10 10 12 1 100 1 10 12 1 10 10 12 1 100 1 10 12 1 10 100 1 10 12 1 10 100 1 10 12 1 10 100 1 10 12 1 10 100 1 10 12 1 10 100 1 10 12 1 10 100 1 10 12 1 10 100 1 10 12 1 10 100 1 10 10 100 1 10 10 100 1 10 10 100 1 10 12 1 10 100 1 10 12 1 10 100 1 10 12 1 10 100 1 10 12 1 10 100 1 10 12 1 10 100 1 10 10 100 1 10 10 100 1 10 10 100 1 10 12 1 10 100 1 10 12 1 10 100 1 10 12 1 10 100 1 10 12 1 10 100 1 10 12 1 10 10 12 1 10 7 12 1 1 1 10 12 1 7 1 7 1 10 12 1 9 12 1 1 9 12 1 1 10 12 1 1 8 10 12 1 1 8 8 8 8 7 10 12 1 1 10 12 1 100 1 8 1 10 7 1 7 1 7 1 1 1 5 0 1 1 3 1 3 1 1 1 1 3 1 3 1 3 1 1 1 1 1 3 1 3 1 3 1 1 1 1 1 1 1 1 1 1 1 1 1 1 1 1 1 1 1 1 1 1 1 1 1 100 1 1 1 1 1 1 1 1 1 1 1 1 1 1 1 1 1 1 1 1 1 1 1 1 1 1 1 1 1 1 1 1 1 1 1 1 1 1 1 1 1 1 1 1 1 1 1 1 1 1 1 1 1 1 1 1 1 1 1 1 1 1 1 1 1 1 1 1 1 1 1 1 1 1 1 1 1 1 1 1 1 1 1 1 100 1 1 1 1 1 1 1 1 1 1 1 7 1 1 1 1 1 1 1 1 1 1 1 1 1 1 1 1 1 1 1 1 1 1 1 1 1 1 1 1 1 1 1 1 1 1 1 1 1 1 1 1 1 1 1 1 1 1 1 1 1 1 1 1 1 1 1 1 1 1 1 1 1 1 1 1 1 1 1 1 1 1 1 1 1 1 1 1 1 1 1 1 1 1 1 1 1 1 1 1 1 1 1 1 1 1 1 1 1 1 1 1 1 1 1 1 1 1 1 1 1 1 1 1 1 1 1 1 1 1 1 1 1 1 1 1 1 1 1 1 1 1 1 1 1 1 1 1 1 1 1 1 1 1 1 1 1 1 1 1 1 1 1 1 1 1 1 1 1 1 1 1 1 1 1 1 1 1 1 1 1 1 1 1 1 1 1 1 1 1 1 1 1 1 1 1 1 1 1 1 1 1 1 1 1 1 1 1 1 1 1 1 1 1 1 1 1 1 1 1 1 1 1 1 1 1 1 1 1 1 1 1 1 1 1 100 1 100 1 100 1 100 1 100 1 100 1 100 1 100 1 100 1 1 1 1 1 1 1 1 1 1 1 1 1 1 1 1 1 1 1 1 1 1 1 1 1 1 1 1 1 1 1 1 1 1 1 1 1 1 1 1 1 1 1 1 1 1 1 1 1 1 1 1 1 1 1 1 1 1
staticfield java/util/concurrent/ConcurrentHashMap NCPU I 12
staticfield java/util/concurrent/ConcurrentHashMap serialPersistentFields [Ljava/io/ObjectStreamField; 3 [Ljava/io/ObjectStreamField;
staticfield java/util/concurrent/ConcurrentHashMap U Ljdk/internal/misc/Unsafe; jdk/internal/misc/Unsafe
staticfield java/util/concurrent/ConcurrentHashMap SIZECTL J 20
staticfield java/util/concurrent/ConcurrentHashMap TRANSFERINDEX J 32
staticfield java/util/concurrent/ConcurrentHashMap BASECOUNT J 24
staticfield java/util/concurrent/ConcurrentHashMap CELLSBUSY J 36
staticfield java/util/concurrent/ConcurrentHashMap CELLVALUE J 144
staticfield java/util/concurrent/ConcurrentHashMap ABASE I 16
staticfield java/util/concurrent/ConcurrentHashMap ASHIFT I 2
ciInstanceKlass java/util/concurrent/ConcurrentMap 1 1 208 11 7 12 1 1 1 10 100 12 1 1 11 12 1 1 11 100 12 1 1 1 11 7 12 1 1 1 11 12 1 1 100 1 11 12 1 11 12 1 100 1 11 100 12 1 1 1 18 12 1 11 12 1 1 11 100 12 1 1 11 12 1 1 11 100 12 1 11 12 1 1 11 12 1 1 7 1 7 1 1 1 1 1 1 1 1 1 1 1 1 1 1 1 1 1 1 1 1 1 1 1 1 1 1 1 1 1 1 1 1 1 1 1 1 1 1 1 1 1 1 1 1 1 1 1 1 1 1 1 1 1 1 1 1 1 1 1 1 16 15 11 12 15 10 100 12 1 1 1 1 1 100 1 100 1 1 1 100 1 8 1 1 12 10 1 1 1 8 1 1 1 8 1 1 8 1 1 1 8 1 1 1 8 1 1 1 8 1 1 1 8 1 1 1 8 1 1 1 8 1 1 1 8 1 1 8 1
instanceKlass java/util/TreeMap$NavigableSubMap
instanceKlass com/fasterxml/jackson/databind/util/internal/PrivateMaxEntriesMap
instanceKlass scala/collection/convert/JavaCollectionWrappers$MapWrapper
instanceKlass java/util/Collections$SingletonMap
instanceKlass java/util/concurrent/ConcurrentSkipListMap
instanceKlass java/util/TreeMap
instanceKlass java/util/IdentityHashMap
instanceKlass java/util/EnumMap
instanceKlass java/util/WeakHashMap
instanceKlass java/util/Collections$EmptyMap
instanceKlass sun/util/PreHashedMap
instanceKlass java/util/HashMap
instanceKlass java/util/ImmutableCollections$AbstractImmutableMap
instanceKlass java/util/concurrent/ConcurrentHashMap
ciInstanceKlass java/util/AbstractMap 1 1 196 10 7 12 1 1 1 10 7 12 1 1 1 11 7 12 1 1 1 10 11 12 1 1 11 7 12 1 1 1 11 12 1 1 7 1 11 12 1 10 12 1 1 11 12 1 100 1 10 11 12 1 11 7 1 10 12 1 1 11 12 1 9 12 1 1 100 1 10 12 1 9 12 1 1 100 1 10 11 11 12 1 1 11 12 1 7 1 100 1 11 12 1 8 1 7 1 10 10 12 1 1 8 1 10 12 1 10 12 1 1 10 12 1 1 1 1 1 1 1 1 1 1 1 1 1 1 1 1 1 1 1 1 1 1 1 1 1 1 1 1 1 1 1 1 1 1 1 1 1 1 1 1 7 1 1 1 1 1 1 1 7 1 1 1 1 1 1 1 1 1 7 1 1 1 1 1 1 1 1 1 100 1 100 1 100 1 100 1 100 1 1 1 1 1 1
ciInstanceKlass jdk/internal/loader/ClassLoaders 1 1 183 10 7 12 1 1 1 10 7 12 1 1 1 10 12 1 1 10 100 12 1 1 1 9 7 12 1 1 1 9 12 1 1 9 12 1 1 7 1 11 100 12 1 1 1 100 1 11 12 1 1 11 12 1 1 10 100 12 1 1 1 10 100 12 1 1 1 100 1 100 1 10 7 12 1 1 1 9 12 1 1 10 12 1 1 7 1 10 12 1 1 10 12 1 7 1 8 1 10 7 12 1 1 1 10 12 1 1 7 1 10 12 1 10 12 1 10 12 1 8 1 10 7 12 1 1 8 1 8 1 10 12 1 7 1 10 12 1 10 12 1 10 12 1 1 1 1 1 1 1 1 1 1 1 1 1 1 1 1 1 1 1 1 7 1 1 1 1 1 1 1 1 1 1 1 1 1 1 1 1 1 1 1
staticfield jdk/internal/loader/ClassLoaders JLA Ljdk/internal/access/JavaLangAccess; java/lang/System$2
staticfield jdk/internal/loader/ClassLoaders BOOT_LOADER Ljdk/internal/loader/ClassLoaders$BootClassLoader; jdk/internal/loader/ClassLoaders$BootClassLoader
staticfield jdk/internal/loader/ClassLoaders PLATFORM_LOADER Ljdk/internal/loader/ClassLoaders$PlatformClassLoader; jdk/internal/loader/ClassLoaders$PlatformClassLoader
staticfield jdk/internal/loader/ClassLoaders APP_LOADER Ljdk/internal/loader/ClassLoaders$AppClassLoader; jdk/internal/loader/ClassLoaders$AppClassLoader
instanceKlass jdk/internal/loader/ClassLoaders$BootClassLoader
instanceKlass jdk/internal/loader/ClassLoaders$PlatformClassLoader
instanceKlass jdk/internal/loader/ClassLoaders$AppClassLoader
ciInstanceKlass jdk/internal/loader/BuiltinClassLoader 1 1 737 9 7 12 1 1 1 10 7 12 1 1 1 10 7 12 1 1 1 9 12 1 1 9 12 1 1 7 1 10 12 1 9 12 1 10 12 1 9 12 1 10 7 12 1 1 1 10 7 12 1 1 1 10 7 12 1 1 1 11 7 12 1 1 1 7 1 7 1 10 10 12 1 1 8 1 10 12 1 10 12 7 1 10 12 1 10 12 1 1 11 7 12 1 1 1 11 7 12 1 1 1 11 12 1 1 7 1 8 1 8 1 10 9 12 1 1 10 7 12 1 1 11 12 1 1 10 12 1 1 10 12 1 1 10 12 1 1 10 7 12 1 1 1 10 12 1 10 7 12 1 1 1 10 12 1 1 11 7 12 1 1 1 10 7 12 1 1 7 1 10 7 12 1 1 1 10 12 1 100 1 8 1 10 12 1 1 10 8 1 10 12 1 1 10 12 1 1 10 12 1 1 11 7 12 1 1 11 12 1 7 1 10 11 12 1 1 11 10 12 1 1 7 1 10 12 1 10 7 12 1 10 12 1 7 1 10 12 1 10 7 12 1 1 1 100 1 10 12 1 1 11 12 1 100 1 100 1 10 12 1 10 12 1 1 100 1 100 1 10 12 1 10 12 1 18 12 1 1 10 12 1 10 12 1 1 18 100 1 10 7 12 1 1 1 7 1 10 10 12 1 1 10 12 1 1 10 12 1 1 10 12 1 9 12 1 1 100 1 10 10 12 1 1 10 12 1 1 10 12 1 10 12 10 12 1 1 10 12 1 1 10 12 1 1 10 12 1 10 12 1 1 18 12 1 7 1 10 12 1 1 10 12 1 10 12 1 1 10 12 1 100 1 10 12 1 7 1 10 12 1 10 7 12 1 1 1 10 12 1 11 12 1 7 1 10 12 1 7 1 100 1 10 12 1 10 12 1 11 12 1 1 10 12 1 1 10 12 1 1 10 12 1 1 10 12 1 1 10 12 1 10 12 1 10 12 1 10 12 1 8 1 10 12 1 1 10 7 12 1 1 10 12 1 100 1 8 1 8 1 10 10 12 1 8 1 8 1 10 7 12 1 1 1 11 7 12 1 1 1 9 7 12 1 1 1 10 7 12 1 1 1 9 12 1 9 12 1 9 12 1 9 12 1 9 12 1 9 12 1 10 7 12 1 1 1 8 1 10 12 1 7 1 10 12 1 1 10 12 1 7 1 10 11 12 1 1 10 12 10 12 1 10 12 1 100 1 10 12 1 10 12 1 10 10 12 1 10 7 12 1 1 8 1 10 7 12 1 1 10 12 1 1 1 1 1 1 1 1 1 1 1 1 1 1 1 1 1 1 1 1 1 1 1 1 1 1 1 1 1 1 1 1 1 1 1 1 1 1 1 1 1 1 1 1 1 1 1 1 1 1 1 1 1 1 1 1 7 1 1 1 1 1 1 1 1 1 1 1 1 1 1 1 1 1 1 7 1 7 1 1 1 1 1 1 1 1 1 1 1 1 1 1 1 1 1 1 1 1 1 1 1 1 1 1 1 1 1 1 1 1 1 1 1 1 1 1 1 1 1 1 1 1 1 1 1 1 1 1 1 100 1 1 16 15 10 12 16 15 10 12 16 15 10 12 16 1 15 10 100 12 1 1 1 1 1 100 1 1 1 1 1 100 1 100 1 1
staticfield jdk/internal/loader/BuiltinClassLoader packageToModule Ljava/util/Map; java/util/concurrent/ConcurrentHashMap
staticfield jdk/internal/loader/BuiltinClassLoader $assertionsDisabled Z 1
ciInstanceKlass jdk/internal/loader/ClassLoaders$AppClassLoader 1 1 119 8 1 10 7 12 1 1 1 10 7 12 1 1 1 10 7 12 1 1 1 10 12 1 1 10 7 12 1 1 1 10 12 1 1 10 12 1 1 7 1 8 1 10 12 10 7 12 1 1 1 10 7 12 1 1 10 12 1 1 10 12 1 1 10 7 12 1 1 1 7 1 10 12 1 1 1 1 1 1 1 1 1 1 1 1 1 1 1 1 1 1 1 1 1 7 1 1 1 1 1 1 1 1 1 1 1 1 1 1 1 1 1 1 1 7 1 1 1
ciInstanceKlass jdk/internal/loader/ClassLoaders$PlatformClassLoader 1 1 42 8 1 10 7 12 1 1 1 10 7 12 1 1 1 7 1 10 12 1 7 1 1 1 1 1 1 1 1 1 1 1 1 1 1 7 1 1 1 100 1 1
ciInstanceKlass java/lang/ArithmeticException 1 1 26 10 100 12 1 1 1 10 12 1 100 1 1 1 1 5 0 1 1 1 1 1 1 1 1 1
ciInstanceKlass java/lang/ArrayStoreException 1 1 26 10 100 12 1 1 1 10 12 1 100 1 1 1 1 5 0 1 1 1 1 1 1 1 1 1
ciInstanceKlass java/lang/ClassCastException 1 1 26 10 100 12 1 1 1 10 12 1 100 1 1 1 1 5 0 1 1 1 1 1 1 1 1 1
ciInstanceKlass java/lang/ClassNotFoundException 1 1 96 7 1 10 7 12 1 1 1 10 12 1 10 12 1 1 10 100 12 1 1 1 8 1 10 100 12 1 1 1 10 7 12 1 1 10 100 12 1 1 1 10 100 12 1 1 1 10 12 1 1 7 1 10 12 1 9 12 1 1 1 1 1 5 0 1 1 1 1 1 1 1 1 1 1 1 1 1 1 1 1 1 1 100 1 1 1 1 1 1 1 1 1 1 1 1
staticfield java/lang/ClassNotFoundException serialPersistentFields [Ljava/io/ObjectStreamField; 1 [Ljava/io/ObjectStreamField;
instanceKlass java/util/regex/PatternSyntaxException
instanceKlass java/security/InvalidParameterException
instanceKlass java/nio/channels/UnsupportedAddressTypeException
instanceKlass java/nio/channels/UnresolvedAddressException
instanceKlass java/lang/NumberFormatException
ciInstanceKlass java/lang/IllegalArgumentException 1 1 35 10 7 12 1 1 1 10 12 1 10 12 1 10 12 1 100 1 1 1 1 5 0 1 1 1 1 1 1 1 1 1 1 1 1
ciInstanceKlass java/lang/IllegalMonitorStateException 1 1 26 10 100 12 1 1 1 10 12 1 100 1 1 1 1 5 0 1 1 1 1 1 1 1 1 1
ciInstanceKlass java/lang/BootstrapMethodError 0 0 45 10 100 12 1 1 1 10 12 1 10 12 1 10 100 12 1 1 1 10 100 12 1 1 1 1 1 1 5 0 1 1 1 1 1 1 1 1 1 1 1 100 1 1 1
instanceKlass java/lang/ExceptionInInitializerError
instanceKlass java/lang/IncompatibleClassChangeError
instanceKlass java/lang/BootstrapMethodError
instanceKlass java/lang/NoClassDefFoundError
ciInstanceKlass java/lang/LinkageError 1 1 31 10 7 12 1 1 1 10 12 1 10 12 1 100 1 1 1 1 5 0 1 1 1 1 1 1 1 1 1 1 1
ciInstanceKlass java/lang/NullPointerException 1 1 52 10 100 12 1 1 1 10 12 1 9 100 12 1 1 1 10 12 1 1 9 12 1 1 10 12 1 1 10 12 1 1 1 1 5 0 1 1 1 1 1 1 1 1 100 1 100 1 100 1 1 1
ciInstanceKlass java/lang/NoClassDefFoundError 0 0 26 10 100 12 1 1 1 10 12 1 100 1 1 1 1 5 0 1 1 1 1 1 1 1 1 1
ciInstanceKlass java/lang/StackOverflowError 1 1 26 10 100 12 1 1 1 10 12 1 100 1 1 1 1 5 0 1 1 1 1 1 1 1 1 1
ciInstanceKlass java/lang/StackTraceElement 1 0 235 10 7 12 1 1 1 10 7 12 1 1 9 12 1 1 9 12 1 1 9 12 1 9 12 1 8 1 10 100 12 1 1 1 7 1 9 12 1 8 1 9 12 1 9 12 1 9 12 1 1 10 12 1 1 10 12 1 8 1 10 100 12 1 1 1 7 1 10 12 1 10 12 1 1 10 12 1 10 12 1 1 10 12 1 10 12 1 10 10 12 1 8 1 10 12 1 10 12 1 1 10 12 1 1 10 12 1 10 12 1 10 12 1 9 12 1 1 10 7 12 1 1 1 10 12 1 1 7 1 10 12 1 1 10 100 12 1 1 10 100 12 1 1 1 10 7 12 1 1 10 100 12 1 1 10 10 12 1 1 10 12 1 1 10 12 1 1 10 12 1 7 1 1 1 1 1 1 1 3 1 3 1 1 5 0 1 1 1 1 1 1 1 1 1 1 1 1 1 1 1 1 1 1 1 1 1 1 1 1 1 1 1 1 1 7 1 7 1 1 1 1 1 1 1 100 1 1 1 1 1 1 1 1 1
instanceKlass java/util/concurrent/locks/AbstractQueuedSynchronizer
ciInstanceKlass java/util/concurrent/locks/AbstractOwnableSynchronizer 1 1 32 10 7 12 1 1 1 9 7 12 1 1 1 100 1 1 1 1 5 0 1 1 1 1 1 1 1 1 1 1 1 1
ciInstanceKlass java/lang/StringCoding 1 1 49 10 100 12 1 1 1 10 7 12 1 1 1 10 100 12 1 1 1 1 1 1 1 1 1 1 1 1 1 1 1 1 1 1 1 1 1 1 1 1 1 1 1 1 1 1 1 1 1
ciMethod java/lang/StringCoding countPositives ([BII)I 352 15484 1499 0 -1
ciMethod java/lang/StringCoding hasNegatives ([BII)Z 98 0 6621 0 -1
ciInstanceKlass jdk/internal/vm/Continuation 0 0 549 9 100 12 1 1 1 9 12 1 9 12 1 100 1 7 1 10 12 1 1 8 1 10 12 1 1 10 12 1 10 12 1 1 10 12 1 9 7 12 1 1 1 11 100 12 1 1 1 10 7 1 9 12 1 1 9 12 1 1 10 8 1 10 12 1 9 12 1 1 10 11 12 1 1 100 1 10 100 12 1 1 1 10 12 1 1 10 12 1 10 12 1 1 11 12 1 1 9 12 1 1 10 12 1 1 18 12 1 1 10 7 12 1 1 1 100 1 10 12 1 11 100 12 1 1 1 10 12 1 9 12 1 10 12 1 1 100 1 8 1 10 12 1 10 12 1 1 9 12 1 1 11 12 1 1 9 12 1 1 8 1 10 11 12 1 1 11 12 1 1 10 12 1 1 10 12 1 1 9 12 1 10 12 1 10 10 12 1 8 1 10 12 1 8 1 8 1 10 7 12 1 1 1 10 7 12 1 1 1 10 12 1 9 12 1 11 12 1 7 1 10 12 1 10 12 1 1 9 12 1 1 7 1 10 12 1 1 9 12 1 1 10 12 1 10 12 1 11 7 12 1 1 10 7 1 10 12 1 8 1 9 12 1 10 12 1 1 9 12 1 1 10 7 12 1 1 8 1 8 1 8 1 8 1 10 12 1 1 10 12 1 10 12 1 10 12 1 10 12 1 1 10 12 1 1 8 1 10 12 1 1 9 12 1 1 10 12 1 1 9 12 1 8 1 10 7 12 1 1 1 10 12 1 8 1 100 1 8 1 10 9 12 1 1 8 1 10 7 12 1 1 10 100 12 1 1 8 1 8 1 10 12 10 100 12 1 1 1 10 7 1 10 7 12 1 1 1 18 11 100 12 1 1 1 18 12 1 11 12 1 1 7 1 10 7 12 1 1 10 12 1 1 8 10 12 1 1 10 100 12 1 1 1 10 100 12 1 1 10 12 1 8 1 10 12 1 7 1 7 1 10 12 1 1 1 1 1 1 1 1 1 1 1 1 1 1 1 1 1 1 1 1 1 1 1 1 1 1 1 1 1 1 1 1 1 1 1 1 1 1 1 1 1 1 1 1 1 1 1 1 1 1 1 1 1 1 1 1 1 1 1 1 1 1 1 1 1 1 1 1 1 1 1 1 1 1 1 100 1 1 16 1 15 10 12 16 15 11 7 12 1 1 1 16 1 16 1 15 10 12 16 15 10 100 12 1 1 1 1 1 1 1 1 100 1 100 1 1
ciInstanceKlass jdk/internal/misc/UnsafeConstants 1 1 34 10 100 12 1 1 1 9 7 12 1 1 1 9 12 1 9 12 1 1 9 12 1 9 12 1 1 1 1 1 1 1 1 1
staticfield jdk/internal/misc/UnsafeConstants ADDRESS_SIZE0 I 8
staticfield jdk/internal/misc/UnsafeConstants PAGE_SIZE I 4096
staticfield jdk/internal/misc/UnsafeConstants BIG_ENDIAN Z 0
staticfield jdk/internal/misc/UnsafeConstants UNALIGNED_ACCESS Z 1
staticfield jdk/internal/misc/UnsafeConstants DATA_CACHE_LINE_FLUSH_SIZE I 0
ciInstanceKlass java/lang/invoke/LambdaForm 1 1 1059 7 1 100 1 10 7 12 1 1 1 9 12 1 1 9 12 1 9 12 1 9 12 1 1 9 12 1 1 9 12 1 1 9 12 1 1 9 12 1 1 9 12 1 10 7 12 1 1 9 12 1 10 12 1 1 100 1 10 10 12 1 1 10 12 1 10 12 1 10 12 1 1 10 12 1 9 12 1 9 12 1 10 12 1 1 10 7 12 1 1 1 10 12 1 1 9 100 12 1 1 1 10 12 1 1 9 7 12 1 1 10 12 1 10 12 1 1 10 12 1 1 10 12 1 1 7 1 10 7 12 1 1 1 10 12 1 1 10 12 1 10 12 1 1 9 12 1 1 9 12 1 9 12 1 1 10 12 1 9 12 1 10 100 12 1 1 1 10 12 1 1 7 1 10 12 1 9 12 1 1 10 7 12 1 1 1 10 12 1 10 12 1 7 1 10 12 1 10 12 1 10 12 1 1 10 12 1 1 10 12 1 10 12 1 10 12 1 10 12 1 1 8 1 10 12 1 10 12 1 10 10 12 1 8 1 8 1 9 12 1 9 12 1 1 10 12 1 1 10 12 1 9 12 1 10 12 1 1 10 7 12 1 1 1 10 12 1 1 10 12 1 10 12 1 10 100 12 1 1 1 9 12 1 10 12 1 8 1 8 1 8 1 8 1 8 1 8 1 8 1 8 1 10 12 1 9 12 1 7 1 10 12 1 1 9 12 1 10 12 1 10 12 1 1 10 12 10 12 1 10 12 1 1 10 12 1 1 10 10 12 1 1 10 12 1 1 7 1 8 1 10 12 1 1 10 12 1 10 12 1 1 10 8 1 10 12 1 1 8 1 8 1 8 1 10 12 1 10 12 1 10 12 1 1 100 1 10 12 1 1 10 12 1 1 10 7 12 1 1 1 10 12 1 1 9 12 1 1 8 1 10 100 12 1 1 1 10 7 12 1 1 10 12 10 12 1 1 10 12 1 1 9 12 1 8 10 12 1 1 100 1 10 12 1 1 10 12 1 9 7 12 1 1 9 7 12 1 1 1 8 1 10 100 12 1 1 10 12 1 1 7 1 7 1 10 10 12 1 1 10 12 1 1 8 1 8 1 7 1 8 1 10 12 10 12 1 10 12 1 10 12 1 1 8 1 8 1 10 12 1 10 12 1 1 8 1 8 1 8 1 7 1 8 1 7 1 8 1 7 1 8 1 10 12 1 8 1 9 10 7 12 1 1 1 10 12 1 9 12 1 1 10 12 1 10 10 12 1 10 12 1 10 12 1 10 12 1 1 10 12 1 10 12 1 1 10 12 1 1 10 12 1 1 10 12 1 1 8 1 100 10 12 1 10 12 1 9 12 1 1 10 7 12 1 1 8 1 8 1 7 1 8 1 8 1 8 1 8 1 8 1 8 1 8 1 8 1 10 12 1 1 10 12 1 1 10 12 1 10 12 1 10 12 1 10 12 1 8 1 8 1 8 1 10 12 1 8 1 10 12 1 8 1 8 1 8 1 8 1 8 1 10 12 1 10 12 1 10 12 1 1 10 7 12 1 1 1 10 12 1 10 12 1 10 12 1 10 12 1 10 12 1 10 12 1 10 12 1 9 12 1 1 8 1 10 12 1 1 9 12 1 1 10 12 1 1 9 12 1 9 12 1 1 9 12 1 9 12 1 1 7 1 10 7 12 1 1 1 9 12 1 10 12 1 10 12 1 8 1 10 12 1 9 12 1 1 7 1 10 7 12 1 1 1 8 1 100 1 10 12 1 9 12 1 9 12 1 10 12 1 10 12 1 10 7 12 1 1 1 10 12 1 9 7 12 1 1 10 12 1 1 10 12 1 10 12 1 10 12 1 9 12 10 12 1 10 10 12 1 9 12 1 9 9 12 1 7 9 12 1 1 10 12 1 1 9 12 1 10 12 1 10 7 1 9 1 1 1 1 3 1 3 1 1 3 1 3 1 1 1 1 1 1 1 1 1 1 1 1 1 1 1 1 1 1 1 1 1 1 1 1 1 1 1 1 1 1 1 1 1 1 1 1 1 1 1 1 1 1 1 1 1 1 1 1 1 1 1 100 1 1 1 1 1 1 1 1 1 1 1 1 1 1 1 1 1 1 1 1 1 1 1 1 1 1 1 1 1 1 1 1 1 1 1 1 1 1 1 1 1 1 1 1 1 1 1 1 1 1 1 1 1 1 1 1 1 1 1 1 1 1 100 1 1 1 1 1 1 1 1 1 1 1 1 1 1 1 1 1 1 1 1 1 1 1 1 1 1 1 1 1 1 1 1 1 1 7 1 1 1 1 1 1 1 1 1 1 1 1 1 1 1 1 1 1 1 1 1 1 100 1 1 1 100 1 1 7 1 1 1 1 1 1 1 1 1 1 1
staticfield java/lang/invoke/LambdaForm DEFAULT_CUSTOMIZED Ljava/lang/invoke/MethodHandle; null
staticfield java/lang/invoke/LambdaForm DEFAULT_KIND Ljava/lang/invoke/LambdaForm$Kind; java/lang/invoke/LambdaForm$Kind
staticfield java/lang/invoke/LambdaForm COMPILE_THRESHOLD I 0
staticfield java/lang/invoke/LambdaForm INTERNED_ARGUMENTS [[Ljava/lang/invoke/LambdaForm$Name; 5 [[Ljava/lang/invoke/LambdaForm$Name;
staticfield java/lang/invoke/LambdaForm IMPL_NAMES Ljava/lang/invoke/MemberName$Factory; java/lang/invoke/MemberName$Factory
staticfield java/lang/invoke/LambdaForm LF_identity [Ljava/lang/invoke/LambdaForm; 6 [Ljava/lang/invoke/LambdaForm;
staticfield java/lang/invoke/LambdaForm LF_zero [Ljava/lang/invoke/LambdaForm; 6 [Ljava/lang/invoke/LambdaForm;
staticfield java/lang/invoke/LambdaForm NF_identity [Ljava/lang/invoke/LambdaForm$NamedFunction; 6 [Ljava/lang/invoke/LambdaForm$NamedFunction;
staticfield java/lang/invoke/LambdaForm NF_zero [Ljava/lang/invoke/LambdaForm$NamedFunction; 6 [Ljava/lang/invoke/LambdaForm$NamedFunction;
staticfield java/lang/invoke/LambdaForm createFormsLock Ljava/lang/Object; java/lang/Object
staticfield java/lang/invoke/LambdaForm DEBUG_NAME_COUNTERS Ljava/util/HashMap; null
staticfield java/lang/invoke/LambdaForm DEBUG_NAMES Ljava/util/HashMap; null
staticfield java/lang/invoke/LambdaForm TRACE_INTERPRETER Z 0
staticfield java/lang/invoke/LambdaForm $assertionsDisabled Z 1
ciInstanceKlass java/lang/invoke/MemberName 1 1 724 7 1 7 1 100 1 9 12 1 1 10 7 12 1 1 1 9 12 1 1 10 12 1 1 10 12 1 1 10 12 1 1 10 12 1 10 12 1 1 10 7 12 1 1 1 10 12 1 9 7 12 1 1 10 12 1 7 1 7 1 10 12 1 8 1 10 12 1 1 10 12 1 10 12 1 1 10 12 1 9 12 1 1 8 1 10 100 12 1 1 1 7 1 10 10 12 1 1 7 1 7 1 10 12 1 9 12 1 1 100 1 8 1 10 12 1 10 12 1 10 12 1 10 12 1 10 12 1 1 10 12 1 10 12 1 10 12 1 1 8 1 8 1 10 12 1 8 1 9 12 1 1 3 10 12 1 10 12 1 10 12 1 10 10 7 12 1 1 1 10 12 1 10 12 1 10 12 1 10 12 1 7 1 8 10 12 1 1 10 12 1 1 8 1 9 7 1 8 9 7 1 10 12 1 1 10 12 1 10 12 1 8 1 10 12 1 1 10 12 1 10 12 1 10 12 1 10 12 1 1 7 1 10 12 1 1 10 12 1 8 1 10 12 1 10 12 1 8 1 10 12 1 1 10 12 1 1 7 1 10 12 1 1 10 12 8 1 8 1 7 1 10 12 1 10 100 12 1 1 1 100 1 10 12 10 12 1 10 12 1 10 12 1 10 12 1 10 10 12 1 10 12 1 10 12 1 3 10 12 1 3 10 12 1 3 3 3 3 3 3 10 12 1 3 9 12 1 10 12 1 1 3 10 12 1 10 10 7 12 1 1 1 10 12 1 1 10 7 12 1 1 10 10 12 1 10 12 1 1 10 12 1 10 10 12 1 1 10 12 1 10 12 1 10 12 1 7 1 10 10 10 12 100 1 10 10 10 12 1 1 10 12 1 1 10 10 12 1 8 10 7 1 10 12 1 10 7 1 10 12 1 10 12 1 10 12 1 10 10 12 1 10 12 1 1 10 12 1 1 10 12 1 10 12 1 10 12 1 100 1 10 12 1 1 100 1 8 1 10 7 1 10 12 1 10 12 10 12 1 1 10 12 1 10 12 1 8 1 8 1 8 1 8 1 10 12 1 10 12 1 10 7 12 1 1 1 8 1 8 1 10 12 1 8 1 10 10 10 12 1 10 12 1 8 1 8 1 10 10 12 1 8 1 10 100 12 1 1 1 8 1 100 1 10 12 1 10 12 1 1 10 12 1 8 1 8 1 8 1 8 1 100 1 10 8 1 8 1 8 1 8 1 10 12 1 100 1 100 1 100 1 10 100 1 10 7 1 10 7 12 1 1 1 9 7 12 1 1 1 7 1 7 1 1 1 1 1 1 1 3 1 3 1 3 1 3 1 3 1 3 1 1 1 1 1 1 1 1 3 1 3 1 1 1 1 1 1 1 1 1 1 1 1 1 1 1 1 1 1 1 1 1 1 1 1 1 1 1 1 1 1 1 1 1 1 1 1 1 1 1 1 1 1 1 1 1 1 1 1 1 1 1 1 1 1 1 1 1 1 1 1 1 1 1 1 1 1 1 1 1 1 1 1 1 1 1 1 1 1 1 1 1 1 1 1 1 1 1 1 1 1 1 1 1 1 1 1 7 1 1 1 1 1 1 1 1 1 1 1 1 1 1 1
staticfield java/lang/invoke/MemberName $assertionsDisabled Z 1
instanceKlass java/lang/invoke/VarHandleReferences$Array
instanceKlass java/lang/invoke/VarHandleLongs$Array
instanceKlass java/lang/invoke/VarHandleByteArrayAsDoubles$ByteArrayViewVarHandle
instanceKlass java/lang/invoke/VarHandleByteArrayAsFloats$ByteArrayViewVarHandle
instanceKlass java/lang/invoke/VarHandleByteArrayAsChars$ByteArrayViewVarHandle
instanceKlass java/lang/invoke/VarHandleByteArrayAsShorts$ByteArrayViewVarHandle
instanceKlass java/lang/invoke/VarHandleBooleans$FieldInstanceReadOnly
instanceKlass java/lang/invoke/VarHandleByteArrayAsLongs$ByteArrayViewVarHandle
instanceKlass java/lang/invoke/VarHandleByteArrayAsInts$ByteArrayViewVarHandle
instanceKlass java/lang/invoke/VarHandleInts$FieldInstanceReadOnly
instanceKlass java/lang/invoke/VarHandleLongs$FieldInstanceReadOnly
instanceKlass java/lang/invoke/VarHandleReferences$FieldInstanceReadOnly
ciInstanceKlass java/lang/invoke/VarHandle 1 1 473 10 7 12 1 1 1 10 7 12 1 1 9 12 1 1 9 12 1 1 100 1 10 8 1 10 12 1 1 10 7 12 1 1 1 10 12 1 1 10 7 12 1 1 1 9 100 12 1 1 1 10 12 1 1 10 7 12 1 1 1 10 12 1 1 9 12 1 10 12 1 9 12 1 1 10 7 12 1 1 10 12 1 9 7 12 1 1 1 9 12 1 1 10 12 1 1 100 1 7 1 10 8 1 10 12 1 1 10 12 1 8 1 10 12 1 10 12 1 9 12 1 1 9 12 1 10 12 1 10 12 1 1 10 12 1 10 10 100 12 1 1 1 10 12 1 1 10 12 1 1 10 7 12 1 1 1 10 100 12 1 1 1 10 100 12 1 1 1 9 12 1 1 9 10 12 1 10 12 1 10 12 1 1 10 12 1 10 7 12 1 1 1 9 12 1 1 10 12 1 1 9 12 1 10 12 1 10 12 1 10 7 12 1 1 100 1 10 9 7 12 1 1 1 9 12 1 1 10 7 12 1 1 1 10 12 1 10 12 1 10 12 1 10 12 1 10 12 1 10 12 1 1 8 10 12 1 1 7 1 10 12 1 1 7 1 1 1 1 1 1 1 1 1 1 1 1 1 1 1 1 1 1 1 1 1 1 1 1 1 1 1 1 1 1 1 1 1 1 1 1 1 1 1 1 1 1 1 1 1 1 1 1 1 1 1 1 1 1 1 1 1 1 1 1 1 1 1 1 1 1 1 1 100 1 1 1 1 1 1 1 1 100 1 1 1 1 1 1 1 1 1 1 1 1 100 1 100 1 1 100 1 100 1 100 1 100 1 100 1 100 1 100 1 100 1 100 1 100 1 100 1 100 1 100 1 100 1 100 1 100 1 100 1 100 1 100 1 100 1 100 1 100 1 100 1 100 1 100 1 100 1 100 1 100 1 100 1 100 1 100 1 100 1 100 1 100 1 100 1 1 1 1 1 1 100 1 1 1 100 1 1 100 1 100 1 100 1 100 1 100 1 100 1 1 1 1 100 1 100 1 100 1 100 1 100 1 100 1 100 1 100 1
staticfield java/lang/invoke/VarHandle VFORM_OFFSET J 16
staticfield java/lang/invoke/VarHandle $assertionsDisabled Z 1
instanceKlass jdk/internal/reflect/FieldAccessorImpl
instanceKlass jdk/internal/reflect/ConstructorAccessorImpl
instanceKlass jdk/internal/reflect/MethodAccessorImpl
ciInstanceKlass jdk/internal/reflect/MagicAccessorImpl 1 1 16 10 7 12 1 1 1 100 1 1 1 1 1 1 1 1
instanceKlass jdk/internal/reflect/DirectMethodHandleAccessor
ciInstanceKlass jdk/internal/reflect/MethodAccessorImpl 1 1 38 10 7 12 1 1 1 10 100 12 1 1 1 100 1 1 1 1 1 1 1 100 1 100 1 1 1 1 1 1 1 1 1 1 1 1 1 1
ciInstanceKlass jdk/internal/reflect/MethodAccessor 1 0 17 100 1 100 1 1 1 1 100 1 100 1 1 1 1 1 1
instanceKlass jdk/internal/reflect/SerializationConstructorAccessorImpl
instanceKlass jdk/internal/reflect/DirectConstructorHandleAccessor$NativeAccessor
instanceKlass jdk/internal/reflect/DirectConstructorHandleAccessor
instanceKlass jdk/internal/reflect/NativeConstructorAccessorImpl
ciInstanceKlass jdk/internal/reflect/ConstructorAccessorImpl 1 1 27 10 7 12 1 1 1 100 1 100 1 1 1 1 1 1 1 1 1 100 1 100 1 100 1 1 1
ciInstanceKlass jdk/internal/reflect/ConstructorAccessor 1 0 16 100 1 100 1 1 1 1 100 1 100 1 100 1 1 1
ciInstanceKlass jdk/internal/reflect/DelegatingClassLoader 1 1 18 10 7 12 1 1 1 100 1 1 1 1 1 1 1 1 1 1
ciInstanceKlass jdk/internal/reflect/CallerSensitive 0 0 17 100 1 100 1 100 1 1 1 1 1 1 1 1 1 1 1
ciInstanceKlass jdk/internal/reflect/NativeConstructorAccessorImpl 0 0 125 10 7 12 1 1 1 9 7 12 1 1 1 100 1 10 12 1 9 12 1 1 9 12 1 1 10 100 12 1 1 1 10 7 12 1 1 1 10 7 12 1 1 1 9 12 1 9 12 1 1 9 12 1 1 10 7 12 1 1 1 100 1 10 10 12 1 1 10 12 1 10 12 1 1 10 12 1 7 1 10 12 1 1 10 12 1 1 8 10 12 1 1 1 1 1 1 1 1 1 1 1 1 1 1 1 1 1 1 1 1 1 1 100 1 100 1 100 1 1 1 1 1 1 1
ciInstanceKlass jdk/internal/reflect/ConstantPool 1 1 142 10 7 12 1 1 1 9 7 12 1 1 1 10 12 1 1 10 12 1 1 10 12 1 10 12 1 1 10 12 1 1 10 12 1 10 12 1 1 10 12 1 10 12 1 1 10 12 1 10 12 1 10 12 1 10 12 1 1 10 12 1 1 10 12 1 1 10 12 1 1 10 12 1 10 12 1 1 10 100 12 1 1 1 8 11 7 12 1 1 1 10 7 12 1 1 1 1 1 1 1 1 1 1 1 1 1 1 1 1 1 1 1 1 1 1 1 1 1 1 1 1 1 1 1 1 1 1 1 1 1 1 1 1 1 1 1 1 1 1 1 1
ciInstanceKlass jdk/internal/reflect/UnsafeStaticFieldAccessorImpl 0 0 47 10 7 12 1 1 1 9 7 12 1 1 1 10 7 12 1 1 1 9 12 1 1 8 11 100 12 1 1 1 10 100 12 1 1 1 1 1 1 1 1 1 1 1 1 1 1
ciInstanceKlass jdk/internal/reflect/FieldAccessor 1 0 48 100 1 100 1 1 1 1 100 1 1 1 1 1 1 1 1 1 1 1 1 1 1 1 1 1 1 1 100 1 1 1 1 1 1 1 1 1 1 1 1 1 1 1 1 1 1 1
instanceKlass jdk/internal/reflect/MethodHandleFieldAccessorImpl
instanceKlass jdk/internal/reflect/UnsafeFieldAccessorImpl
ciInstanceKlass jdk/internal/reflect/FieldAccessorImpl 1 1 269 10 7 12 1 1 1 9 7 12 1 1 1 10 7 12 1 1 1 10 7 12 1 1 10 7 12 1 1 1 10 12 1 1 7 1 10 10 12 1 1 10 12 1 1 8 1 10 10 12 1 100 1 8 1 10 12 1 8 1 10 12 1 8 1 10 12 1 100 1 10 12 1 1 10 8 1 10 12 1 1 8 1 10 7 12 1 1 8 1 10 7 12 1 1 8 1 10 7 12 1 1 8 1 10 7 12 1 1 8 1 10 7 12 1 1 8 1 10 7 12 1 1 8 1 10 7 12 1 1 8 1 10 7 12 1 1 10 12 1 1 8 1 10 12 1 1 10 100 12 1 1 1 8 1 10 12 1 8 1 8 1 8 1 8 1 10 7 12 1 1 1 8 1 8 1 8 1 10 12 7 1 1 1 1 1 1 1 1 1 1 1 1 1 1 1 1 1 1 1 1 1 1 1 1 1 1 1 1 1 1 1 1 1 1 1 1 1 1 1 1 1 1 1 1 1 1 1 1 1 1 1 1 1 1 1 1 1 1 1 1 1 1 1 1 1 1 1 1 1 1 1 1 1 1 1 1 1 1 1 1 1 1 1 1 1 1 1 1
instanceKlass jdk/internal/reflect/UnsafeStaticFieldAccessorImpl
ciInstanceKlass jdk/internal/reflect/UnsafeFieldAccessorImpl 0 0 62 10 100 12 1 1 1 10 100 12 1 1 1 10 100 12 1 1 1 9 100 12 1 1 10 12 1 9 12 1 1 10 100 12 1 1 1 9 12 1 1 10 12 1 10 12 1 1 1 1 1 1 1 1 1 1 1 1 1 1 1 1
instanceKlass java/lang/invoke/VolatileCallSite
instanceKlass java/lang/invoke/MutableCallSite
instanceKlass java/lang/invoke/ConstantCallSite
ciInstanceKlass java/lang/invoke/CallSite 1 1 307 10 7 12 1 1 1 10 7 12 1 1 1 9 7 12 1 1 1 10 12 1 1 9 12 1 1 10 7 12 1 1 1 10 12 1 7 1 10 12 1 1 10 12 1 1 9 100 12 1 1 1 10 7 12 1 1 10 12 1 1 100 1 7 1 10 10 7 12 1 1 1 10 12 1 1 8 1 10 12 1 10 12 1 1 10 12 1 10 12 1 1 10 12 1 1 10 10 100 12 1 1 10 12 1 1 9 12 1 9 100 12 1 1 1 8 1 10 7 12 1 1 1 10 12 1 1 7 1 10 12 1 1 9 12 1 8 1 100 1 10 12 1 10 12 1 100 1 8 1 10 10 12 1 10 12 1 1 100 1 10 12 1 1 10 12 1 10 12 1 10 12 1 1 10 12 1 1 9 12 1 1 8 10 12 1 1 9 12 1 1 100 1 10 10 12 1 10 7 12 1 1 1 10 12 1 1 10 12 1 1 10 12 1 10 7 12 1 1 1 7 1 8 1 10 10 12 10 12 1 1 7 1 7 1 7 1 8 1 10 12 1 10 7 12 1 1 1 1 1 1 1 1 1 1 1 1 1 1 1 1 1 1 1 1 1 1 1 1 1 1 1 1 1 1 1 1 1 1 1 1 1 1 1 1 1 1 1 1 1 1 1 1 1 1 1 1 1 1 1 7 1 7 1 1 1 1
staticfield java/lang/invoke/CallSite $assertionsDisabled Z 1
ciInstanceKlass java/lang/invoke/ConstantCallSite 1 1 65 10 7 12 1 1 1 9 7 12 1 1 1 9 12 1 1 10 7 12 1 1 1 10 12 1 100 1 10 12 9 12 1 1 100 1 10 10 12 1 1 10 12 1 1 1 1 1 1 1 1 1 1 1 1 1 100 1 1 1 1 1 1 1 1
staticfield java/lang/invoke/ConstantCallSite UNSAFE Ljdk/internal/misc/Unsafe; jdk/internal/misc/Unsafe
instanceKlass java/lang/invoke/DirectMethodHandle$Special
instanceKlass java/lang/invoke/DirectMethodHandle$StaticAccessor
instanceKlass java/lang/invoke/DirectMethodHandle$Interface
instanceKlass java/lang/invoke/DirectMethodHandle$Constructor
instanceKlass java/lang/invoke/DirectMethodHandle$Accessor
ciInstanceKlass java/lang/invoke/DirectMethodHandle 1 1 923 7 1 7 1 100 1 7 1 7 1 10 7 12 1 1 1 10 7 12 1 1 1 7 1 10 12 1 10 12 1 1 10 7 12 1 1 10 12 1 1 10 12 1 10 12 1 7 1 10 12 1 1 10 12 1 1 10 12 1 10 12 1 1 10 7 12 1 1 1 10 12 1 9 12 1 1 100 1 10 9 12 1 1 9 12 1 10 12 1 10 12 1 10 12 1 1 10 12 1 10 12 1 10 12 1 10 7 12 1 1 1 10 12 1 10 12 1 1 8 1 10 12 1 1 7 1 10 12 1 7 1 10 10 12 1 10 12 1 10 12 1 10 7 12 1 1 1 10 12 1 1 7 1 10 12 1 10 12 1 7 1 10 12 1 10 12 1 1 10 12 1 1 10 12 1 8 10 7 12 1 1 1 10 12 1 10 12 1 10 12 1 1 10 12 1 9 7 12 1 1 1 7 1 10 12 1 10 7 12 1 1 1 10 12 1 10 12 1 1 9 12 1 1 7 1 10 8 1 10 12 1 1 10 12 1 1 8 1 10 12 1 10 12 1 10 10 12 1 10 12 1 10 12 1 10 12 1 10 12 1 1 10 12 1 10 12 1 1 10 12 1 10 12 1 1 10 10 7 12 1 1 1 10 12 1 10 12 1 1 10 12 1 10 12 1 1 8 1 9 7 12 1 1 1 8 1 9 12 1 9 12 1 8 1 9 12 1 9 12 1 8 1 9 12 1 9 12 1 8 1 10 12 1 10 12 1 1 9 12 1 1 7 1 10 12 1 1 7 1 10 7 12 1 1 1 10 12 1 1 10 12 1 10 12 1 1 7 1 10 12 1 1 10 12 1 10 12 1 1 7 1 10 12 1 1 10 12 1 10 7 12 1 1 1 10 12 1 10 12 1 1 10 12 1 9 12 1 1 10 7 1 9 12 9 12 1 10 7 12 1 1 1 10 12 1 7 1 7 1 7 1 9 12 1 1 10 7 12 1 1 1 10 12 10 12 1 100 1 10 12 1 10 12 1 1 8 1 9 12 1 9 12 1 10 12 1 1 9 12 1 1 10 100 12 1 1 1 9 12 1 1 9 12 1 1 10 12 1 10 12 1 10 12 1 10 12 1 1 10 12 1 9 12 1 10 12 1 10 12 1 10 12 1 10 12 1 1 10 12 1 1 9 12 1 1 10 12 1 1 9 7 12 1 1 1 9 12 1 9 12 1 9 12 1 9 12 1 9 12 1 9 12 1 9 12 1 9 12 1 9 12 1 9 12 1 9 12 1 9 12 1 9 12 1 9 12 1 9 12 1 9 12 1 9 12 1 9 12 1 9 12 1 9 12 1 9 12 1 9 12 1 9 12 1 9 12 1 9 12 1 9 12 1 9 12 1 9 12 1 9 12 1 9 12 1 9 12 1 9 12 1 9 12 1 9 12 1 9 12 1 9 12 1 8 1 9 12 1 1 9 12 1 1 10 12 1 10 12 1 1 9 7 1 10 12 1 9 12 1 1 10 12 10 12 1 10 12 1 10 12 1 10 12 1 10 8 1 8 1 8 1 8 1 10 12 1 1 9 12 1 1 10 12 1 10 100 12 1 1 1 8 9 12 1 1 10 12 1 1 8 1 8 8 9 12 1 8 1 8 8 8 8 8 1 8 10 12 1 7 1 10 12 1 8 1 8 1 10 12 1 10 12 1 10 12 1 10 12 1 1 7 1 1 1 1 3 1 3 1 3 1 3 1 3 1 3 1 3 1 3 1 3 1 3 1 1 1 1 1 1 1 1 1 1 3 1 3 1 1 1 1 3 1 1 1 1 1 1 1 1 1 1 1 1 1 1 1 1 1 1 1 1 1 1 1 1 1 1 1 1 1 1 1 1 1 1 1 1 1 1 1 1 1 1 1 1 1 1 1 1 1 1 1 1 1 1 1 1 1 100 1 1 1 1 1 1 1 1 1 100 1 1 1 1 1 1 1 1 1 1 1 1 1 1 1 1 1 1 1 1 1 1 1 1 1 1 1 1 1 1 1 1 1 1 1 1 1 1 1 1 1 1 1 1 1 1 1 1 1 1 1 1
staticfield java/lang/invoke/DirectMethodHandle IMPL_NAMES Ljava/lang/invoke/MemberName$Factory; java/lang/invoke/MemberName$Factory
staticfield java/lang/invoke/DirectMethodHandle FT_UNCHECKED_REF I 8
staticfield java/lang/invoke/DirectMethodHandle ACCESSOR_FORMS [Ljava/lang/invoke/LambdaForm; 132 [Ljava/lang/invoke/LambdaForm;
staticfield java/lang/invoke/DirectMethodHandle ALL_WRAPPERS [Lsun/invoke/util/Wrapper; 10 [Lsun/invoke/util/Wrapper;
staticfield java/lang/invoke/DirectMethodHandle NFS [Ljava/lang/invoke/LambdaForm$NamedFunction; 12 [Ljava/lang/invoke/LambdaForm$NamedFunction;
staticfield java/lang/invoke/DirectMethodHandle OBJ_OBJ_TYPE Ljava/lang/invoke/MethodType; java/lang/invoke/MethodType
staticfield java/lang/invoke/DirectMethodHandle LONG_OBJ_TYPE Ljava/lang/invoke/MethodType; java/lang/invoke/MethodType
staticfield java/lang/invoke/DirectMethodHandle $assertionsDisabled Z 1
ciInstanceKlass java/lang/invoke/MutableCallSite 0 0 63 10 100 12 1 1 1 10 12 1 9 100 12 1 1 1 10 12 1 10 12 1 1 9 12 1 1 10 100 12 1 1 1 10 100 12 1 1 1 10 12 1 1 1 1 1 1 1 1 1 1 1 1 1 1 1 1 1 1 100 1 1 1
ciInstanceKlass java/lang/invoke/VolatileCallSite 0 0 37 10 100 12 1 1 1 10 12 1 10 100 12 1 1 1 10 12 1 10 12 1 1 1 1 1 1 1 1 1 1 1 1 1 1 1 1
ciInstanceKlass java/lang/invoke/ResolvedMethodName 1 1 16 10 100 12 1 1 1 100 1 1 1 1 1 1 1 1
ciInstanceKlass java/lang/invoke/MethodHandleNatives 1 1 690 100 1 10 7 12 1 1 1 9 7 12 1 1 1 10 12 1 1 100 1 10 10 12 1 1 10 12 1 10 12 1 8 1 8 1 8 1 8 1 8 1 8 1 8 1 8 1 8 1 8 1 10 12 1 1 7 1 10 7 12 1 1 1 10 7 12 1 1 1 7 1 10 10 12 1 1 8 1 10 12 1 8 1 10 12 1 1 8 1 10 12 1 1 9 7 12 1 1 1 8 1 10 100 12 1 1 1 7 1 10 12 100 1 100 1 8 1 7 1 10 10 12 1 7 1 9 7 12 1 1 10 12 1 1 10 12 1 10 7 12 1 1 1 10 12 1 1 9 12 1 8 1 10 12 1 1 10 12 1 8 1 10 12 1 1 7 1 10 12 1 10 7 12 1 1 1 10 12 1 10 12 1 1 10 12 1 1 8 1 10 12 1 1 8 1 10 12 1 8 1 8 1 8 1 7 1 10 12 1 8 1 10 7 12 1 1 1 10 12 1 1 10 7 12 1 1 10 10 12 1 1 10 12 1 10 100 12 1 1 1 100 1 8 1 10 100 12 1 1 1 7 1 8 1 10 12 1 8 1 8 1 8 1 8 1 8 1 10 12 1 1 10 12 1 1 10 12 1 10 12 1 1 10 12 1 1 7 1 10 12 1 7 1 7 1 10 12 1 10 12 1 8 1 8 1 10 10 12 1 1 10 12 1 1 8 1 10 7 12 1 1 8 1 8 1 10 12 1 1 10 7 12 1 1 1 100 1 10 12 1 1 7 1 9 12 1 1 10 7 12 1 1 1 10 10 12 1 9 12 1 10 12 1 9 12 1 9 12 1 10 12 1 1 10 12 1 10 12 1 1 7 1 7 1 10 12 1 1 10 12 1 10 12 1 1 10 7 12 1 1 1 10 12 1 8 1 10 12 1 10 12 1 10 12 1 1 10 12 1 10 7 12 1 1 1 10 12 1 1 100 1 8 1 10 9 7 12 1 1 1 10 12 1 1 10 12 1 1 7 1 10 12 1 1 10 12 1 1 100 1 100 1 10 10 100 1 100 1 10 100 1 10 10 12 1 1 10 7 1 10 12 1 10 12 1 1 10 12 1 1 10 12 1 1 10 12 1 10 12 1 1 10 8 1 10 12 1 10 12 1 10 12 1 10 12 1 10 12 1 1 10 12 1 10 12 1 10 12 1 10 10 7 12 1 1 10 12 1 1 1 1 1 1 1 1 1 1 1 1 1 7 1 1 1 1 1 1 1 1 1 1 1 1 1 1 1 1 1 1 1 1 1 1 1 1 1 1 1 1 1 1 1 1 1 1 1 1 1 1 1 1 1 1 1 1 1 1 1 1 1 1 1 1 1 1 1 1 1 1 1 1 1 1 1 1 1 100 1 1 1 1 1 1 1 1 1 1 1 1 1 1 1 1 1 1 1 1 1 1 1 1 1 1 1 1 1 1 1 1 1 100 1 1 1 1 1 1 1 1 1 1 1 1 1 1 1 1 1 1 1 1 1 1 1 1 1 1 7 1 1 1 1 1 1 1 100 1 1 1
staticfield java/lang/invoke/MethodHandleNatives $assertionsDisabled Z 1
ciInstanceKlass java/lang/invoke/MethodHandleNatives$CallSiteContext 1 1 49 10 7 12 1 1 1 7 1 10 10 7 12 1 1 1 10 7 12 1 1 1 10 7 12 1 1 1 100 1 1 1 1 1 1 1 1 1 1 1 1 1 1 1 1 1 100 1 1
ciInstanceKlass jdk/internal/foreign/abi/NativeEntryPoint 0 0 194 10 7 12 1 1 1 9 7 12 1 1 1 9 12 1 1 100 1 8 1 10 12 1 10 12 1 1 100 1 10 100 12 1 1 1 10 12 1 9 12 1 1 18 12 1 1 10 100 12 1 1 1 10 7 12 1 1 1 9 7 12 1 1 1 7 1 10 8 1 10 12 1 1 10 12 1 10 12 1 1 8 1 10 12 1 1 7 1 8 1 10 12 1 10 12 1 1 10 12 1 9 12 1 1 18 12 1 1 10 100 12 1 1 1 10 12 1 1 10 12 1 10 100 12 1 1 1 10 1 1 1 1 1 1 1 1 1 1 1 1 1 1 1 1 1 1 1 1 1 1 1 1 1 1 1 1 1 1 1 1 1 1 1 1 1 16 1 15 10 12 16 1 16 15 10 12 15 10 100 12 1 1 1 1 1 100 1 1 100 1 100 1 1
ciInstanceKlass jdk/internal/foreign/abi/ABIDescriptor 0 0 55 10 100 12 1 1 1 9 100 12 1 1 1 9 12 1 1 9 12 1 9 12 1 9 12 1 1 9 12 1 9 12 1 1 9 12 1 9 12 1 9 12 1 9 12 1 1 1 1 1 1 1 1 1 1
ciInstanceKlass jdk/internal/foreign/abi/VMStorage 0 0 91 10 7 12 1 1 1 9 7 12 1 1 1 9 12 1 1 9 12 1 1 9 12 1 1 7 1 10 8 1 10 12 1 1 10 12 1 10 12 1 1 10 12 1 18 12 1 18 12 1 1 18 12 1 1 1 1 1 1 1 1 1 1 1 1 1 1 1 1 1 1 1 8 1 15 15 15 15 15 10 100 12 1 1 1 1 100 1 100 1 1
ciInstanceKlass jdk/internal/foreign/abi/UpcallLinker$CallRegs 0 0 66 10 7 12 1 1 1 9 7 12 1 1 1 9 12 1 18 12 1 1 18 12 1 1 18 12 1 1 1 1 1 1 1 1 1 1 1 1 1 1 1 1 1 1 100 1 1 1 8 1 15 15 15 10 100 12 1 1 1 1 1 100 1 100 1 1
ciInstanceKlass java/lang/StackWalker 1 1 271 9 7 12 1 1 1 7 1 10 7 12 1 1 1 10 12 1 1 10 7 12 1 1 1 10 12 1 1 10 12 1 11 7 12 1 1 1 10 12 1 1 10 12 1 1 10 12 1 1 100 1 8 1 10 12 1 10 12 1 10 12 1 10 7 12 1 1 9 12 1 1 9 12 1 1 9 12 1 1 9 12 1 1 10 12 1 1 9 12 1 1 9 12 1 1 9 12 1 1 10 7 12 1 1 1 11 12 1 1 100 1 8 1 10 10 7 12 1 1 9 12 1 1 10 12 1 1 10 100 12 1 1 1 10 100 12 1 1 1 18 12 1 1 100 1 8 1 10 8 1 10 12 1 1 10 100 12 1 1 1 10 12 1 1 9 100 12 1 1 11 100 12 1 1 1 10 12 1 1 1 1 1 1 1 1 1 1 1 1 1 1 1 1 1 1 1 1 1 1 1 1 1 1 1 1 1 1 1 1 1 1 1 1 1 1 1 1 1 1 1 1 1 1 1 1 1 1 1 1 1 1 1 1 1 1 1 1 1 1 1 1 1 1 7 1 1 16 15 10 12 16 1 15 10 100 12 1 1 1 1 1 1 1 1 1 100 1 100 1 1
staticfield java/lang/StackWalker DEFAULT_EMPTY_OPTION Ljava/util/EnumSet; java/util/RegularEnumSet
staticfield java/lang/StackWalker DEFAULT_WALKER Ljava/lang/StackWalker; java/lang/StackWalker
ciInstanceKlass java/lang/StackWalker$StackFrame 0 0 41 100 1 10 12 1 1 100 1 100 1 1 1 1 1 1 1 1 1 1 1 1 1 1 1 1 1 1 1 1 1 1 1 1 1 1 1 100 1 1 1
instanceKlass java/lang/LiveStackFrameInfo
ciInstanceKlass java/lang/StackFrameInfo 0 0 142 10 7 12 1 1 1 9 7 12 1 1 1 9 7 1 9 12 1 1 11 100 12 1 1 1 9 12 1 1 11 12 1 1 10 12 1 1 10 7 12 1 1 1 10 12 1 11 12 1 11 12 1 1 11 12 1 10 12 1 1 9 12 1 1 10 12 1 1 10 7 12 1 1 10 12 1 1 11 12 1 1 9 12 1 1 10 7 1 10 12 1 9 12 1 1 10 12 1 1 100 1 8 1 10 12 1 10 100 12 1 1 1 7 1 1 1 1 1 1 1 1 1 1 1 1 1 1 1 1 1 1 7 1 1 7 1 1 1 1 1 1
ciInstanceKlass java/lang/LiveStackFrameInfo 0 0 97 10 7 12 1 1 1 9 7 12 1 1 1 9 12 1 9 12 1 9 12 1 9 12 1 1 7 1 10 12 1 1 10 12 1 8 1 10 12 1 1 8 1 8 1 8 1 10 100 1 10 12 1 100 1 10 12 1 7 1 7 1 1 1 3 1 3 1 1 1 1 1 1 1 1 1 1 1 1 1 1 1 1 1 1 1 1 1 1 1 1 1 1 1 100 1 1
ciInstanceKlass java/lang/LiveStackFrame 0 0 135 100 1 10 100 12 1 1 1 11 7 12 1 1 1 11 12 1 10 7 12 1 1 1 100 1 8 1 10 12 1 1 10 7 12 1 1 1 9 100 12 1 1 1 10 7 12 1 1 1 10 7 12 1 1 1 11 12 1 10 12 1 7 1 7 1 1 1 1 1 1 1 1 1 1 1 1 1 1 1 1 1 1 1 1 1 1 1 1 1 1 1 1 100 1 1 1 1 1 1 1 100 1 8 1 1 12 10 1 1 1 8 1 1 1 8 1 1 1 8 1 1 1 8 1 1 8 1 1 1 8 1 1 8 1
ciInstanceKlass java/lang/StackStreamFactory$AbstractStackWalker 1 0 375 100 1 7 1 3 10 7 12 1 1 1 10 7 12 1 1 10 7 12 1 1 1 9 12 1 1 10 12 1 1 9 12 1 1 9 12 1 1 9 12 1 1 9 12 1 10 7 12 1 1 1 10 12 1 1 10 7 12 1 1 9 12 1 1 9 12 1 1 10 12 1 1 9 100 12 1 1 1 10 12 1 1 10 12 1 9 12 1 1 10 100 12 1 1 1 10 12 1 1 9 12 1 1 9 7 12 1 1 1 7 1 10 8 1 10 12 1 1 10 12 1 8 1 10 12 1 1 10 100 12 1 1 1 100 1 8 1 10 12 1 8 1 10 12 10 100 12 1 1 9 12 1 8 1 5 0 8 1 8 1 9 12 1 1 10 12 1 1 18 12 1 1 10 7 12 1 1 1 10 12 1 1 10 12 1 10 12 1 9 12 1 10 12 1 10 12 1 10 12 1 10 12 1 10 12 1 10 12 1 1 8 1 10 12 1 10 12 1 10 12 1 10 12 1 1 8 1 10 12 1 1 10 12 1 1 10 12 1 1 10 12 1 10 12 1 10 100 12 1 1 1 10 12 1 10 12 1 9 12 1 8 1 10 12 1 10 12 1 10 12 1 1 10 12 1 10 12 1 10 12 1 1 10 12 1 10 12 1 10 12 1 10 12 1 10 12 1 10 12 1 1 10 12 1 1 10 12 1 8 1 1 1 1 1 1 1 1 1 1 1 1 1 7 1 1 1 1 1 1 1 7 1 1 1 1 7 1 1 1 1 1 1 1 1 1 1 1 1 1 1 1 1 1 1 1 16 15 15 10 100 12 1 1 1 1 1 1 1 1 100 1 100 1 1
ciInstanceKlass jdk/internal/module/Modules 1 1 504 10 7 12 1 1 1 9 7 12 1 1 1 11 7 12 1 1 1 11 12 1 1 11 12 1 1 11 12 1 1 11 12 1 11 12 1 11 12 1 11 12 1 11 12 1 1 10 7 12 1 1 1 10 100 12 1 1 1 18 12 1 1 10 7 12 1 1 1 7 1 10 7 12 1 1 1 10 100 12 1 1 1 10 100 12 1 1 10 12 1 1 11 12 1 9 12 1 1 11 7 12 1 1 1 10 12 1 1 10 10 12 1 10 9 12 1 1 10 100 12 1 1 10 12 1 1 10 100 12 1 1 100 1 11 100 12 1 1 1 10 100 12 1 1 1 11 100 12 1 1 10 12 1 1 10 100 12 1 1 10 100 12 1 1 1 10 12 1 1 10 12 1 1 11 12 1 1 18 12 1 1 11 100 12 1 1 10 100 12 1 1 1 11 100 12 1 1 1 7 1 11 12 1 1 11 7 12 1 1 1 11 12 1 1 10 12 1 1 10 100 12 1 1 18 12 1 1 11 12 1 1 18 12 1 1 11 12 1 1 10 12 1 18 18 10 12 1 1 9 12 1 1 11 7 12 1 1 1 100 1 10 11 12 1 11 12 1 1 11 12 1 1 10 100 1 10 12 1 1 10 100 12 1 1 10 12 1 1 11 12 10 12 1 1 7 1 10 18 12 1 10 12 1 1 7 1 8 1 10 12 1 10 100 12 1 1 18 12 1 11 11 12 10 12 1 10 10 100 1 18 12 1 10 10 10 7 12 1 1 10 7 12 1 1 1 10 12 1 1 1 1 1 1 1 1 1 1 1 1 1 1 1 1 1 1 1 1 1 1 1 1 1 1 1 1 1 1 1 1 1 100 1 1 1 1 1 1 1 1 1 1 1 1 1 1 1 1 1 1 1 1 1 1 1 1 1 1 1 1 1 1 1 1 1 1 1 7 1 1 1 1 1 1 1 1 1 1 1 1 1 1 1 1 1 1 1 1 1 1 1 16 15 10 12 1 16 16 15 10 12 1 16 1 16 1 15 10 12 1 16 1 16 1 15 10 12 16 1 15 10 16 1 15 10 12 16 1 15 10 12 16 15 10 12 16 15 10 12 15 10 100 12 1 1 1 1 1 1 100 1 100 1 1
staticfield jdk/internal/module/Modules JLA Ljdk/internal/access/JavaLangAccess; java/lang/System$2
staticfield jdk/internal/module/Modules JLMA Ljdk/internal/access/JavaLangModuleAccess; java/lang/module/ModuleDescriptor$1
staticfield jdk/internal/module/Modules $assertionsDisabled Z 1
ciInstanceKlass java/util/ArrayList 1 1 509 10 7 12 1 1 1 7 1 9 7 12 1 1 1 9 12 1 100 1 7 1 10 8 1 10 12 1 1 10 12 1 10 12 1 1 10 12 1 9 12 1 11 7 12 1 1 1 9 12 1 1 11 12 1 1 7 10 7 12 1 1 1 9 12 1 10 12 1 10 12 1 1 10 7 12 1 1 1 10 7 12 1 1 1 10 12 1 1 10 12 1 1 10 12 1 1 10 12 1 10 12 1 1 100 1 7 1 10 12 1 10 10 7 12 1 1 1 10 7 12 1 1 10 12 1 100 1 10 10 12 10 12 1 1 10 12 1 1 10 12 1 10 12 10 12 1 1 7 1 10 12 1 1 10 12 1 1 10 12 1 100 1 10 11 12 1 1 11 7 12 1 1 1 11 12 1 10 12 1 10 12 1 10 12 1 1 100 1 10 12 1 1 10 10 12 1 1 10 12 1 8 1 8 1 8 1 8 1 10 12 1 1 10 12 1 1 11 12 1 7 1 10 100 12 1 1 10 12 1 10 12 1 1 10 100 12 1 1 10 12 1 10 100 12 1 1 1 11 100 12 1 1 1 10 12 1 100 1 8 1 10 7 1 10 12 1 7 1 10 12 1 10 12 1 1 7 1 10 12 1 10 12 1 1 11 7 12 1 1 7 1 10 12 1 10 12 1 1 11 100 12 1 1 10 12 1 1 10 12 1 1 10 12 1 1 10 12 1 1 11 100 12 1 1 10 12 1 1 7 1 7 1 7 1 1 1 1 5 0 1 3 1 1 1 1 1 1 1 1 1 1 1 1 1 1 1 1 1 1 1 1 1 1 1 1 1 1 1 1 1 1 1 1 1 1 1 1 1 1 1 1 1 1 1 1 1 1 1 1 1 1 1 1 1 1 1 1 1 1 1 1 1 1 1 1 1 1 1 1 1 1 1 1 1 1 1 1 1 1 1 1 1 1 1 1 1 1 1 1 1 1 1 1 1 1 1 1 1 1 1 1 1 1 1 1 100 1 1 1 1 7 1 1 1 1 1 1 1 1 1 1 1 1 1 1 1 1 1 1 1 1 1 1 1 1 1 1 1 1 1 100 1 1 1 1 1 1 1 1 1 1 1 1 1 1 1 1 1 1 100 1 100 1 1 1 1 1 1
staticfield java/util/ArrayList EMPTY_ELEMENTDATA [Ljava/lang/Object; 0 [Ljava/lang/Object;
staticfield java/util/ArrayList DEFAULTCAPACITY_EMPTY_ELEMENTDATA [Ljava/lang/Object; 0 [Ljava/lang/Object;
ciInstanceKlass java/util/RandomAccess 1 0 7 100 1 100 1 1 1
ciInstanceKlass sun/nio/cs/ISO_8859_1 1 1 60 8 1 10 7 12 1 1 1 10 7 12 1 1 1 8 1 100 1 7 1 100 1 10 12 1 100 1 10 10 12 1 9 12 1 1 7 1 1 1 1 1 1 1 1 1 1 1 1 1 1 1 1 1 1 1 1 1 1 1
staticfield sun/nio/cs/ISO_8859_1 INSTANCE Lsun/nio/cs/ISO_8859_1; sun/nio/cs/ISO_8859_1
ciInstanceKlass sun/nio/cs/US_ASCII 1 1 67 8 1 10 7 12 1 1 1 10 7 12 1 1 1 8 1 7 1 100 1 10 12 1 100 1 10 10 12 1 9 12 1 1 10 7 12 1 1 1 9 12 1 1 7 1 1 1 1 1 1 1 1 1 1 1 1 1 1 1 1 1 1 1 1 1 1
staticfield sun/nio/cs/US_ASCII INSTANCE Lsun/nio/cs/US_ASCII; sun/nio/cs/US_ASCII
staticfield sun/nio/cs/US_ASCII JLA Ljdk/internal/access/JavaLangAccess; java/lang/System$2
ciInstanceKlass sun/nio/cs/ArrayDecoder 1 1 25 100 1 100 1 1 1 1 1 1 1 1 1 1 1 1 1 1 1 1 1 1 1 1 1
ciMethod sun/nio/cs/ArrayDecoder isASCIICompatible ()Z 0 0 1 0 -1
ciMethod sun/nio/cs/ArrayDecoder isLatin1Decodable ()Z 0 0 1 0 -1
ciMethod sun/nio/cs/ArrayDecoder decodeToLatin1 ([BII[B)I 0 0 1 0 -1
ciMethod sun/nio/cs/ArrayDecoder decode ([BII[C)I 0 0 1 0 -1
instanceKlass sun/nio/cs/UTF_8$Decoder
instanceKlass sun/nio/cs/SingleByte$Decoder
ciInstanceKlass java/nio/charset/CharsetDecoder 1 1 301 10 7 12 1 1 1 9 7 12 1 1 1 9 7 12 1 1 9 12 1 9 12 1 1 9 12 1 1 100 1 8 1 10 12 1 8 1 8 1 9 12 1 1 9 12 1 1 9 12 1 10 12 1 1 8 1 10 12 1 8 1 10 7 12 1 1 1 8 1 8 1 10 12 1 8 1 10 12 1 1 10 12 1 10 12 1 1 10 12 1 1 7 1 100 1 10 12 1 10 7 12 1 1 1 10 12 1 10 100 12 1 1 10 12 1 10 12 1 1 10 12 1 10 12 1 9 12 1 1 100 1 10 12 1 1 10 12 1 9 12 1 10 100 1 9 12 1 1 10 12 1 1 9 12 1 10 12 1 10 10 12 1 10 10 12 1 1 9 12 1 10 12 1 10 12 1 100 1 3 10 100 12 1 1 1 10 12 1 1 10 12 1 1 10 12 1 1 10 12 1 10 12 1 1 10 12 1 1 10 12 1 10 12 1 100 1 10 100 1 7 1 10 8 1 10 12 1 1 9 12 1 1 8 1 10 10 10 7 12 1 1 8 1 8 1 8 1 8 1 1 1 3 1 3 1 3 1 3 1 1 1 1 1 1 1 100 1 1 1 1 1 1 1 1 1 1 1 1 1 1 1 1 1 1 1 1 1 1 1 1 100 1 1 1 1 1 1 1 1 1
staticfield java/nio/charset/CharsetDecoder $assertionsDisabled Z 1
ciMethod java/nio/charset/CharsetDecoder maxCharsPerByte ()F 0 0 1 0 -1
ciMethod java/nio/charset/CharsetDecoder onMalformedInput (Ljava/nio/charset/CodingErrorAction;)Ljava/nio/charset/CharsetDecoder; 0 0 1 0 -1
ciMethod java/nio/charset/CharsetDecoder onUnmappableCharacter (Ljava/nio/charset/CodingErrorAction;)Ljava/nio/charset/CharsetDecoder; 0 0 1 0 -1
ciInstanceKlass java/nio/charset/CodingErrorAction 1 1 38 10 7 12 1 1 1 9 7 12 1 1 1 8 1 10 12 1 9 12 1 8 1 9 12 8 1 9 12 1 1 1 1 1 1 1 1 1
staticfield java/nio/charset/CodingErrorAction IGNORE Ljava/nio/charset/CodingErrorAction; java/nio/charset/CodingErrorAction
staticfield java/nio/charset/CodingErrorAction REPLACE Ljava/nio/charset/CodingErrorAction; java/nio/charset/CodingErrorAction
staticfield java/nio/charset/CodingErrorAction REPORT Ljava/nio/charset/CodingErrorAction; java/nio/charset/CodingErrorAction
instanceKlass java/nio/MappedByteBuffer
instanceKlass java/nio/HeapByteBuffer
ciInstanceKlass java/nio/ByteBuffer 1 1 446 10 7 12 1 1 1 9 7 12 1 1 1 10 7 12 1 1 1 9 12 1 1 9 12 1 9 12 1 1 9 12 1 1 10 12 1 10 12 1 7 1 10 12 1 10 12 1 1 7 1 10 12 1 10 12 1 100 1 100 1 10 12 1 10 12 1 1 10 7 12 1 1 1 10 12 1 1 10 12 1 100 1 10 10 12 1 1 10 12 1 10 12 1 10 12 100 1 5 0 9 12 1 1 9 12 1 9 12 1 1 10 12 1 1 10 12 1 1 10 7 12 1 1 1 10 7 12 1 1 1 10 12 1 10 12 1 1 10 12 1 1 100 1 10 100 1 10 10 12 1 1 9 12 1 10 12 1 100 1 10 10 12 1 10 12 1 10 12 10 12 1 9 12 100 1 10 10 12 1 10 12 10 12 1 1 10 12 1 10 12 1 10 12 1 10 12 1 7 1 10 10 7 12 1 1 1 10 7 12 1 1 1 10 12 1 1 8 1 10 12 1 8 1 8 1 10 12 1 8 1 10 12 1 10 7 12 1 1 1 10 100 12 1 1 1 10 12 1 1 10 7 1 9 12 1 8 1 10 12 1 8 1 8 1 10 10 12 1 10 12 1 1 10 12 1 1 10 12 10 12 1 1 10 12 10 12 10 12 10 12 10 12 10 12 10 12 1 1 10 12 1 9 12 1 1 7 10 7 12 1 1 1 7 1 1 1 1 1 1 1 1 1 1 1 1 100 1 1 1 1 1 1 1 1 1 1 1 1 1 1 1 1 1 1 1 1 1 7 1 1 1 1 1 1 1 1 1 1 1 1 1 1 1 1 1 1 1 1 1 1 1 1 1 1 1 1 1 1 1 1 1 1 1 1 1 1 1 1 1 1 1 1 1 1 1 1 1 1 1 1 1 1 1 1 1 1 1 1 1 1 1 1 1 1 1 1 1 1 1 1 1 1 1 1 1 1 1 1 1 1 1 1 1 1 1 1 1 1 1 1 1 1 1 100 1
staticfield java/nio/ByteBuffer ARRAY_BASE_OFFSET J 16
staticfield java/nio/ByteBuffer $assertionsDisabled Z 1
ciMethod java/nio/ByteBuffer get ([B)Ljava/nio/ByteBuffer; 512 0 5508 0 0
ciMethod java/nio/ByteBuffer get ([BII)Ljava/nio/ByteBuffer; 6 0 3 0 -1
ciMethod java/nio/ByteBuffer position (I)Ljava/nio/ByteBuffer; 512 0 18812 0 176
ciInstanceKlass java/lang/annotation/Annotation 1 0 17 100 1 100 1 1 1 1 1 1 1 1 1 1 1 1 1
ciInstanceKlass java/util/function/BiFunction 1 1 65 10 100 12 1 1 1 18 12 1 1 11 7 12 1 1 11 100 12 1 7 1 1 1 1 1 1 1 1 1 1 1 1 1 1 1 1 1 1 1 1 1 1 1 1 1 1 1 16 15 11 12 15 10 100 12 1 1 1 1 100 1 100 1 1
ciInstanceKlass java/nio/charset/StandardCharsets 1 1 68 10 7 12 1 1 1 100 1 8 1 10 12 1 9 7 12 1 1 1 9 7 12 1 1 1 9 7 12 1 1 9 12 1 9 7 12 1 1 9 12 1 7 1 10 9 12 1 7 1 10 9 12 1 7 1 10 9 12 1 1 1 1 1 1 1 1 1
staticfield java/nio/charset/StandardCharsets US_ASCII Ljava/nio/charset/Charset; sun/nio/cs/US_ASCII
staticfield java/nio/charset/StandardCharsets ISO_8859_1 Ljava/nio/charset/Charset; sun/nio/cs/ISO_8859_1
staticfield java/nio/charset/StandardCharsets UTF_8 Ljava/nio/charset/Charset; sun/nio/cs/UTF_8
staticfield java/nio/charset/StandardCharsets UTF_16BE Ljava/nio/charset/Charset; sun/nio/cs/UTF_16BE
staticfield java/nio/charset/StandardCharsets UTF_16LE Ljava/nio/charset/Charset; sun/nio/cs/UTF_16LE
staticfield java/nio/charset/StandardCharsets UTF_16 Ljava/nio/charset/Charset; sun/nio/cs/UTF_16
ciInstanceKlass sun/nio/cs/MS1252 1 1 80 8 1 10 7 12 1 1 1 10 7 12 1 1 1 8 1 10 12 1 1 8 1 10 7 12 1 1 1 7 1 7 1 9 7 12 1 1 1 10 12 1 100 1 9 12 1 9 12 1 10 12 1 7 1 1 1 1 1 1 1 1 1 1 1 1 1 1 1 1 1 1 1 1 1 100 1 1 1 1
ciInstanceKlass sun/nio/cs/SingleByte$Decoder 1 1 170 100 1 10 7 12 1 1 1 3 9 7 12 1 1 1 9 12 1 1 9 12 1 1 9 12 1 10 100 12 1 1 1 10 12 1 1 10 12 1 10 12 1 10 100 12 1 1 10 10 10 9 100 12 1 1 1 9 12 1 9 100 12 1 1 1 10 100 12 1 1 1 11 100 12 1 1 1 10 12 1 1 10 12 1 1 10 12 1 1 10 12 1 1 10 12 1 1 10 12 1 10 10 12 1 1 10 12 1 10 10 12 1 1 10 12 1 10 7 12 1 1 100 1 1 1 1 1 1 1 1 1 1 1 1 1 1 1 1 1 1 1 1 1 1 1 1 1 1 1 100 100 1 100 1 1 1 1 1 1 1 1 1 1 1 1 1 1 1 1
ciInstanceKlass java/nio/HeapByteBuffer 1 1 360 10 7 12 1 1 1 9 7 12 1 1 1 9 12 1 9 12 1 10 12 1 1 10 12 1 9 12 1 1 9 12 1 1 9 12 1 1 10 12 1 10 7 12 1 1 1 10 12 1 10 12 1 100 1 10 10 12 1 10 12 1 1 10 12 1 10 12 1 1 100 1 10 12 10 7 12 1 1 1 10 12 1 10 12 1 100 1 10 10 12 1 1 10 12 1 9 12 1 1 100 1 10 10 12 10 12 1 9 12 1 1 10 12 1 1 10 12 10 12 1 1 9 12 1 10 7 12 1 1 1 10 12 1 10 12 10 12 1 1 100 1 10 12 1 100 1 10 10 12 1 1 10 12 1 1 100 1 10 100 1 10 10 12 1 1 10 12 1 1 100 1 10 100 1 10 10 12 1 1 10 12 1 1 100 1 10 100 1 10 10 100 12 1 1 1 10 12 1 1 100 1 10 100 1 10 10 100 12 1 1 1 10 12 1 1 100 1 10 100 1 10 10 12 1 1 10 12 1 1 10 12 10 7 12 1 1 1 9 12 1 1 7 10 7 12 1 1 1 10 12 1 1 1 1 1 1 1 1 1 1 1 1 1 1 1 1 1 1 1 1 1 1 1 1 1 1 1 1 1 1 1 1 1 1 1 1 1 1 1 1 1 1 1 1 1 1 1 1 1 1 1 100 1 1 1 1 1 1 1 1 1 1 100 1 1 1 1 1 100 1 1 1 1 1 1 1 1 1 100 1 1 1 1 1 1 1 1 1 1 100 1 1 1 1 1 1 1 1 1 1 100 1 1 1 1 1 1 1 1
staticfield java/nio/HeapByteBuffer ARRAY_BASE_OFFSET J 16
staticfield java/nio/HeapByteBuffer ARRAY_INDEX_SCALE J 1
staticfield java/nio/HeapByteBuffer $assertionsDisabled Z 1
ciMethod java/nio/HeapByteBuffer get ([BII)Ljava/nio/ByteBuffer; 514 0 5377 0 648
ciMethod java/nio/HeapByteBuffer ix (I)I 554 0 24363 0 88
ciMethod jdk/internal/util/Preconditions outOfBoundsCheckFromIndexSize (Ljava/util/function/BiFunction;III)Ljava/lang/RuntimeException; 0 0 1 0 -1
ciMethod jdk/internal/util/Preconditions checkFromIndexSize (IIILjava/util/function/BiFunction;)I 520 0 55568 0 168
ciMethod java/util/Arrays copyOfRange ([BII)[B 840 0 19721 0 -1
ciMethod java/util/Arrays copyOf ([BI)[B 252 0 5259 0 -1
ciMethod java/nio/charset/Charset newDecoder ()Ljava/nio/charset/CharsetDecoder; 0 0 1 0 -1
ciMethod java/lang/String decodeWithDecoder (Ljava/nio/charset/CharsetDecoder;[C[BII)I 0 0 1 0 -1
ciMethod java/lang/String scale (IF)I 0 0 1 0 -1
ciMethod java/lang/String decodeUTF8_UTF16 ([BII[BIZ)I 0 0 1 0 -1
ciMethod java/lang/String decode2 (II)C 0 0 1 0 -1
ciMethod java/lang/String <init> ([BLjava/nio/charset/Charset;)V 768 0 5505 0 152
ciMethod java/lang/String <init> (Ljava/nio/charset/Charset;[BII)V 604 0 5422 0 -1
ciMethod java/lang/Class getClassLoader0 ()Ljava/lang/ClassLoader; 200 0 100 0 -1
ciMethod java/lang/Object getClass ()Ljava/lang/Class; 256 0 128 0 -1
ciMethod java/lang/Object <init> ()V 1024 0 1010262 0 -1
ciInstanceKlass java/nio/BufferUnderflowException 0 0 21 10 100 12 1 1 1 100 1 1 1 1 5 0 1 1 1 1 1 1 1
ciInstanceKlass org/apache/kafka/common/protocol/Readable 1 1 117 1 7 1 100 1 1 1 1 1 1 1 1 1 1 1 1 1 1 1 1 1 1 1 1 1 12 11 1 7 1 7 1 1 12 9 1 1 12 10 1 1 1 1 1 1 1 1 1 1 100 1 12 10 1 100 1 12 10 1 100 1 1 12 11 1 1 1 1 1 1 1 1 12 11 1 7 1 1 12 10 1 1 1 1 1 7 12 11 1 12 10 1 12 11 1 100 1 1 12 10 1 12 11 1 100 1 1 12 10 1 1 1 1 1 1 1
ciInstanceKlass java/lang/foreign/MemorySegment$Scope 0 0 31 100 1 100 1 1 1 1 1 1 1 1 1 1 1 1 1 1 1 100 1 1 100 1 1 1 100 1 100 1 1
ciInstanceKlass jdk/internal/foreign/MemorySessionImpl 0 0 326 100 1 100 1 10 12 1 1 11 100 12 1 1 1 100 1 10 100 12 1 1 1 10 12 1 1 9 12 1 1 10 100 12 1 1 1 10 12 1 1 100 1 10 12 1 1 10 12 1 9 12 1 1 10 100 12 1 1 10 100 12 1 9 12 1 1 100 1 10 12 1 100 1 10 100 1 10 12 1 10 100 12 1 1 1 10 100 12 1 1 1 10 12 1 11 100 12 1 1 10 12 1 10 100 12 1 1 1 9 12 1 1 9 12 1 10 12 1 100 1 10 12 1 1 100 1 10 12 1 1 100 1 10 10 12 1 10 100 1 10 12 1 100 1 8 1 10 12 1 8 1 10 12 1 1 10 100 12 1 1 1 8 1 100 1 8 1 10 100 1 8 1 10 9 12 1 1 18 12 1 1 10 12 1 18 10 100 12 1 1 1 8 9 12 1 1 10 100 12 1 1 1 9 12 1 1 100 1 100 1 10 12 1 100 1 1 1 3 1 3 1 3 1 3 1 1 1 1 1 1 1 1 1 1 1 1 1 1 1 1 1 1 1 1 1 1 1 1 1 1 1 1 1 1 1 1 1 1 1 1 1 1 1 1 1 1 1 1 1 1 1 1 1 1 1 1 1 1 1 1 1 1 1 1 1 1 1 1 1 1 1 1 1 1 100 1 100 1 1 1 16 15 10 12 16 15 10 12 15 10 100 12 1 1 1 1 100 1 1 1 1 100 1 1 1
ciInstanceKlass java/lang/foreign/MemorySegment 0 0 449 10 100 12 1 1 1 11 100 12 1 1 1 11 12 1 11 100 12 1 1 1 11 11 12 1 1 11 12 1 1 10 100 12 1 1 1 9 100 12 1 1 1 10 100 12 1 1 1 11 12 1 11 100 12 1 1 1 10 100 12 1 1 1 10 100 12 1 1 1 10 100 12 1 1 1 10 100 12 1 1 10 100 12 1 1 10 100 12 1 1 10 100 12 1 1 10 100 12 1 1 10 100 12 1 1 10 100 12 1 1 1 9 100 12 1 1 1 11 12 1 10 100 1 10 12 1 1 10 100 12 1 1 1 10 12 1 1 100 1 10 10 12 1 10 12 1 100 1 10 10 12 1 10 12 1 100 1 10 10 12 1 10 12 1 100 1 10 10 12 1 10 12 1 100 1 10 10 12 1 10 12 1 100 1 10 10 12 1 10 12 1 100 1 10 10 12 1 10 12 1 100 1 10 10 12 1 10 12 1 8 1 10 12 1 1 11 100 1 11 100 1 11 100 1 11 100 1 11 100 1 11 100 1 11 100 1 11 100 1 11 100 1 10 12 1 10 12 1 10 10 12 1 1 9 12 1 1 100 1 1 1 1 1 1 1 1 1 1 1 1 1 1 1 1 1 1 1 1 1 1 1 1 1 1 1 1 1 1 1 1 1 1 1 1 1 1 1 1 1 1 1 1 1 1 1 1 1 1 1 1 1 1 1 1 1 1 1 1 1 1 1 1 1 1 1 1 1 1 1 1 1 1 1 1 1 1 1 1 1 1 1 1 1 1 1 1 1 1 1 1 1 1 1 1 1 1 1 1 1 1 1 1 1 1 1 1 1 1 1 1 1 1 1 1 1 1 1 1 1 1 1 1 1 1 1 1 1 1 1 1 1 1 1 1 1 1 1 1 1 1 1 1 1 1 1 1 1 1 1 1 1 1 1 1 1 1 1 100 1 1 1 100 1 1 1 1 1 1 1 1 100 1 1 1 1 1 1 1 1 1 1 1 1 100 1 100 1 1
ciInstanceKlass org/apache/kafka/common/protocol/Writable 1 1 96 1 7 1 100 1 1 1 1 1 1 1 1 1 1 1 1 1 1 1 1 1 1 1 1 1 100 1 1 12 10 12 11 1 100 1 100 1 1 12 10 1 8 1 1 12 10 1 1 12 10 1 12 10 1 1 12 10 1 12 10 1 1 1 1 1 1 1 1 1 7 1 1 12 10 12 11 1 12 10 1 1 1 12 11 1 1 1 12 11 1 1 1 1 1 1
ciInstanceKlass org/apache/kafka/common/protocol/ByteBufferAccessor 1 1 182 1 7 1 7 1 100 1 100 1 1 1 1 1 1 12 10 12 9 1 1 1 1 1 7 1 12 10 1 1 1 12 10 1 1 1 12 10 1 1 1 12 10 1 1 1 7 1 12 10 1 1 1 12 10 1 100 1 100 10 1 8 1 1 12 10 1 12 10 1 8 1 8 1 1 12 10 1 12 10 1 12 10 1 1 1 1 1 1 12 10 1 1 1 1 12 10 1 1 12 10 1 12 10 12 10 1 1 1 1 1 1 12 10 1 1 1 1 1 1 12 10 1 1 1 1 12 10 1 1 1 1 12 10 1 1 1 1 12 10 1 1 1 12 10 1 1 12 10 1 1 1 12 10 1 12 10 1 1 12 10 1 1 12 10 1 12 10 1 1 12 10 1 1 12 10 1 1 1 1 1 1
ciMethodData java/util/Objects requireNonNull (Ljava/lang/Object;)Ljava/lang/Object; 2 219752 orig 80 0 0 0 0 0 0 0 0 0 0 0 0 25 2 0 0 0 0 0 0 0 0 0 0 0 0 0 0 0 0 0 0 0 0 0 0 0 0 0 0 0 0 0 0 0 0 0 0 0 0 0 0 0 0 0 0 0 0 0 0 0 0 0 0 0 0 0 0 0 0 0 0 0 0 0 0 0 0 0 0 data 15 0x10007 0x35a6d 0x30 0x0 0x80002 0x0 0x0 0x0 0x0 0x0 0x0 0x0 0x9 0x1 0x0 oops 0 methods 0
ciMethodData java/nio/Buffer session ()Ljdk/internal/foreign/MemorySessionImpl; 2 96968 orig 80 0 0 0 0 0 0 0 0 0 0 0 0 25 2 0 0 0 0 0 0 0 0 0 0 0 0 0 0 0 0 0 0 0 0 0 0 0 0 0 0 0 0 0 0 0 0 0 0 0 0 0 0 0 0 0 0 0 0 0 0 0 0 0 0 0 0 0 0 0 0 0 0 0 0 0 0 0 0 0 0 data 27 0x40007 0x17ac8 0x90 0x0 0xb0004 0x0 0x0 0x0 0x0 0x0 0x0 0xe0005 0x0 0x0 0x0 0x0 0x0 0x0 0x0 0x0 0x0 0x0 0x0 0x0 0x9 0x1 0x0 oops 0 methods 0
ciMethodData jdk/internal/util/Preconditions checkFromIndexSize (IIILjava/util/function/BiFunction;)I 2 55308 orig 80 0 0 0 0 0 0 0 0 0 0 0 0 25 2 0 0 0 0 0 0 0 0 0 0 0 0 0 0 0 0 0 0 0 0 0 0 0 0 0 0 0 0 0 0 0 0 0 0 0 0 0 0 0 0 0 0 0 0 0 0 0 0 0 0 0 0 0 0 0 0 0 0 0 0 0 0 0 0 0 0 data 22 0x50007 0x0 0x40 0xd80c 0xc0007 0xd80c 0x30 0x0 0x130002 0x0 0x0 0x0 0x0 0x0 0x0 0x0 0x9 0x4 0x0 0x0 0x0 0x0 oops 0 methods 0
ciMethodData java/util/Objects checkFromIndexSize (III)I 2 28877 orig 80 0 0 0 0 0 0 0 0 0 0 0 0 25 2 0 0 0 0 0 0 0 0 0 0 0 0 0 0 0 0 0 0 0 0 0 0 0 0 0 0 0 0 0 0 0 0 0 0 0 0 0 0 0 0 0 0 0 0 0 0 0 0 0 0 0 0 0 0 0 0 0 0 0 0 0 0 0 0 0 0 data 13 0x40002 0x70cd 0x0 0x0 0x0 0x0 0x0 0x0 0x9 0x3 0x0 0x0 0x0 oops 0 methods 0
ciMethodData java/lang/String <init> (Ljava/nio/charset/Charset;[BII)V 2 5120 orig 80 0 0 0 0 0 0 0 0 0 0 0 0 25 2 0 0 0 0 0 0 0 0 0 0 0 0 0 0 0 0 0 0 0 0 0 0 0 0 0 0 0 0 0 0 0 0 0 0 0 0 0 0 0 0 0 0 0 0 0 0 0 0 0 0 0 0 0 0 0 0 0 0 0 0 0 0 0 0 0 0 data 378 0x10002 0x1400 0x60007 0x13aa 0x38 0x56 0x1b0003 0x56 0xa70 0x220007 0x2 0x2d8 0x13a8 0x280007 0x0 0x250 0x13a8 0x2f0002 0x13a8 0x380007 0x0 0x30 0x13a8 0x420002 0x13a8 0x5c0007 0x0 0x30 0x0 0x660002 0x0 0x710007 0x0 0xf8 0x0 0x7e0007 0x0 0x38 0x0 0x8c0003 0x0 0xffffffffffffffc0 0x980007 0x0 0x88 0x0 0x9e0007 0x0 0x68 0x0 0xaa0007 0x0 0x48 0x0 0xb80002 0x0 0xc00003 0x0 0xffffffffffffff38 0xc60003 0x0 0x18 0xcc0007 0x0 0x50 0x0 0xd40007 0x0 0x30 0x0 0xdb0002 0x0 0xee0002 0x0 0xfb0002 0x0 0x10b0002 0x0 0x1140007 0x0 0x30 0x0 0x11d0002 0x0 0x12d0003 0x0 0x800 0x1320002 0x0 0x1410002 0x0 0x14a0007 0x0 0x30 0x0 0x1530002 0x0 0x1630003 0x0 0x798 0x16a0007 0x2 0x90 0x0 0x1700007 0x0 0x48 0x0 0x17a0002 0x0 0x1850003 0x0 0x730 0x18d0002 0x0 0x1980003 0x0 0x708 0x19f0007 0x2 0x140 0x0 0x1a50007 0x0 0x78 0x0 0x1ac0002 0x0 0x1af0007 0x0 0x48 0x0 0x1b90002 0x0 0x1c40003 0x0 0x670 0x1c90002 0x0 0x1d50007 0x0 0x80 0x0 0x1e90007 0x0 0x38 0x0 0x1ef0003 0x0 0x18 0x1f40002 0x0 0x1f70003 0x0 0xffffffffffffff98 0x2050003 0x0 0x5c8 0x2090005 0x0 0x0 0x21977c57010 0x2 0x0 0x0 0x2100004 0x0 0x0 0x21977c570c0 0x2 0x0 0x0 0x2130007 0x0 0x320 0x2 0x2180004 0x0 0x0 0x21977c570c0 0x2 0x0 0x0 0x21f0005 0x0 0x0 0x0 0x0 0x0 0x0 0x2240007 0x0 0x90 0x2 0x22b0002 0x2 0x22e0007 0x0 0x60 0x2 0x2340007 0x0 0x30 0x2 0x23e0002 0x2 0x24f0002 0x0 0x25e0007 0x0 0xb0 0x0 0x2630005 0x0 0x0 0x0 0x0 0x0 0x0 0x2680007 0x0 0x58 0x0 0x2790005 0x0 0x0 0x0 0x0 0x0 0x0 0x28f0005 0x0 0x0 0x0 0x0 0x0 0x0 0x2920002 0x0 0x29c0005 0x0 0x0 0x0 0x0 0x0 0x0 0x2a20005 0x0 0x0 0x0 0x0 0x0 0x0 0x2b40005 0x0 0x0 0x0 0x0 0x0 0x0 0x2be0007 0x0 0x50 0x0 0x2c60002 0x0 0x2cd0007 0x0 0x20 0x0 0x2e70002 0x0 0x2f20005 0x0 0x0 0x0 0x0 0x0 0x0 0x2f50002 0x0 0x2ff0005 0x0 0x0 0x0 0x0 0x0 0x0 0x3050005 0x0 0x0 0x0 0x0 0x0 0x0 0x3100005 0x0 0x0 0x0 0x0 0x0 0x0 0x3130005 0x0 0x0 0x0 0x0 0x0 0x0 0x3160007 0x0 0x60 0x0 0x3190002 0x0 0x31c0007 0x0 0x30 0x0 0x3250002 0x0 0x3330002 0x0 0x3380003 0x0 0x28 0x3430002 0x0 0x34a0007 0x0 0x50 0x0 0x3520002 0x0 0x3590007 0x0 0x20 0x0 0x3730002 0x0 0x0 0x0 0x0 0x0 0x0 0x0 0x0 0x0 0x0 0x0 0x0 0x0 0x0 0x0 0x0 0x0 0x0 0x0 0x0 0x0 0x0 0x0 0x0 0x0 0x0 0x0 0x0 0x0 0x0 0x0 0x0 0x9 0x5 0x0 0x0 0x0 0x0 0x0 oops 3 161 sun/nio/cs/MS1252 168 sun/nio/cs/SingleByte$Decoder 179 sun/nio/cs/SingleByte$Decoder methods 0
ciMethodData java/nio/Buffer position (I)Ljava/nio/Buffer; 2 5162 orig 80 0 0 0 0 0 0 0 0 0 0 0 0 25 2 0 0 0 0 0 0 0 0 0 0 0 0 0 0 0 0 0 0 0 0 0 0 0 0 0 0 0 0 0 0 0 0 0 0 0 0 0 0 0 0 0 0 0 0 0 0 0 0 0 0 0 0 0 0 0 0 0 0 0 0 0 0 0 0 0 0 data 39 0x50007 0x142a 0x38 0x0 0x90003 0x0 0x18 0xe0007 0x142a 0x38 0x0 0x120003 0x0 0x18 0x170007 0x142a 0x58 0x0 0x1c0005 0x0 0x0 0x0 0x0 0x0 0x0 0x250007 0x142a 0x20 0x0 0x0 0x0 0x0 0x0 0x0 0x0 0x9 0x2 0x0 0x0 oops 0 methods 0
ciMethodData java/nio/ByteBuffer position (I)Ljava/nio/ByteBuffer; 2 18556 orig 80 0 0 0 0 0 0 0 0 0 0 0 0 25 2 0 0 0 0 0 0 0 0 0 0 0 0 0 0 0 0 0 0 0 0 0 0 0 0 0 0 0 0 0 0 0 0 0 0 0 0 0 0 0 0 0 0 0 0 0 0 0 0 0 0 0 0 0 0 0 0 0 0 0 0 0 0 0 0 0 0 data 9 0x20002 0x487c 0x0 0x0 0x0 0x9 0x2 0x0 0x0 oops 0 methods 0
ciMethod org/apache/kafka/common/protocol/Readable readArray (I)[B 0 0 1 0 -1
ciMethod org/apache/kafka/common/protocol/Readable readString (I)Ljava/lang/String; 770 0 5505 0 -1
ciMethodData java/nio/Buffer remaining ()I 2 38563 orig 80 0 0 0 0 0 0 0 0 0 0 0 0 25 2 0 0 0 0 0 0 0 0 0 0 0 0 0 0 0 0 0 0 0 0 0 0 0 0 0 0 0 0 0 0 0 0 0 0 0 0 0 0 0 0 0 0 0 0 0 0 0 0 0 0 0 0 0 0 0 0 0 0 0 0 0 0 0 0 0 0 data 14 0xb0007 0x11d2 0x38 0x84d1 0xf0003 0x84d1 0x18 0x0 0x0 0x0 0x0 0x9 0x1 0x0 oops 0 methods 0
ciMethodData java/nio/HeapByteBuffer ix (I)I 2 24086 orig 80 0 0 0 0 0 0 0 0 0 0 0 0 25 2 0 0 0 0 0 0 0 0 0 0 0 0 0 0 0 0 0 0 0 0 0 0 0 0 0 0 0 0 0 0 0 0 0 0 0 0 0 0 0 0 0 0 0 0 0 0 0 0 0 0 0 0 0 0 0 0 0 0 0 0 0 0 0 0 0 0 data 7 0x0 0x0 0x0 0x9 0x2 0x0 0x0 oops 0 methods 0
ciMethod jdk/internal/foreign/MemorySessionImpl checkValidState ()V 0 0 1 0 -1
ciMethodData java/nio/Buffer checkSession ()V 2 13566 orig 80 0 0 0 0 0 0 0 0 0 0 0 0 25 2 0 0 0 0 0 0 0 0 0 0 0 0 0 0 0 0 0 0 0 0 0 0 0 0 0 0 0 0 0 0 0 0 0 0 0 0 0 0 0 0 0 0 0 0 0 0 0 0 0 0 0 0 0 0 0 0 0 0 0 0 0 0 0 0 0 0 data 27 0x10005 0x34fe 0x0 0x0 0x0 0x0 0x0 0x60007 0x34fe 0x58 0x0 0xa0005 0x0 0x0 0x0 0x0 0x0 0x0 0x0 0x0 0x0 0x0 0x0 0x0 0x9 0x1 0x0 oops 0 methods 0
ciMethodData java/nio/HeapByteBuffer get ([BII)Ljava/nio/ByteBuffer; 2 5120 orig 80 0 0 0 0 0 0 0 0 0 0 0 0 25 2 0 0 0 0 0 0 0 0 0 0 0 0 0 0 0 0 0 0 0 0 0 0 0 0 0 0 0 0 0 0 0 0 0 0 0 0 0 0 0 0 0 0 0 0 0 0 0 0 0 0 0 0 0 0 0 0 0 0 0 0 0 0 0 0 0 0 data 57 0x10005 0x1400 0x0 0x0 0x0 0x0 0x0 0x80002 0x1400 0xd0005 0x1400 0x0 0x0 0x0 0x0 0x0 0x140005 0x1400 0x0 0x0 0x0 0x0 0x0 0x1a0007 0x1400 0x30 0x0 0x210002 0x0 0x2c0005 0x0 0x0 0x219708d5f80 0x1400 0x0 0x0 0x320002 0x1400 0x3a0005 0x0 0x0 0x219708d5f80 0x1400 0x0 0x0 0x0 0x0 0x0 0x0 0x0 0x0 0x9 0x4 0x0 0x0 0x0 0x0 oops 2 32 java/nio/HeapByteBuffer 41 java/nio/HeapByteBuffer methods 0
ciMethodData java/lang/String <init> ([BLjava/nio/charset/Charset;)V 2 5121 orig 80 0 0 0 0 0 0 0 0 0 0 0 0 25 2 0 0 0 0 0 0 0 0 0 0 0 0 0 0 0 0 0 0 0 0 0 0 0 0 0 0 0 0 0 0 0 0 0 0 0 0 0 0 0 0 0 0 0 0 0 0 0 0 0 0 0 0 0 0 0 0 0 0 0 0 0 0 0 0 0 0 data 22 0x20002 0x1401 0x50004 0x0 0x0 0x219703a8180 0x1 0x0 0x0 0xc0002 0x1401 0x0 0x0 0x0 0x0 0x0 0x0 0x9 0x3 0x0 0x0 0x0 oops 1 5 sun/nio/cs/UTF_8 methods 0
ciMethodData java/nio/ByteBuffer get ([B)Ljava/nio/ByteBuffer; 2 5252 orig 80 0 0 0 0 0 0 0 0 0 0 0 0 25 2 0 0 0 0 0 0 0 0 0 0 0 0 0 0 0 0 0 0 0 0 0 0 0 0 0 0 0 0 0 0 0 0 0 0 0 0 0 0 0 0 0 0 0 0 0 0 0 0 0 0 0 0 0 0 0 0 0 0 0 0 0 0 0 0 0 0 data 17 0x50005 0x0 0x0 0x219708d5f80 0x1484 0x0 0x0 0x0 0x0 0x0 0x0 0x0 0x0 0x9 0x2 0x0 0x0 oops 1 3 java/nio/HeapByteBuffer methods 0
ciMethod org/apache/kafka/common/protocol/ByteBufferAccessor readArray (I)[B 770 0 5505 0 0
ciMethodData org/apache/kafka/common/protocol/Readable readString (I)Ljava/lang/String; 2 5120 orig 80 0 0 0 0 0 0 0 0 0 0 0 0 25 2 0 0 0 0 0 0 0 0 0 0 0 0 0 0 0 0 0 0 0 0 0 0 0 0 0 0 0 0 0 0 0 0 0 0 0 0 0 0 0 0 0 0 0 0 0 0 0 0 0 0 0 0 0 0 0 0 0 0 0 0 0 0 0 0 0 0 data 19 0x20005 0x0 0x0 0x219708d2e40 0x1400 0x0 0x0 0x100002 0x1400 0x0 0x0 0x0 0x0 0x0 0x0 0x9 0x2 0x0 0x0 oops 1 3 org/apache/kafka/common/protocol/ByteBufferAccessor methods 0
ciMethodData org/apache/kafka/common/protocol/ByteBufferAccessor readArray (I)[B 2 5120 orig 80 0 0 0 0 0 0 0 0 0 0 0 0 25 2 0 0 0 0 0 0 0 0 0 0 0 0 0 0 0 0 0 0 0 0 0 0 0 0 0 0 0 0 0 0 0 0 0 0 0 0 0 0 0 0 0 0 0 0 0 0 0 0 0 0 0 0 0 0 0 0 0 0 0 0 0 0 0 0 0 0 data 74 0x40005 0x1400 0x0 0x0 0x0 0x0 0x0 0xa0007 0x1400 0x190 0x0 0x150002 0x0 0x1a0005 0x0 0x0 0x0 0x0 0x0 0x0 0x1e0005 0x0 0x0 0x0 0x0 0x0 0x0 0x230005 0x0 0x0 0x0 0x0 0x0 0x0 0x270005 0x0 0x0 0x0 0x0 0x0 0x0 0x2c0005 0x0 0x0 0x0 0x0 0x0 0x0 0x2f0005 0x0 0x0 0x0 0x0 0x0 0x0 0x320002 0x0 0x3f0005 0x0 0x0 0x219708d5f80 0x1400 0x0 0x0 0x0 0x0 0x0 0x0 0x0 0x0 0x9 0x2 0x0 0x0 oops 1 60 java/nio/HeapByteBuffer methods 0
compile org/apache/kafka/common/protocol/Readable readString (I)Ljava/lang/String; -1 4 inline 16 0 -1 0 org/apache/kafka/common/protocol/Readable readString (I)Ljava/lang/String; 1 2 0 org/apache/kafka/common/protocol/ByteBufferAccessor readArray (I)[B 2 4 0 java/nio/Buffer remaining ()I 2 63 0 java/nio/ByteBuffer get ([B)Ljava/nio/ByteBuffer; 3 5 0 java/nio/HeapByteBuffer get ([BII)Ljava/nio/ByteBuffer; 4 1 0 java/nio/Buffer checkSession ()V 5 1 0 java/nio/Buffer session ()Ljdk/internal/foreign/MemorySessionImpl; 4 8 0 java/util/Objects checkFromIndexSize (III)I 5 4 0 jdk/internal/util/Preconditions checkFromIndexSize (IIILjava/util/function/BiFunction;)I 4 13 0 java/nio/Buffer position ()I 4 20 0 java/nio/Buffer limit ()I 4 44 0 java/nio/HeapByteBuffer ix (I)I 4 58 0 java/nio/ByteBuffer position (I)Ljava/nio/ByteBuffer; 5 2 0 java/nio/Buffer position (I)Ljava/nio/Buffer; 1 16 0 java/lang/String <init> ([BLjava/nio/charset/Charset;)V 2 2 0 java/util/Objects requireNonNull (Ljava/lang/Object;)Ljava/lang/Object;
